pv,upper,lower,precision,drive_high,drive_low,scan
LI-RF-MOSC-01:FREQ,500000000.0,499000000.0,1,500000000.0,499000000.0,I/O Intr
LI-RF-MOSC-01:FREQ_SET,499520639.7,499500639.7,1,499520639.7,499500639.7,Passive
SR-DI-EMIT-01:HEMIT,1500.0,-1500.0,3,1500.0,-1500.0,.1 second
SR-DI-EMIT-01:VEMIT,1500.0,-1500.0,3,1500.0,-1500.0,.1 second
SR01-PC-DL1:I,1500.0,-1500.0,3,1500.0,-1500.0,I/O Intr
SR01-PC-DL1:SETI,1500.0,-1500.0,3,1500.0,-1500.0,Passive
SR01-PC-DL2:I,1500.0,-1500.0,3,1500.0,-1500.0,I/O Intr
SR01-PC-DL2:SETI,1500.0,-1500.0,3,1500.0,-1500.0,Passive
SR01-PC-DL3:I,1500.0,-1500.0,3,1500.0,-1500.0,I/O Intr
SR01-PC-DL3:SETI,1500.0,-1500.0,3,1500.0,-1500.0,Passive
SR01-PC-DL4:I,1500.0,-1500.0,3,1500.0,-1500.0,I/O Intr
SR01-PC-DL4:SETI,1500.0,-1500.0,3,1500.0,-1500.0,Passive
SR01C-DI-EBPM-00:SA:X,1500.0,-1500.0,3,1500.0,-1500.0,I/O Intr
SR01C-DI-EBPM-00:SA:Y,1500.0,-1500.0,3,1500.0,-1500.0,I/O Intr
SR01C-DI-EBPM-01:SA:X,1500.0,-1500.0,3,1500.0,-1500.0,I/O Intr
SR01C-DI-EBPM-01:SA:Y,1500.0,-1500.0,3,1500.0,-1500.0,I/O Intr
SR01C-DI-EBPM-02:SA:X,1500.0,-1500.0,3,1500.0,-1500.0,I/O Intr
SR01C-DI-EBPM-02:SA:Y,1500.0,-1500.0,3,1500.0,-1500.0,I/O Intr
SR01C-DI-EBPM-03:SA:X,1500.0,-1500.0,3,1500.0,-1500.0,I/O Intr
SR01C-DI-EBPM-03:SA:Y,1500.0,-1500.0,3,1500.0,-1500.0,I/O Intr
SR01C-DI-EBPM-04:SA:X,1500.0,-1500.0,3,1500.0,-1500.0,I/O Intr
SR01C-DI-EBPM-04:SA:Y,1500.0,-1500.0,3,1500.0,-1500.0,I/O Intr
SR01C-DI-EBPM-05:SA:X,1500.0,-1500.0,3,1500.0,-1500.0,I/O Intr
SR01C-DI-EBPM-05:SA:Y,1500.0,-1500.0,3,1500.0,-1500.0,I/O Intr
SR01C-DI-EBPM-06:SA:X,1500.0,-1500.0,3,1500.0,-1500.0,I/O Intr
SR01C-DI-EBPM-06:SA:Y,1500.0,-1500.0,3,1500.0,-1500.0,I/O Intr
SR01C-DI-EBPM-07:SA:X,1500.0,-1500.0,3,1500.0,-1500.0,I/O Intr
SR01C-DI-EBPM-07:SA:Y,1500.0,-1500.0,3,1500.0,-1500.0,I/O Intr
SR01C-DI-EBPM-08:SA:X,1500.0,-1500.0,3,1500.0,-1500.0,I/O Intr
SR01C-DI-EBPM-08:SA:Y,1500.0,-1500.0,3,1500.0,-1500.0,I/O Intr
SR01C-DI-EBPM-09:SA:X,1500.0,-1500.0,3,1500.0,-1500.0,I/O Intr
SR01C-DI-EBPM-09:SA:Y,1500.0,-1500.0,3,1500.0,-1500.0,I/O Intr
SR01C-DI-EBPM-10:SA:X,1500.0,-1500.0,3,1500.0,-1500.0,I/O Intr
SR01C-DI-EBPM-10:SA:Y,1500.0,-1500.0,3,1500.0,-1500.0,I/O Intr
SR01LM-PC-ABQ-01:I,1500.0,-1500.0,3,1500.0,-1500.0,I/O Intr
SR01LM-PC-ABQ-01:SETI,1500.0,-1500.0,3,1500.0,-1500.0,Passive
SR01LM-PC-ABQ-02:I,1500.0,-1500.0,3,1500.0,-1500.0,I/O Intr
SR01LM-PC-ABQ-02:SETI,1500.0,-1500.0,3,1500.0,-1500.0,Passive
SR01LM-PC-DQ-01:I,1500.0,-1500.0,3,1500.0,-1500.0,I/O Intr
SR01LM-PC-DQ-01:SETI,1500.0,-1500.0,3,1500.0,-1500.0,Passive
SR01LM-PC-HSTR-00:I,1500.0,-1500.0,3,1500.0,-1500.0,I/O Intr
SR01LM-PC-HSTR-00:SETI,1500.0,-1500.0,3,1500.0,-1500.0,Passive
SR01LM-PC-HSTR-01:I,1500.0,-1500.0,3,1500.0,-1500.0,I/O Intr
SR01LM-PC-HSTR-01:SETI,1500.0,-1500.0,3,1500.0,-1500.0,Passive
SR01LM-PC-HSTR-02:I,1500.0,-1500.0,3,1500.0,-1500.0,I/O Intr
SR01LM-PC-HSTR-02:SETI,1500.0,-1500.0,3,1500.0,-1500.0,Passive
SR01LM-PC-HSTR-03:I,1500.0,-1500.0,3,1500.0,-1500.0,I/O Intr
SR01LM-PC-HSTR-03:SETI,1500.0,-1500.0,3,1500.0,-1500.0,Passive
SR01LM-PC-HSTR-05:I,1500.0,-1500.0,3,1500.0,-1500.0,I/O Intr
SR01LM-PC-HSTR-05:SETI,1500.0,-1500.0,3,1500.0,-1500.0,Passive
SR01LM-PC-HSTR-06:I,1500.0,-1500.0,3,1500.0,-1500.0,I/O Intr
SR01LM-PC-HSTR-06:SETI,1500.0,-1500.0,3,1500.0,-1500.0,Passive
SR01LM-PC-HSTR-07:I,1500.0,-1500.0,3,1500.0,-1500.0,I/O Intr
SR01LM-PC-HSTR-07:SETI,1500.0,-1500.0,3,1500.0,-1500.0,Passive
SR01LM-PC-OCT-00:I,1500.0,-1500.0,3,1500.0,-1500.0,I/O Intr
SR01LM-PC-OCT-00:SETI,1500.0,-1500.0,3,1500.0,-1500.0,Passive
SR01LM-PC-OCT-04:I,1500.0,-1500.0,3,1500.0,-1500.0,I/O Intr
SR01LM-PC-OCT-04:SETI,1500.0,-1500.0,3,1500.0,-1500.0,Passive
SR01LM-PC-QUAD-00:I,1500.0,-1500.0,3,1500.0,-1500.0,I/O Intr
SR01LM-PC-QUAD-00:SETI,1500.0,-1500.0,3,1500.0,-1500.0,Passive
SR01LM-PC-QUAD-01:I,1500.0,-1500.0,3,1500.0,-1500.0,I/O Intr
SR01LM-PC-QUAD-01:SETI,1500.0,-1500.0,3,1500.0,-1500.0,Passive
SR01LM-PC-QUAD-02:I,1500.0,-1500.0,3,1500.0,-1500.0,I/O Intr
SR01LM-PC-QUAD-02:SETI,1500.0,-1500.0,3,1500.0,-1500.0,Passive
SR01LM-PC-QUAD-03:I,1500.0,-1500.0,3,1500.0,-1500.0,I/O Intr
SR01LM-PC-QUAD-03:SETI,1500.0,-1500.0,3,1500.0,-1500.0,Passive
SR01LM-PC-QUAD-04:I,1500.0,-1500.0,3,1500.0,-1500.0,I/O Intr
SR01LM-PC-QUAD-04:SETI,1500.0,-1500.0,3,1500.0,-1500.0,Passive
SR01LM-PC-QUAD-05:I,1500.0,-1500.0,3,1500.0,-1500.0,I/O Intr
SR01LM-PC-QUAD-05:SETI,1500.0,-1500.0,3,1500.0,-1500.0,Passive
SR01LM-PC-QUAD-06:I,1500.0,-1500.0,3,1500.0,-1500.0,I/O Intr
SR01LM-PC-QUAD-06:SETI,1500.0,-1500.0,3,1500.0,-1500.0,Passive
SR01LM-PC-SEXT-01:I,1500.0,-1500.0,3,1500.0,-1500.0,I/O Intr
SR01LM-PC-SEXT-01:SETI,1500.0,-1500.0,3,1500.0,-1500.0,Passive
SR01LM-PC-SEXT-02:I,1500.0,-1500.0,3,1500.0,-1500.0,I/O Intr
SR01LM-PC-SEXT-02:SETI,1500.0,-1500.0,3,1500.0,-1500.0,Passive
SR01LM-PC-SEXT-03:I,1500.0,-1500.0,3,1500.0,-1500.0,I/O Intr
SR01LM-PC-SEXT-03:SETI,1500.0,-1500.0,3,1500.0,-1500.0,Passive
SR01LM-PC-SEXT-05:I,1500.0,-1500.0,3,1500.0,-1500.0,I/O Intr
SR01LM-PC-SEXT-05:SETI,1500.0,-1500.0,3,1500.0,-1500.0,Passive
SR01LM-PC-SEXT-06:I,1500.0,-1500.0,3,1500.0,-1500.0,I/O Intr
SR01LM-PC-SEXT-06:SETI,1500.0,-1500.0,3,1500.0,-1500.0,Passive
SR01LM-PC-SEXT-07:I,1500.0,-1500.0,3,1500.0,-1500.0,I/O Intr
SR01LM-PC-SEXT-07:SETI,1500.0,-1500.0,3,1500.0,-1500.0,Passive
SR01LM-PC-SQUAD-01:I,1500.0,-1500.0,3,1500.0,-1500.0,I/O Intr
SR01LM-PC-SQUAD-01:SETI,1500.0,-1500.0,3,1500.0,-1500.0,Passive
SR01LM-PC-SQUAD-02:I,1500.0,-1500.0,3,1500.0,-1500.0,I/O Intr
SR01LM-PC-SQUAD-02:SETI,1500.0,-1500.0,3,1500.0,-1500.0,Passive
SR01LM-PC-SQUAD-03:I,1500.0,-1500.0,3,1500.0,-1500.0,I/O Intr
SR01LM-PC-SQUAD-03:SETI,1500.0,-1500.0,3,1500.0,-1500.0,Passive
SR01LM-PC-SQUAD-05:I,1500.0,-1500.0,3,1500.0,-1500.0,I/O Intr
SR01LM-PC-SQUAD-05:SETI,1500.0,-1500.0,3,1500.0,-1500.0,Passive
SR01LM-PC-SQUAD-06:I,1500.0,-1500.0,3,1500.0,-1500.0,I/O Intr
SR01LM-PC-SQUAD-06:SETI,1500.0,-1500.0,3,1500.0,-1500.0,Passive
SR01LM-PC-SQUAD-07:I,1500.0,-1500.0,3,1500.0,-1500.0,I/O Intr
SR01LM-PC-SQUAD-07:SETI,1500.0,-1500.0,3,1500.0,-1500.0,Passive
SR01LM-PC-VSTR-00:I,1500.0,-1500.0,3,1500.0,-1500.0,I/O Intr
SR01LM-PC-VSTR-00:SETI,1500.0,-1500.0,3,1500.0,-1500.0,Passive
SR01LM-PC-VSTR-01:I,1500.0,-1500.0,3,1500.0,-1500.0,I/O Intr
SR01LM-PC-VSTR-01:SETI,1500.0,-1500.0,3,1500.0,-1500.0,Passive
SR01LM-PC-VSTR-02:I,1500.0,-1500.0,3,1500.0,-1500.0,I/O Intr
SR01LM-PC-VSTR-02:SETI,1500.0,-1500.0,3,1500.0,-1500.0,Passive
SR01LM-PC-VSTR-03:I,1500.0,-1500.0,3,1500.0,-1500.0,I/O Intr
SR01LM-PC-VSTR-03:SETI,1500.0,-1500.0,3,1500.0,-1500.0,Passive
SR01LM-PC-VSTR-05:I,1500.0,-1500.0,3,1500.0,-1500.0,I/O Intr
SR01LM-PC-VSTR-05:SETI,1500.0,-1500.0,3,1500.0,-1500.0,Passive
SR01LM-PC-VSTR-06:I,1500.0,-1500.0,3,1500.0,-1500.0,I/O Intr
SR01LM-PC-VSTR-06:SETI,1500.0,-1500.0,3,1500.0,-1500.0,Passive
SR01LM-PC-VSTR-07:I,1500.0,-1500.0,3,1500.0,-1500.0,I/O Intr
SR01LM-PC-VSTR-07:SETI,1500.0,-1500.0,3,1500.0,-1500.0,Passive
SR01MS-PC-ABQ-03:I,1500.0,-1500.0,3,1500.0,-1500.0,I/O Intr
SR01MS-PC-ABQ-03:SETI,1500.0,-1500.0,3,1500.0,-1500.0,Passive
SR01MS-PC-ABQ-04:I,1500.0,-1500.0,3,1500.0,-1500.0,I/O Intr
SR01MS-PC-ABQ-04:SETI,1500.0,-1500.0,3,1500.0,-1500.0,Passive
SR01MS-PC-DQ-02:I,1500.0,-1500.0,3,1500.0,-1500.0,I/O Intr
SR01MS-PC-DQ-02:SETI,1500.0,-1500.0,3,1500.0,-1500.0,Passive
SR01MS-PC-HSTR-08:I,1500.0,-1500.0,3,1500.0,-1500.0,I/O Intr
SR01MS-PC-HSTR-08:SETI,1500.0,-1500.0,3,1500.0,-1500.0,Passive
SR01MS-PC-HSTR-09:I,1500.0,-1500.0,3,1500.0,-1500.0,I/O Intr
SR01MS-PC-HSTR-09:SETI,1500.0,-1500.0,3,1500.0,-1500.0,Passive
SR01MS-PC-HSTR-10:I,1500.0,-1500.0,3,1500.0,-1500.0,I/O Intr
SR01MS-PC-HSTR-10:SETI,1500.0,-1500.0,3,1500.0,-1500.0,Passive
SR01MS-PC-HSTR-13:I,1500.0,-1500.0,3,1500.0,-1500.0,I/O Intr
SR01MS-PC-HSTR-13:SETI,1500.0,-1500.0,3,1500.0,-1500.0,Passive
SR01MS-PC-HSTR-14:I,1500.0,-1500.0,3,1500.0,-1500.0,I/O Intr
SR01MS-PC-HSTR-14:SETI,1500.0,-1500.0,3,1500.0,-1500.0,Passive
SR01MS-PC-OCT-11:I,1500.0,-1500.0,3,1500.0,-1500.0,I/O Intr
SR01MS-PC-OCT-11:SETI,1500.0,-1500.0,3,1500.0,-1500.0,Passive
SR01MS-PC-QUAD-07:I,1500.0,-1500.0,3,1500.0,-1500.0,I/O Intr
SR01MS-PC-QUAD-07:SETI,1500.0,-1500.0,3,1500.0,-1500.0,Passive
SR01MS-PC-QUAD-08:I,1500.0,-1500.0,3,1500.0,-1500.0,I/O Intr
SR01MS-PC-QUAD-08:SETI,1500.0,-1500.0,3,1500.0,-1500.0,Passive
SR01MS-PC-QUAD-09:I,1500.0,-1500.0,3,1500.0,-1500.0,I/O Intr
SR01MS-PC-QUAD-09:SETI,1500.0,-1500.0,3,1500.0,-1500.0,Passive
SR01MS-PC-QUAD-10:I,1500.0,-1500.0,3,1500.0,-1500.0,I/O Intr
SR01MS-PC-QUAD-10:SETI,1500.0,-1500.0,3,1500.0,-1500.0,Passive
SR01MS-PC-QUAD-11:I,1500.0,-1500.0,3,1500.0,-1500.0,I/O Intr
SR01MS-PC-QUAD-11:SETI,1500.0,-1500.0,3,1500.0,-1500.0,Passive
SR01MS-PC-QUAD-12:I,1500.0,-1500.0,3,1500.0,-1500.0,I/O Intr
SR01MS-PC-QUAD-12:SETI,1500.0,-1500.0,3,1500.0,-1500.0,Passive
SR01MS-PC-SEXT-08:I,1500.0,-1500.0,3,1500.0,-1500.0,I/O Intr
SR01MS-PC-SEXT-08:SETI,1500.0,-1500.0,3,1500.0,-1500.0,Passive
SR01MS-PC-SEXT-09:I,1500.0,-1500.0,3,1500.0,-1500.0,I/O Intr
SR01MS-PC-SEXT-09:SETI,1500.0,-1500.0,3,1500.0,-1500.0,Passive
SR01MS-PC-SEXT-10:I,1500.0,-1500.0,3,1500.0,-1500.0,I/O Intr
SR01MS-PC-SEXT-10:SETI,1500.0,-1500.0,3,1500.0,-1500.0,Passive
SR01MS-PC-SEXT-12:I,1500.0,-1500.0,3,1500.0,-1500.0,I/O Intr
SR01MS-PC-SEXT-12:SETI,1500.0,-1500.0,3,1500.0,-1500.0,Passive
SR01MS-PC-SEXT-13:I,1500.0,-1500.0,3,1500.0,-1500.0,I/O Intr
SR01MS-PC-SEXT-13:SETI,1500.0,-1500.0,3,1500.0,-1500.0,Passive
SR01MS-PC-SEXT-14:I,1500.0,-1500.0,3,1500.0,-1500.0,I/O Intr
SR01MS-PC-SEXT-14:SETI,1500.0,-1500.0,3,1500.0,-1500.0,Passive
SR01MS-PC-SQUAD-08:I,1500.0,-1500.0,3,1500.0,-1500.0,I/O Intr
SR01MS-PC-SQUAD-08:SETI,1500.0,-1500.0,3,1500.0,-1500.0,Passive
SR01MS-PC-SQUAD-09:I,1500.0,-1500.0,3,1500.0,-1500.0,I/O Intr
SR01MS-PC-SQUAD-09:SETI,1500.0,-1500.0,3,1500.0,-1500.0,Passive
SR01MS-PC-SQUAD-10:I,1500.0,-1500.0,3,1500.0,-1500.0,I/O Intr
SR01MS-PC-SQUAD-10:SETI,1500.0,-1500.0,3,1500.0,-1500.0,Passive
SR01MS-PC-SQUAD-12:I,1500.0,-1500.0,3,1500.0,-1500.0,I/O Intr
SR01MS-PC-SQUAD-12:SETI,1500.0,-1500.0,3,1500.0,-1500.0,Passive
SR01MS-PC-SQUAD-13:I,1500.0,-1500.0,3,1500.0,-1500.0,I/O Intr
SR01MS-PC-SQUAD-13:SETI,1500.0,-1500.0,3,1500.0,-1500.0,Passive
SR01MS-PC-SQUAD-14:I,1500.0,-1500.0,3,1500.0,-1500.0,I/O Intr
SR01MS-PC-SQUAD-14:SETI,1500.0,-1500.0,3,1500.0,-1500.0,Passive
SR01MS-PC-VSTR-08:I,1500.0,-1500.0,3,1500.0,-1500.0,I/O Intr
SR01MS-PC-VSTR-08:SETI,1500.0,-1500.0,3,1500.0,-1500.0,Passive
SR01MS-PC-VSTR-09:I,1500.0,-1500.0,3,1500.0,-1500.0,I/O Intr
SR01MS-PC-VSTR-09:SETI,1500.0,-1500.0,3,1500.0,-1500.0,Passive
SR01MS-PC-VSTR-10:I,1500.0,-1500.0,3,1500.0,-1500.0,I/O Intr
SR01MS-PC-VSTR-10:SETI,1500.0,-1500.0,3,1500.0,-1500.0,Passive
SR01MS-PC-VSTR-13:I,1500.0,-1500.0,3,1500.0,-1500.0,I/O Intr
SR01MS-PC-VSTR-13:SETI,1500.0,-1500.0,3,1500.0,-1500.0,Passive
SR01MS-PC-VSTR-14:I,1500.0,-1500.0,3,1500.0,-1500.0,I/O Intr
SR01MS-PC-VSTR-14:SETI,1500.0,-1500.0,3,1500.0,-1500.0,Passive
SR02-PC-DL1:I,1500.0,-1500.0,3,1500.0,-1500.0,I/O Intr
SR02-PC-DL1:SETI,1500.0,-1500.0,3,1500.0,-1500.0,Passive
SR02-PC-DL2:I,1500.0,-1500.0,3,1500.0,-1500.0,I/O Intr
SR02-PC-DL2:SETI,1500.0,-1500.0,3,1500.0,-1500.0,Passive
SR02-PC-DL3:I,1500.0,-1500.0,3,1500.0,-1500.0,I/O Intr
SR02-PC-DL3:SETI,1500.0,-1500.0,3,1500.0,-1500.0,Passive
SR02-PC-DL4:I,1500.0,-1500.0,3,1500.0,-1500.0,I/O Intr
SR02-PC-DL4:SETI,1500.0,-1500.0,3,1500.0,-1500.0,Passive
SR02C-DI-EBPM-01:SA:X,1500.0,-1500.0,3,1500.0,-1500.0,I/O Intr
SR02C-DI-EBPM-01:SA:Y,1500.0,-1500.0,3,1500.0,-1500.0,I/O Intr
SR02C-DI-EBPM-02:SA:X,1500.0,-1500.0,3,1500.0,-1500.0,I/O Intr
SR02C-DI-EBPM-02:SA:Y,1500.0,-1500.0,3,1500.0,-1500.0,I/O Intr
SR02C-DI-EBPM-03:SA:X,1500.0,-1500.0,3,1500.0,-1500.0,I/O Intr
SR02C-DI-EBPM-03:SA:Y,1500.0,-1500.0,3,1500.0,-1500.0,I/O Intr
SR02C-DI-EBPM-04:SA:X,1500.0,-1500.0,3,1500.0,-1500.0,I/O Intr
SR02C-DI-EBPM-04:SA:Y,1500.0,-1500.0,3,1500.0,-1500.0,I/O Intr
SR02C-DI-EBPM-05:SA:X,1500.0,-1500.0,3,1500.0,-1500.0,I/O Intr
SR02C-DI-EBPM-05:SA:Y,1500.0,-1500.0,3,1500.0,-1500.0,I/O Intr
SR02C-DI-EBPM-06:SA:X,1500.0,-1500.0,3,1500.0,-1500.0,I/O Intr
SR02C-DI-EBPM-06:SA:Y,1500.0,-1500.0,3,1500.0,-1500.0,I/O Intr
SR02C-DI-EBPM-07:SA:X,1500.0,-1500.0,3,1500.0,-1500.0,I/O Intr
SR02C-DI-EBPM-07:SA:Y,1500.0,-1500.0,3,1500.0,-1500.0,I/O Intr
SR02C-DI-EBPM-08:SA:X,1500.0,-1500.0,3,1500.0,-1500.0,I/O Intr
SR02C-DI-EBPM-08:SA:Y,1500.0,-1500.0,3,1500.0,-1500.0,I/O Intr
SR02C-DI-EBPM-09:SA:X,1500.0,-1500.0,3,1500.0,-1500.0,I/O Intr
SR02C-DI-EBPM-09:SA:Y,1500.0,-1500.0,3,1500.0,-1500.0,I/O Intr
SR02C-DI-EBPM-10:SA:X,1500.0,-1500.0,3,1500.0,-1500.0,I/O Intr
SR02C-DI-EBPM-10:SA:Y,1500.0,-1500.0,3,1500.0,-1500.0,I/O Intr
SR02MS-PC-ABQ-03:I,1500.0,-1500.0,3,1500.0,-1500.0,I/O Intr
SR02MS-PC-ABQ-03:SETI,1500.0,-1500.0,3,1500.0,-1500.0,Passive
SR02MS-PC-ABQ-04:I,1500.0,-1500.0,3,1500.0,-1500.0,I/O Intr
SR02MS-PC-ABQ-04:SETI,1500.0,-1500.0,3,1500.0,-1500.0,Passive
SR02MS-PC-DQ-02:I,1500.0,-1500.0,3,1500.0,-1500.0,I/O Intr
SR02MS-PC-DQ-02:SETI,1500.0,-1500.0,3,1500.0,-1500.0,Passive
SR02MS-PC-HSTR-08:I,1500.0,-1500.0,3,1500.0,-1500.0,I/O Intr
SR02MS-PC-HSTR-08:SETI,1500.0,-1500.0,3,1500.0,-1500.0,Passive
SR02MS-PC-HSTR-09:I,1500.0,-1500.0,3,1500.0,-1500.0,I/O Intr
SR02MS-PC-HSTR-09:SETI,1500.0,-1500.0,3,1500.0,-1500.0,Passive
SR02MS-PC-HSTR-10:I,1500.0,-1500.0,3,1500.0,-1500.0,I/O Intr
SR02MS-PC-HSTR-10:SETI,1500.0,-1500.0,3,1500.0,-1500.0,Passive
SR02MS-PC-HSTR-12:I,1500.0,-1500.0,3,1500.0,-1500.0,I/O Intr
SR02MS-PC-HSTR-12:SETI,1500.0,-1500.0,3,1500.0,-1500.0,Passive
SR02MS-PC-HSTR-13:I,1500.0,-1500.0,3,1500.0,-1500.0,I/O Intr
SR02MS-PC-HSTR-13:SETI,1500.0,-1500.0,3,1500.0,-1500.0,Passive
SR02MS-PC-HSTR-14:I,1500.0,-1500.0,3,1500.0,-1500.0,I/O Intr
SR02MS-PC-HSTR-14:SETI,1500.0,-1500.0,3,1500.0,-1500.0,Passive
SR02MS-PC-OCT-11:I,1500.0,-1500.0,3,1500.0,-1500.0,I/O Intr
SR02MS-PC-OCT-11:SETI,1500.0,-1500.0,3,1500.0,-1500.0,Passive
SR02MS-PC-QUAD-07:I,1500.0,-1500.0,3,1500.0,-1500.0,I/O Intr
SR02MS-PC-QUAD-07:SETI,1500.0,-1500.0,3,1500.0,-1500.0,Passive
SR02MS-PC-QUAD-08:I,1500.0,-1500.0,3,1500.0,-1500.0,I/O Intr
SR02MS-PC-QUAD-08:SETI,1500.0,-1500.0,3,1500.0,-1500.0,Passive
SR02MS-PC-QUAD-09:I,1500.0,-1500.0,3,1500.0,-1500.0,I/O Intr
SR02MS-PC-QUAD-09:SETI,1500.0,-1500.0,3,1500.0,-1500.0,Passive
SR02MS-PC-QUAD-10:I,1500.0,-1500.0,3,1500.0,-1500.0,I/O Intr
SR02MS-PC-QUAD-10:SETI,1500.0,-1500.0,3,1500.0,-1500.0,Passive
SR02MS-PC-QUAD-11:I,1500.0,-1500.0,3,1500.0,-1500.0,I/O Intr
SR02MS-PC-QUAD-11:SETI,1500.0,-1500.0,3,1500.0,-1500.0,Passive
SR02MS-PC-QUAD-12:I,1500.0,-1500.0,3,1500.0,-1500.0,I/O Intr
SR02MS-PC-QUAD-12:SETI,1500.0,-1500.0,3,1500.0,-1500.0,Passive
SR02MS-PC-SEXT-08:I,1500.0,-1500.0,3,1500.0,-1500.0,I/O Intr
SR02MS-PC-SEXT-08:SETI,1500.0,-1500.0,3,1500.0,-1500.0,Passive
SR02MS-PC-SEXT-09:I,1500.0,-1500.0,3,1500.0,-1500.0,I/O Intr
SR02MS-PC-SEXT-09:SETI,1500.0,-1500.0,3,1500.0,-1500.0,Passive
SR02MS-PC-SEXT-10:I,1500.0,-1500.0,3,1500.0,-1500.0,I/O Intr
SR02MS-PC-SEXT-10:SETI,1500.0,-1500.0,3,1500.0,-1500.0,Passive
SR02MS-PC-SEXT-12:I,1500.0,-1500.0,3,1500.0,-1500.0,I/O Intr
SR02MS-PC-SEXT-12:SETI,1500.0,-1500.0,3,1500.0,-1500.0,Passive
SR02MS-PC-SEXT-13:I,1500.0,-1500.0,3,1500.0,-1500.0,I/O Intr
SR02MS-PC-SEXT-13:SETI,1500.0,-1500.0,3,1500.0,-1500.0,Passive
SR02MS-PC-SEXT-14:I,1500.0,-1500.0,3,1500.0,-1500.0,I/O Intr
SR02MS-PC-SEXT-14:SETI,1500.0,-1500.0,3,1500.0,-1500.0,Passive
SR02MS-PC-SQUAD-08:I,1500.0,-1500.0,3,1500.0,-1500.0,I/O Intr
SR02MS-PC-SQUAD-08:SETI,1500.0,-1500.0,3,1500.0,-1500.0,Passive
SR02MS-PC-SQUAD-09:I,1500.0,-1500.0,3,1500.0,-1500.0,I/O Intr
SR02MS-PC-SQUAD-09:SETI,1500.0,-1500.0,3,1500.0,-1500.0,Passive
SR02MS-PC-SQUAD-10:I,1500.0,-1500.0,3,1500.0,-1500.0,I/O Intr
SR02MS-PC-SQUAD-10:SETI,1500.0,-1500.0,3,1500.0,-1500.0,Passive
SR02MS-PC-SQUAD-12:I,1500.0,-1500.0,3,1500.0,-1500.0,I/O Intr
SR02MS-PC-SQUAD-12:SETI,1500.0,-1500.0,3,1500.0,-1500.0,Passive
SR02MS-PC-SQUAD-13:I,1500.0,-1500.0,3,1500.0,-1500.0,I/O Intr
SR02MS-PC-SQUAD-13:SETI,1500.0,-1500.0,3,1500.0,-1500.0,Passive
SR02MS-PC-SQUAD-14:I,1500.0,-1500.0,3,1500.0,-1500.0,I/O Intr
SR02MS-PC-SQUAD-14:SETI,1500.0,-1500.0,3,1500.0,-1500.0,Passive
SR02MS-PC-VSTR-08:I,1500.0,-1500.0,3,1500.0,-1500.0,I/O Intr
SR02MS-PC-VSTR-08:SETI,1500.0,-1500.0,3,1500.0,-1500.0,Passive
SR02MS-PC-VSTR-09:I,1500.0,-1500.0,3,1500.0,-1500.0,I/O Intr
SR02MS-PC-VSTR-09:SETI,1500.0,-1500.0,3,1500.0,-1500.0,Passive
SR02MS-PC-VSTR-10:I,1500.0,-1500.0,3,1500.0,-1500.0,I/O Intr
SR02MS-PC-VSTR-10:SETI,1500.0,-1500.0,3,1500.0,-1500.0,Passive
SR02MS-PC-VSTR-12:I,1500.0,-1500.0,3,1500.0,-1500.0,I/O Intr
SR02MS-PC-VSTR-12:SETI,1500.0,-1500.0,3,1500.0,-1500.0,Passive
SR02MS-PC-VSTR-13:I,1500.0,-1500.0,3,1500.0,-1500.0,I/O Intr
SR02MS-PC-VSTR-13:SETI,1500.0,-1500.0,3,1500.0,-1500.0,Passive
SR02MS-PC-VSTR-14:I,1500.0,-1500.0,3,1500.0,-1500.0,I/O Intr
SR02MS-PC-VSTR-14:SETI,1500.0,-1500.0,3,1500.0,-1500.0,Passive
SR02SI-PC-HSTR-11:I,1500.0,-1500.0,3,1500.0,-1500.0,I/O Intr
SR02SI-PC-HSTR-11:SETI,1500.0,-1500.0,3,1500.0,-1500.0,Passive
SR02SI-PC-HSTR-12:I,1500.0,-1500.0,3,1500.0,-1500.0,I/O Intr
SR02SI-PC-HSTR-12:SETI,1500.0,-1500.0,3,1500.0,-1500.0,Passive
SR02SI-PC-VSTR-11:I,1500.0,-1500.0,3,1500.0,-1500.0,I/O Intr
SR02SI-PC-VSTR-11:SETI,1500.0,-1500.0,3,1500.0,-1500.0,Passive
SR02SI-PC-VSTR-12:I,1500.0,-1500.0,3,1500.0,-1500.0,I/O Intr
SR02SI-PC-VSTR-12:SETI,1500.0,-1500.0,3,1500.0,-1500.0,Passive
SR02SK-PC-HSTR-11:I,1500.0,-1500.0,3,1500.0,-1500.0,I/O Intr
SR02SK-PC-HSTR-11:SETI,1500.0,-1500.0,3,1500.0,-1500.0,Passive
SR02SK-PC-HSTR-12:I,1500.0,-1500.0,3,1500.0,-1500.0,I/O Intr
SR02SK-PC-HSTR-12:SETI,1500.0,-1500.0,3,1500.0,-1500.0,Passive
SR02SK-PC-VSTR-11:I,1500.0,-1500.0,3,1500.0,-1500.0,I/O Intr
SR02SK-PC-VSTR-11:SETI,1500.0,-1500.0,3,1500.0,-1500.0,Passive
SR02SK-PC-VSTR-12:I,1500.0,-1500.0,3,1500.0,-1500.0,I/O Intr
SR02SK-PC-VSTR-12:SETI,1500.0,-1500.0,3,1500.0,-1500.0,Passive
SR02SM-PC-ABQ-01:I,1500.0,-1500.0,3,1500.0,-1500.0,I/O Intr
SR02SM-PC-ABQ-01:SETI,1500.0,-1500.0,3,1500.0,-1500.0,Passive
SR02SM-PC-ABQ-02:I,1500.0,-1500.0,3,1500.0,-1500.0,I/O Intr
SR02SM-PC-ABQ-02:SETI,1500.0,-1500.0,3,1500.0,-1500.0,Passive
SR02SM-PC-DQ-01:I,1500.0,-1500.0,3,1500.0,-1500.0,I/O Intr
SR02SM-PC-DQ-01:SETI,1500.0,-1500.0,3,1500.0,-1500.0,Passive
SR02SM-PC-HSTR-01:I,1500.0,-1500.0,3,1500.0,-1500.0,I/O Intr
SR02SM-PC-HSTR-01:SETI,1500.0,-1500.0,3,1500.0,-1500.0,Passive
SR02SM-PC-HSTR-02:I,1500.0,-1500.0,3,1500.0,-1500.0,I/O Intr
SR02SM-PC-HSTR-02:SETI,1500.0,-1500.0,3,1500.0,-1500.0,Passive
SR02SM-PC-HSTR-03:I,1500.0,-1500.0,3,1500.0,-1500.0,I/O Intr
SR02SM-PC-HSTR-03:SETI,1500.0,-1500.0,3,1500.0,-1500.0,Passive
SR02SM-PC-HSTR-05:I,1500.0,-1500.0,3,1500.0,-1500.0,I/O Intr
SR02SM-PC-HSTR-05:SETI,1500.0,-1500.0,3,1500.0,-1500.0,Passive
SR02SM-PC-HSTR-06:I,1500.0,-1500.0,3,1500.0,-1500.0,I/O Intr
SR02SM-PC-HSTR-06:SETI,1500.0,-1500.0,3,1500.0,-1500.0,Passive
SR02SM-PC-HSTR-07:I,1500.0,-1500.0,3,1500.0,-1500.0,I/O Intr
SR02SM-PC-HSTR-07:SETI,1500.0,-1500.0,3,1500.0,-1500.0,Passive
SR02SM-PC-OCT-04:I,1500.0,-1500.0,3,1500.0,-1500.0,I/O Intr
SR02SM-PC-OCT-04:SETI,1500.0,-1500.0,3,1500.0,-1500.0,Passive
SR02SM-PC-QUAD-01:I,1500.0,-1500.0,3,1500.0,-1500.0,I/O Intr
SR02SM-PC-QUAD-01:SETI,1500.0,-1500.0,3,1500.0,-1500.0,Passive
SR02SM-PC-QUAD-02:I,1500.0,-1500.0,3,1500.0,-1500.0,I/O Intr
SR02SM-PC-QUAD-02:SETI,1500.0,-1500.0,3,1500.0,-1500.0,Passive
SR02SM-PC-QUAD-03:I,1500.0,-1500.0,3,1500.0,-1500.0,I/O Intr
SR02SM-PC-QUAD-03:SETI,1500.0,-1500.0,3,1500.0,-1500.0,Passive
SR02SM-PC-QUAD-04:I,1500.0,-1500.0,3,1500.0,-1500.0,I/O Intr
SR02SM-PC-QUAD-04:SETI,1500.0,-1500.0,3,1500.0,-1500.0,Passive
SR02SM-PC-QUAD-05:I,1500.0,-1500.0,3,1500.0,-1500.0,I/O Intr
SR02SM-PC-QUAD-05:SETI,1500.0,-1500.0,3,1500.0,-1500.0,Passive
SR02SM-PC-QUAD-06:I,1500.0,-1500.0,3,1500.0,-1500.0,I/O Intr
SR02SM-PC-QUAD-06:SETI,1500.0,-1500.0,3,1500.0,-1500.0,Passive
SR02SM-PC-SEXT-01:I,1500.0,-1500.0,3,1500.0,-1500.0,I/O Intr
SR02SM-PC-SEXT-01:SETI,1500.0,-1500.0,3,1500.0,-1500.0,Passive
SR02SM-PC-SEXT-02:I,1500.0,-1500.0,3,1500.0,-1500.0,I/O Intr
SR02SM-PC-SEXT-02:SETI,1500.0,-1500.0,3,1500.0,-1500.0,Passive
SR02SM-PC-SEXT-03:I,1500.0,-1500.0,3,1500.0,-1500.0,I/O Intr
SR02SM-PC-SEXT-03:SETI,1500.0,-1500.0,3,1500.0,-1500.0,Passive
SR02SM-PC-SEXT-05:I,1500.0,-1500.0,3,1500.0,-1500.0,I/O Intr
SR02SM-PC-SEXT-05:SETI,1500.0,-1500.0,3,1500.0,-1500.0,Passive
SR02SM-PC-SEXT-06:I,1500.0,-1500.0,3,1500.0,-1500.0,I/O Intr
SR02SM-PC-SEXT-06:SETI,1500.0,-1500.0,3,1500.0,-1500.0,Passive
SR02SM-PC-SEXT-07:I,1500.0,-1500.0,3,1500.0,-1500.0,I/O Intr
SR02SM-PC-SEXT-07:SETI,1500.0,-1500.0,3,1500.0,-1500.0,Passive
SR02SM-PC-SQUAD-01:I,1500.0,-1500.0,3,1500.0,-1500.0,I/O Intr
SR02SM-PC-SQUAD-01:SETI,1500.0,-1500.0,3,1500.0,-1500.0,Passive
SR02SM-PC-SQUAD-02:I,1500.0,-1500.0,3,1500.0,-1500.0,I/O Intr
SR02SM-PC-SQUAD-02:SETI,1500.0,-1500.0,3,1500.0,-1500.0,Passive
SR02SM-PC-SQUAD-03:I,1500.0,-1500.0,3,1500.0,-1500.0,I/O Intr
SR02SM-PC-SQUAD-03:SETI,1500.0,-1500.0,3,1500.0,-1500.0,Passive
SR02SM-PC-SQUAD-05:I,1500.0,-1500.0,3,1500.0,-1500.0,I/O Intr
SR02SM-PC-SQUAD-05:SETI,1500.0,-1500.0,3,1500.0,-1500.0,Passive
SR02SM-PC-SQUAD-06:I,1500.0,-1500.0,3,1500.0,-1500.0,I/O Intr
SR02SM-PC-SQUAD-06:SETI,1500.0,-1500.0,3,1500.0,-1500.0,Passive
SR02SM-PC-SQUAD-07:I,1500.0,-1500.0,3,1500.0,-1500.0,I/O Intr
SR02SM-PC-SQUAD-07:SETI,1500.0,-1500.0,3,1500.0,-1500.0,Passive
SR02SM-PC-VSTR-01:I,1500.0,-1500.0,3,1500.0,-1500.0,I/O Intr
SR02SM-PC-VSTR-01:SETI,1500.0,-1500.0,3,1500.0,-1500.0,Passive
SR02SM-PC-VSTR-02:I,1500.0,-1500.0,3,1500.0,-1500.0,I/O Intr
SR02SM-PC-VSTR-02:SETI,1500.0,-1500.0,3,1500.0,-1500.0,Passive
SR02SM-PC-VSTR-03:I,1500.0,-1500.0,3,1500.0,-1500.0,I/O Intr
SR02SM-PC-VSTR-03:SETI,1500.0,-1500.0,3,1500.0,-1500.0,Passive
SR02SM-PC-VSTR-05:I,1500.0,-1500.0,3,1500.0,-1500.0,I/O Intr
SR02SM-PC-VSTR-05:SETI,1500.0,-1500.0,3,1500.0,-1500.0,Passive
SR02SM-PC-VSTR-06:I,1500.0,-1500.0,3,1500.0,-1500.0,I/O Intr
SR02SM-PC-VSTR-06:SETI,1500.0,-1500.0,3,1500.0,-1500.0,Passive
SR02SM-PC-VSTR-07:I,1500.0,-1500.0,3,1500.0,-1500.0,I/O Intr
SR02SM-PC-VSTR-07:SETI,1500.0,-1500.0,3,1500.0,-1500.0,Passive
SR03-PC-DL1:I,1500.0,-1500.0,3,1500.0,-1500.0,I/O Intr
SR03-PC-DL1:SETI,1500.0,-1500.0,3,1500.0,-1500.0,Passive
SR03-PC-DL2:I,1500.0,-1500.0,3,1500.0,-1500.0,I/O Intr
SR03-PC-DL2:SETI,1500.0,-1500.0,3,1500.0,-1500.0,Passive
SR03-PC-DL3:I,1500.0,-1500.0,3,1500.0,-1500.0,I/O Intr
SR03-PC-DL3:SETI,1500.0,-1500.0,3,1500.0,-1500.0,Passive
SR03-PC-DL4:I,1500.0,-1500.0,3,1500.0,-1500.0,I/O Intr
SR03-PC-DL4:SETI,1500.0,-1500.0,3,1500.0,-1500.0,Passive
SR03C-DI-EBPM-01:SA:X,1500.0,-1500.0,3,1500.0,-1500.0,I/O Intr
SR03C-DI-EBPM-01:SA:Y,1500.0,-1500.0,3,1500.0,-1500.0,I/O Intr
SR03C-DI-EBPM-02:SA:X,1500.0,-1500.0,3,1500.0,-1500.0,I/O Intr
SR03C-DI-EBPM-02:SA:Y,1500.0,-1500.0,3,1500.0,-1500.0,I/O Intr
SR03C-DI-EBPM-03:SA:X,1500.0,-1500.0,3,1500.0,-1500.0,I/O Intr
SR03C-DI-EBPM-03:SA:Y,1500.0,-1500.0,3,1500.0,-1500.0,I/O Intr
SR03C-DI-EBPM-04:SA:X,1500.0,-1500.0,3,1500.0,-1500.0,I/O Intr
SR03C-DI-EBPM-04:SA:Y,1500.0,-1500.0,3,1500.0,-1500.0,I/O Intr
SR03C-DI-EBPM-05:SA:X,1500.0,-1500.0,3,1500.0,-1500.0,I/O Intr
SR03C-DI-EBPM-05:SA:Y,1500.0,-1500.0,3,1500.0,-1500.0,I/O Intr
SR03C-DI-EBPM-06:SA:X,1500.0,-1500.0,3,1500.0,-1500.0,I/O Intr
SR03C-DI-EBPM-06:SA:Y,1500.0,-1500.0,3,1500.0,-1500.0,I/O Intr
SR03C-DI-EBPM-07:SA:X,1500.0,-1500.0,3,1500.0,-1500.0,I/O Intr
SR03C-DI-EBPM-07:SA:Y,1500.0,-1500.0,3,1500.0,-1500.0,I/O Intr
SR03C-DI-EBPM-08:SA:X,1500.0,-1500.0,3,1500.0,-1500.0,I/O Intr
SR03C-DI-EBPM-08:SA:Y,1500.0,-1500.0,3,1500.0,-1500.0,I/O Intr
SR03C-DI-EBPM-09:SA:X,1500.0,-1500.0,3,1500.0,-1500.0,I/O Intr
SR03C-DI-EBPM-09:SA:Y,1500.0,-1500.0,3,1500.0,-1500.0,I/O Intr
SR03C-DI-EBPM-10:SA:X,1500.0,-1500.0,3,1500.0,-1500.0,I/O Intr
SR03C-DI-EBPM-10:SA:Y,1500.0,-1500.0,3,1500.0,-1500.0,I/O Intr
SR03MS-PC-ABQ-03:I,1500.0,-1500.0,3,1500.0,-1500.0,I/O Intr
SR03MS-PC-ABQ-03:SETI,1500.0,-1500.0,3,1500.0,-1500.0,Passive
SR03MS-PC-ABQ-04:I,1500.0,-1500.0,3,1500.0,-1500.0,I/O Intr
SR03MS-PC-ABQ-04:SETI,1500.0,-1500.0,3,1500.0,-1500.0,Passive
SR03MS-PC-DQ-02:I,1500.0,-1500.0,3,1500.0,-1500.0,I/O Intr
SR03MS-PC-DQ-02:SETI,1500.0,-1500.0,3,1500.0,-1500.0,Passive
SR03MS-PC-HSTR-08:I,1500.0,-1500.0,3,1500.0,-1500.0,I/O Intr
SR03MS-PC-HSTR-08:SETI,1500.0,-1500.0,3,1500.0,-1500.0,Passive
SR03MS-PC-HSTR-09:I,1500.0,-1500.0,3,1500.0,-1500.0,I/O Intr
SR03MS-PC-HSTR-09:SETI,1500.0,-1500.0,3,1500.0,-1500.0,Passive
SR03MS-PC-HSTR-10:I,1500.0,-1500.0,3,1500.0,-1500.0,I/O Intr
SR03MS-PC-HSTR-10:SETI,1500.0,-1500.0,3,1500.0,-1500.0,Passive
SR03MS-PC-HSTR-12:I,1500.0,-1500.0,3,1500.0,-1500.0,I/O Intr
SR03MS-PC-HSTR-12:SETI,1500.0,-1500.0,3,1500.0,-1500.0,Passive
SR03MS-PC-HSTR-13:I,1500.0,-1500.0,3,1500.0,-1500.0,I/O Intr
SR03MS-PC-HSTR-13:SETI,1500.0,-1500.0,3,1500.0,-1500.0,Passive
SR03MS-PC-HSTR-14:I,1500.0,-1500.0,3,1500.0,-1500.0,I/O Intr
SR03MS-PC-HSTR-14:SETI,1500.0,-1500.0,3,1500.0,-1500.0,Passive
SR03MS-PC-OCT-11:I,1500.0,-1500.0,3,1500.0,-1500.0,I/O Intr
SR03MS-PC-OCT-11:SETI,1500.0,-1500.0,3,1500.0,-1500.0,Passive
SR03MS-PC-QUAD-07:I,1500.0,-1500.0,3,1500.0,-1500.0,I/O Intr
SR03MS-PC-QUAD-07:SETI,1500.0,-1500.0,3,1500.0,-1500.0,Passive
SR03MS-PC-QUAD-08:I,1500.0,-1500.0,3,1500.0,-1500.0,I/O Intr
SR03MS-PC-QUAD-08:SETI,1500.0,-1500.0,3,1500.0,-1500.0,Passive
SR03MS-PC-QUAD-09:I,1500.0,-1500.0,3,1500.0,-1500.0,I/O Intr
SR03MS-PC-QUAD-09:SETI,1500.0,-1500.0,3,1500.0,-1500.0,Passive
SR03MS-PC-QUAD-10:I,1500.0,-1500.0,3,1500.0,-1500.0,I/O Intr
SR03MS-PC-QUAD-10:SETI,1500.0,-1500.0,3,1500.0,-1500.0,Passive
SR03MS-PC-QUAD-11:I,1500.0,-1500.0,3,1500.0,-1500.0,I/O Intr
SR03MS-PC-QUAD-11:SETI,1500.0,-1500.0,3,1500.0,-1500.0,Passive
SR03MS-PC-QUAD-12:I,1500.0,-1500.0,3,1500.0,-1500.0,I/O Intr
SR03MS-PC-QUAD-12:SETI,1500.0,-1500.0,3,1500.0,-1500.0,Passive
SR03MS-PC-SEXT-08:I,1500.0,-1500.0,3,1500.0,-1500.0,I/O Intr
SR03MS-PC-SEXT-08:SETI,1500.0,-1500.0,3,1500.0,-1500.0,Passive
SR03MS-PC-SEXT-09:I,1500.0,-1500.0,3,1500.0,-1500.0,I/O Intr
SR03MS-PC-SEXT-09:SETI,1500.0,-1500.0,3,1500.0,-1500.0,Passive
SR03MS-PC-SEXT-10:I,1500.0,-1500.0,3,1500.0,-1500.0,I/O Intr
SR03MS-PC-SEXT-10:SETI,1500.0,-1500.0,3,1500.0,-1500.0,Passive
SR03MS-PC-SEXT-12:I,1500.0,-1500.0,3,1500.0,-1500.0,I/O Intr
SR03MS-PC-SEXT-12:SETI,1500.0,-1500.0,3,1500.0,-1500.0,Passive
SR03MS-PC-SEXT-13:I,1500.0,-1500.0,3,1500.0,-1500.0,I/O Intr
SR03MS-PC-SEXT-13:SETI,1500.0,-1500.0,3,1500.0,-1500.0,Passive
SR03MS-PC-SEXT-14:I,1500.0,-1500.0,3,1500.0,-1500.0,I/O Intr
SR03MS-PC-SEXT-14:SETI,1500.0,-1500.0,3,1500.0,-1500.0,Passive
SR03MS-PC-SQUAD-08:I,1500.0,-1500.0,3,1500.0,-1500.0,I/O Intr
SR03MS-PC-SQUAD-08:SETI,1500.0,-1500.0,3,1500.0,-1500.0,Passive
SR03MS-PC-SQUAD-09:I,1500.0,-1500.0,3,1500.0,-1500.0,I/O Intr
SR03MS-PC-SQUAD-09:SETI,1500.0,-1500.0,3,1500.0,-1500.0,Passive
SR03MS-PC-SQUAD-10:I,1500.0,-1500.0,3,1500.0,-1500.0,I/O Intr
SR03MS-PC-SQUAD-10:SETI,1500.0,-1500.0,3,1500.0,-1500.0,Passive
SR03MS-PC-SQUAD-12:I,1500.0,-1500.0,3,1500.0,-1500.0,I/O Intr
SR03MS-PC-SQUAD-12:SETI,1500.0,-1500.0,3,1500.0,-1500.0,Passive
SR03MS-PC-SQUAD-13:I,1500.0,-1500.0,3,1500.0,-1500.0,I/O Intr
SR03MS-PC-SQUAD-13:SETI,1500.0,-1500.0,3,1500.0,-1500.0,Passive
SR03MS-PC-SQUAD-14:I,1500.0,-1500.0,3,1500.0,-1500.0,I/O Intr
SR03MS-PC-SQUAD-14:SETI,1500.0,-1500.0,3,1500.0,-1500.0,Passive
SR03MS-PC-VSTR-08:I,1500.0,-1500.0,3,1500.0,-1500.0,I/O Intr
SR03MS-PC-VSTR-08:SETI,1500.0,-1500.0,3,1500.0,-1500.0,Passive
SR03MS-PC-VSTR-09:I,1500.0,-1500.0,3,1500.0,-1500.0,I/O Intr
SR03MS-PC-VSTR-09:SETI,1500.0,-1500.0,3,1500.0,-1500.0,Passive
SR03MS-PC-VSTR-10:I,1500.0,-1500.0,3,1500.0,-1500.0,I/O Intr
SR03MS-PC-VSTR-10:SETI,1500.0,-1500.0,3,1500.0,-1500.0,Passive
SR03MS-PC-VSTR-12:I,1500.0,-1500.0,3,1500.0,-1500.0,I/O Intr
SR03MS-PC-VSTR-12:SETI,1500.0,-1500.0,3,1500.0,-1500.0,Passive
SR03MS-PC-VSTR-13:I,1500.0,-1500.0,3,1500.0,-1500.0,I/O Intr
SR03MS-PC-VSTR-13:SETI,1500.0,-1500.0,3,1500.0,-1500.0,Passive
SR03MS-PC-VSTR-14:I,1500.0,-1500.0,3,1500.0,-1500.0,I/O Intr
SR03MS-PC-VSTR-14:SETI,1500.0,-1500.0,3,1500.0,-1500.0,Passive
SR03SI-PC-HSTR-11:I,1500.0,-1500.0,3,1500.0,-1500.0,I/O Intr
SR03SI-PC-HSTR-11:SETI,1500.0,-1500.0,3,1500.0,-1500.0,Passive
SR03SI-PC-HSTR-12:I,1500.0,-1500.0,3,1500.0,-1500.0,I/O Intr
SR03SI-PC-HSTR-12:SETI,1500.0,-1500.0,3,1500.0,-1500.0,Passive
SR03SI-PC-VSTR-11:I,1500.0,-1500.0,3,1500.0,-1500.0,I/O Intr
SR03SI-PC-VSTR-11:SETI,1500.0,-1500.0,3,1500.0,-1500.0,Passive
SR03SI-PC-VSTR-12:I,1500.0,-1500.0,3,1500.0,-1500.0,I/O Intr
SR03SI-PC-VSTR-12:SETI,1500.0,-1500.0,3,1500.0,-1500.0,Passive
SR03SM-PC-ABQ-01:I,1500.0,-1500.0,3,1500.0,-1500.0,I/O Intr
SR03SM-PC-ABQ-01:SETI,1500.0,-1500.0,3,1500.0,-1500.0,Passive
SR03SM-PC-ABQ-02:I,1500.0,-1500.0,3,1500.0,-1500.0,I/O Intr
SR03SM-PC-ABQ-02:SETI,1500.0,-1500.0,3,1500.0,-1500.0,Passive
SR03SM-PC-DQ-01:I,1500.0,-1500.0,3,1500.0,-1500.0,I/O Intr
SR03SM-PC-DQ-01:SETI,1500.0,-1500.0,3,1500.0,-1500.0,Passive
SR03SM-PC-HSTR-01:I,1500.0,-1500.0,3,1500.0,-1500.0,I/O Intr
SR03SM-PC-HSTR-01:SETI,1500.0,-1500.0,3,1500.0,-1500.0,Passive
SR03SM-PC-HSTR-02:I,1500.0,-1500.0,3,1500.0,-1500.0,I/O Intr
SR03SM-PC-HSTR-02:SETI,1500.0,-1500.0,3,1500.0,-1500.0,Passive
SR03SM-PC-HSTR-03:I,1500.0,-1500.0,3,1500.0,-1500.0,I/O Intr
SR03SM-PC-HSTR-03:SETI,1500.0,-1500.0,3,1500.0,-1500.0,Passive
SR03SM-PC-HSTR-05:I,1500.0,-1500.0,3,1500.0,-1500.0,I/O Intr
SR03SM-PC-HSTR-05:SETI,1500.0,-1500.0,3,1500.0,-1500.0,Passive
SR03SM-PC-HSTR-06:I,1500.0,-1500.0,3,1500.0,-1500.0,I/O Intr
SR03SM-PC-HSTR-06:SETI,1500.0,-1500.0,3,1500.0,-1500.0,Passive
SR03SM-PC-HSTR-07:I,1500.0,-1500.0,3,1500.0,-1500.0,I/O Intr
SR03SM-PC-HSTR-07:SETI,1500.0,-1500.0,3,1500.0,-1500.0,Passive
SR03SM-PC-OCT-04:I,1500.0,-1500.0,3,1500.0,-1500.0,I/O Intr
SR03SM-PC-OCT-04:SETI,1500.0,-1500.0,3,1500.0,-1500.0,Passive
SR03SM-PC-QUAD-01:I,1500.0,-1500.0,3,1500.0,-1500.0,I/O Intr
SR03SM-PC-QUAD-01:SETI,1500.0,-1500.0,3,1500.0,-1500.0,Passive
SR03SM-PC-QUAD-02:I,1500.0,-1500.0,3,1500.0,-1500.0,I/O Intr
SR03SM-PC-QUAD-02:SETI,1500.0,-1500.0,3,1500.0,-1500.0,Passive
SR03SM-PC-QUAD-03:I,1500.0,-1500.0,3,1500.0,-1500.0,I/O Intr
SR03SM-PC-QUAD-03:SETI,1500.0,-1500.0,3,1500.0,-1500.0,Passive
SR03SM-PC-QUAD-04:I,1500.0,-1500.0,3,1500.0,-1500.0,I/O Intr
SR03SM-PC-QUAD-04:SETI,1500.0,-1500.0,3,1500.0,-1500.0,Passive
SR03SM-PC-QUAD-05:I,1500.0,-1500.0,3,1500.0,-1500.0,I/O Intr
SR03SM-PC-QUAD-05:SETI,1500.0,-1500.0,3,1500.0,-1500.0,Passive
SR03SM-PC-QUAD-06:I,1500.0,-1500.0,3,1500.0,-1500.0,I/O Intr
SR03SM-PC-QUAD-06:SETI,1500.0,-1500.0,3,1500.0,-1500.0,Passive
SR03SM-PC-SEXT-01:I,1500.0,-1500.0,3,1500.0,-1500.0,I/O Intr
SR03SM-PC-SEXT-01:SETI,1500.0,-1500.0,3,1500.0,-1500.0,Passive
SR03SM-PC-SEXT-02:I,1500.0,-1500.0,3,1500.0,-1500.0,I/O Intr
SR03SM-PC-SEXT-02:SETI,1500.0,-1500.0,3,1500.0,-1500.0,Passive
SR03SM-PC-SEXT-03:I,1500.0,-1500.0,3,1500.0,-1500.0,I/O Intr
SR03SM-PC-SEXT-03:SETI,1500.0,-1500.0,3,1500.0,-1500.0,Passive
SR03SM-PC-SEXT-05:I,1500.0,-1500.0,3,1500.0,-1500.0,I/O Intr
SR03SM-PC-SEXT-05:SETI,1500.0,-1500.0,3,1500.0,-1500.0,Passive
SR03SM-PC-SEXT-06:I,1500.0,-1500.0,3,1500.0,-1500.0,I/O Intr
SR03SM-PC-SEXT-06:SETI,1500.0,-1500.0,3,1500.0,-1500.0,Passive
SR03SM-PC-SEXT-07:I,1500.0,-1500.0,3,1500.0,-1500.0,I/O Intr
SR03SM-PC-SEXT-07:SETI,1500.0,-1500.0,3,1500.0,-1500.0,Passive
SR03SM-PC-SQUAD-01:I,1500.0,-1500.0,3,1500.0,-1500.0,I/O Intr
SR03SM-PC-SQUAD-01:SETI,1500.0,-1500.0,3,1500.0,-1500.0,Passive
SR03SM-PC-SQUAD-02:I,1500.0,-1500.0,3,1500.0,-1500.0,I/O Intr
SR03SM-PC-SQUAD-02:SETI,1500.0,-1500.0,3,1500.0,-1500.0,Passive
SR03SM-PC-SQUAD-03:I,1500.0,-1500.0,3,1500.0,-1500.0,I/O Intr
SR03SM-PC-SQUAD-03:SETI,1500.0,-1500.0,3,1500.0,-1500.0,Passive
SR03SM-PC-SQUAD-05:I,1500.0,-1500.0,3,1500.0,-1500.0,I/O Intr
SR03SM-PC-SQUAD-05:SETI,1500.0,-1500.0,3,1500.0,-1500.0,Passive
SR03SM-PC-SQUAD-06:I,1500.0,-1500.0,3,1500.0,-1500.0,I/O Intr
SR03SM-PC-SQUAD-06:SETI,1500.0,-1500.0,3,1500.0,-1500.0,Passive
SR03SM-PC-SQUAD-07:I,1500.0,-1500.0,3,1500.0,-1500.0,I/O Intr
SR03SM-PC-SQUAD-07:SETI,1500.0,-1500.0,3,1500.0,-1500.0,Passive
SR03SM-PC-VSTR-01:I,1500.0,-1500.0,3,1500.0,-1500.0,I/O Intr
SR03SM-PC-VSTR-01:SETI,1500.0,-1500.0,3,1500.0,-1500.0,Passive
SR03SM-PC-VSTR-02:I,1500.0,-1500.0,3,1500.0,-1500.0,I/O Intr
SR03SM-PC-VSTR-02:SETI,1500.0,-1500.0,3,1500.0,-1500.0,Passive
SR03SM-PC-VSTR-03:I,1500.0,-1500.0,3,1500.0,-1500.0,I/O Intr
SR03SM-PC-VSTR-03:SETI,1500.0,-1500.0,3,1500.0,-1500.0,Passive
SR03SM-PC-VSTR-05:I,1500.0,-1500.0,3,1500.0,-1500.0,I/O Intr
SR03SM-PC-VSTR-05:SETI,1500.0,-1500.0,3,1500.0,-1500.0,Passive
SR03SM-PC-VSTR-06:I,1500.0,-1500.0,3,1500.0,-1500.0,I/O Intr
SR03SM-PC-VSTR-06:SETI,1500.0,-1500.0,3,1500.0,-1500.0,Passive
SR03SM-PC-VSTR-07:I,1500.0,-1500.0,3,1500.0,-1500.0,I/O Intr
SR03SM-PC-VSTR-07:SETI,1500.0,-1500.0,3,1500.0,-1500.0,Passive
SR04-PC-DL1:I,1500.0,-1500.0,3,1500.0,-1500.0,I/O Intr
SR04-PC-DL1:SETI,1500.0,-1500.0,3,1500.0,-1500.0,Passive
SR04-PC-DL2:I,1500.0,-1500.0,3,1500.0,-1500.0,I/O Intr
SR04-PC-DL2:SETI,1500.0,-1500.0,3,1500.0,-1500.0,Passive
SR04-PC-DL3:I,1500.0,-1500.0,3,1500.0,-1500.0,I/O Intr
SR04-PC-DL3:SETI,1500.0,-1500.0,3,1500.0,-1500.0,Passive
SR04-PC-DL4:I,1500.0,-1500.0,3,1500.0,-1500.0,I/O Intr
SR04-PC-DL4:SETI,1500.0,-1500.0,3,1500.0,-1500.0,Passive
SR04C-DI-EBPM-01:SA:X,1500.0,-1500.0,3,1500.0,-1500.0,I/O Intr
SR04C-DI-EBPM-01:SA:Y,1500.0,-1500.0,3,1500.0,-1500.0,I/O Intr
SR04C-DI-EBPM-02:SA:X,1500.0,-1500.0,3,1500.0,-1500.0,I/O Intr
SR04C-DI-EBPM-02:SA:Y,1500.0,-1500.0,3,1500.0,-1500.0,I/O Intr
SR04C-DI-EBPM-03:SA:X,1500.0,-1500.0,3,1500.0,-1500.0,I/O Intr
SR04C-DI-EBPM-03:SA:Y,1500.0,-1500.0,3,1500.0,-1500.0,I/O Intr
SR04C-DI-EBPM-04:SA:X,1500.0,-1500.0,3,1500.0,-1500.0,I/O Intr
SR04C-DI-EBPM-04:SA:Y,1500.0,-1500.0,3,1500.0,-1500.0,I/O Intr
SR04C-DI-EBPM-05:SA:X,1500.0,-1500.0,3,1500.0,-1500.0,I/O Intr
SR04C-DI-EBPM-05:SA:Y,1500.0,-1500.0,3,1500.0,-1500.0,I/O Intr
SR04C-DI-EBPM-06:SA:X,1500.0,-1500.0,3,1500.0,-1500.0,I/O Intr
SR04C-DI-EBPM-06:SA:Y,1500.0,-1500.0,3,1500.0,-1500.0,I/O Intr
SR04C-DI-EBPM-07:SA:X,1500.0,-1500.0,3,1500.0,-1500.0,I/O Intr
SR04C-DI-EBPM-07:SA:Y,1500.0,-1500.0,3,1500.0,-1500.0,I/O Intr
SR04C-DI-EBPM-08:SA:X,1500.0,-1500.0,3,1500.0,-1500.0,I/O Intr
SR04C-DI-EBPM-08:SA:Y,1500.0,-1500.0,3,1500.0,-1500.0,I/O Intr
SR04C-DI-EBPM-09:SA:X,1500.0,-1500.0,3,1500.0,-1500.0,I/O Intr
SR04C-DI-EBPM-09:SA:Y,1500.0,-1500.0,3,1500.0,-1500.0,I/O Intr
SR04C-DI-EBPM-10:SA:X,1500.0,-1500.0,3,1500.0,-1500.0,I/O Intr
SR04C-DI-EBPM-10:SA:Y,1500.0,-1500.0,3,1500.0,-1500.0,I/O Intr
SR04C-DI-EBPM-11:SA:X,1500.0,-1500.0,3,1500.0,-1500.0,I/O Intr
SR04C-DI-EBPM-11:SA:Y,1500.0,-1500.0,3,1500.0,-1500.0,I/O Intr
SR04ML-PC-ABQ-03:I,1500.0,-1500.0,3,1500.0,-1500.0,I/O Intr
SR04ML-PC-ABQ-03:SETI,1500.0,-1500.0,3,1500.0,-1500.0,Passive
SR04ML-PC-ABQ-04:I,1500.0,-1500.0,3,1500.0,-1500.0,I/O Intr
SR04ML-PC-ABQ-04:SETI,1500.0,-1500.0,3,1500.0,-1500.0,Passive
SR04ML-PC-DQ-02:I,1500.0,-1500.0,3,1500.0,-1500.0,I/O Intr
SR04ML-PC-DQ-02:SETI,1500.0,-1500.0,3,1500.0,-1500.0,Passive
SR04ML-PC-HSTR-08:I,1500.0,-1500.0,3,1500.0,-1500.0,I/O Intr
SR04ML-PC-HSTR-08:SETI,1500.0,-1500.0,3,1500.0,-1500.0,Passive
SR04ML-PC-HSTR-09:I,1500.0,-1500.0,3,1500.0,-1500.0,I/O Intr
SR04ML-PC-HSTR-09:SETI,1500.0,-1500.0,3,1500.0,-1500.0,Passive
SR04ML-PC-HSTR-10:I,1500.0,-1500.0,3,1500.0,-1500.0,I/O Intr
SR04ML-PC-HSTR-10:SETI,1500.0,-1500.0,3,1500.0,-1500.0,Passive
SR04ML-PC-HSTR-13:I,1500.0,-1500.0,3,1500.0,-1500.0,I/O Intr
SR04ML-PC-HSTR-13:SETI,1500.0,-1500.0,3,1500.0,-1500.0,Passive
SR04ML-PC-HSTR-14:I,1500.0,-1500.0,3,1500.0,-1500.0,I/O Intr
SR04ML-PC-HSTR-14:SETI,1500.0,-1500.0,3,1500.0,-1500.0,Passive
SR04ML-PC-HSTR-15:I,1500.0,-1500.0,3,1500.0,-1500.0,I/O Intr
SR04ML-PC-HSTR-15:SETI,1500.0,-1500.0,3,1500.0,-1500.0,Passive
SR04ML-PC-OCT-11:I,1500.0,-1500.0,3,1500.0,-1500.0,I/O Intr
SR04ML-PC-OCT-11:SETI,1500.0,-1500.0,3,1500.0,-1500.0,Passive
SR04ML-PC-OCT-15:I,1500.0,-1500.0,3,1500.0,-1500.0,I/O Intr
SR04ML-PC-OCT-15:SETI,1500.0,-1500.0,3,1500.0,-1500.0,Passive
SR04ML-PC-QUAD-07:I,1500.0,-1500.0,3,1500.0,-1500.0,I/O Intr
SR04ML-PC-QUAD-07:SETI,1500.0,-1500.0,3,1500.0,-1500.0,Passive
SR04ML-PC-QUAD-08:I,1500.0,-1500.0,3,1500.0,-1500.0,I/O Intr
SR04ML-PC-QUAD-08:SETI,1500.0,-1500.0,3,1500.0,-1500.0,Passive
SR04ML-PC-QUAD-09:I,1500.0,-1500.0,3,1500.0,-1500.0,I/O Intr
SR04ML-PC-QUAD-09:SETI,1500.0,-1500.0,3,1500.0,-1500.0,Passive
SR04ML-PC-QUAD-10:I,1500.0,-1500.0,3,1500.0,-1500.0,I/O Intr
SR04ML-PC-QUAD-10:SETI,1500.0,-1500.0,3,1500.0,-1500.0,Passive
SR04ML-PC-QUAD-11:I,1500.0,-1500.0,3,1500.0,-1500.0,I/O Intr
SR04ML-PC-QUAD-11:SETI,1500.0,-1500.0,3,1500.0,-1500.0,Passive
SR04ML-PC-QUAD-12:I,1500.0,-1500.0,3,1500.0,-1500.0,I/O Intr
SR04ML-PC-QUAD-12:SETI,1500.0,-1500.0,3,1500.0,-1500.0,Passive
SR04ML-PC-QUAD-13:I,1500.0,-1500.0,3,1500.0,-1500.0,I/O Intr
SR04ML-PC-QUAD-13:SETI,1500.0,-1500.0,3,1500.0,-1500.0,Passive
SR04ML-PC-SEXT-08:I,1500.0,-1500.0,3,1500.0,-1500.0,I/O Intr
SR04ML-PC-SEXT-08:SETI,1500.0,-1500.0,3,1500.0,-1500.0,Passive
SR04ML-PC-SEXT-09:I,1500.0,-1500.0,3,1500.0,-1500.0,I/O Intr
SR04ML-PC-SEXT-09:SETI,1500.0,-1500.0,3,1500.0,-1500.0,Passive
SR04ML-PC-SEXT-10:I,1500.0,-1500.0,3,1500.0,-1500.0,I/O Intr
SR04ML-PC-SEXT-10:SETI,1500.0,-1500.0,3,1500.0,-1500.0,Passive
SR04ML-PC-SEXT-12:I,1500.0,-1500.0,3,1500.0,-1500.0,I/O Intr
SR04ML-PC-SEXT-12:SETI,1500.0,-1500.0,3,1500.0,-1500.0,Passive
SR04ML-PC-SEXT-13:I,1500.0,-1500.0,3,1500.0,-1500.0,I/O Intr
SR04ML-PC-SEXT-13:SETI,1500.0,-1500.0,3,1500.0,-1500.0,Passive
SR04ML-PC-SEXT-14:I,1500.0,-1500.0,3,1500.0,-1500.0,I/O Intr
SR04ML-PC-SEXT-14:SETI,1500.0,-1500.0,3,1500.0,-1500.0,Passive
SR04ML-PC-SQUAD-08:I,1500.0,-1500.0,3,1500.0,-1500.0,I/O Intr
SR04ML-PC-SQUAD-08:SETI,1500.0,-1500.0,3,1500.0,-1500.0,Passive
SR04ML-PC-SQUAD-09:I,1500.0,-1500.0,3,1500.0,-1500.0,I/O Intr
SR04ML-PC-SQUAD-09:SETI,1500.0,-1500.0,3,1500.0,-1500.0,Passive
SR04ML-PC-SQUAD-10:I,1500.0,-1500.0,3,1500.0,-1500.0,I/O Intr
SR04ML-PC-SQUAD-10:SETI,1500.0,-1500.0,3,1500.0,-1500.0,Passive
SR04ML-PC-SQUAD-12:I,1500.0,-1500.0,3,1500.0,-1500.0,I/O Intr
SR04ML-PC-SQUAD-12:SETI,1500.0,-1500.0,3,1500.0,-1500.0,Passive
SR04ML-PC-SQUAD-13:I,1500.0,-1500.0,3,1500.0,-1500.0,I/O Intr
SR04ML-PC-SQUAD-13:SETI,1500.0,-1500.0,3,1500.0,-1500.0,Passive
SR04ML-PC-SQUAD-14:I,1500.0,-1500.0,3,1500.0,-1500.0,I/O Intr
SR04ML-PC-SQUAD-14:SETI,1500.0,-1500.0,3,1500.0,-1500.0,Passive
SR04ML-PC-VSTR-08:I,1500.0,-1500.0,3,1500.0,-1500.0,I/O Intr
SR04ML-PC-VSTR-08:SETI,1500.0,-1500.0,3,1500.0,-1500.0,Passive
SR04ML-PC-VSTR-09:I,1500.0,-1500.0,3,1500.0,-1500.0,I/O Intr
SR04ML-PC-VSTR-09:SETI,1500.0,-1500.0,3,1500.0,-1500.0,Passive
SR04ML-PC-VSTR-10:I,1500.0,-1500.0,3,1500.0,-1500.0,I/O Intr
SR04ML-PC-VSTR-10:SETI,1500.0,-1500.0,3,1500.0,-1500.0,Passive
SR04ML-PC-VSTR-13:I,1500.0,-1500.0,3,1500.0,-1500.0,I/O Intr
SR04ML-PC-VSTR-13:SETI,1500.0,-1500.0,3,1500.0,-1500.0,Passive
SR04ML-PC-VSTR-14:I,1500.0,-1500.0,3,1500.0,-1500.0,I/O Intr
SR04ML-PC-VSTR-14:SETI,1500.0,-1500.0,3,1500.0,-1500.0,Passive
SR04ML-PC-VSTR-15:I,1500.0,-1500.0,3,1500.0,-1500.0,I/O Intr
SR04ML-PC-VSTR-15:SETI,1500.0,-1500.0,3,1500.0,-1500.0,Passive
SR04SI-PC-HSTR-11:I,1500.0,-1500.0,3,1500.0,-1500.0,I/O Intr
SR04SI-PC-HSTR-11:SETI,1500.0,-1500.0,3,1500.0,-1500.0,Passive
SR04SI-PC-HSTR-12:I,1500.0,-1500.0,3,1500.0,-1500.0,I/O Intr
SR04SI-PC-HSTR-12:SETI,1500.0,-1500.0,3,1500.0,-1500.0,Passive
SR04SI-PC-VSTR-11:I,1500.0,-1500.0,3,1500.0,-1500.0,I/O Intr
SR04SI-PC-VSTR-11:SETI,1500.0,-1500.0,3,1500.0,-1500.0,Passive
SR04SI-PC-VSTR-12:I,1500.0,-1500.0,3,1500.0,-1500.0,I/O Intr
SR04SI-PC-VSTR-12:SETI,1500.0,-1500.0,3,1500.0,-1500.0,Passive
SR04SK-PC-HSTR-11:I,1500.0,-1500.0,3,1500.0,-1500.0,I/O Intr
SR04SK-PC-HSTR-11:SETI,1500.0,-1500.0,3,1500.0,-1500.0,Passive
SR04SK-PC-HSTR-12:I,1500.0,-1500.0,3,1500.0,-1500.0,I/O Intr
SR04SK-PC-HSTR-12:SETI,1500.0,-1500.0,3,1500.0,-1500.0,Passive
SR04SK-PC-VSTR-11:I,1500.0,-1500.0,3,1500.0,-1500.0,I/O Intr
SR04SK-PC-VSTR-11:SETI,1500.0,-1500.0,3,1500.0,-1500.0,Passive
SR04SK-PC-VSTR-12:I,1500.0,-1500.0,3,1500.0,-1500.0,I/O Intr
SR04SK-PC-VSTR-12:SETI,1500.0,-1500.0,3,1500.0,-1500.0,Passive
SR04SM-PC-ABQ-01:I,1500.0,-1500.0,3,1500.0,-1500.0,I/O Intr
SR04SM-PC-ABQ-01:SETI,1500.0,-1500.0,3,1500.0,-1500.0,Passive
SR04SM-PC-ABQ-02:I,1500.0,-1500.0,3,1500.0,-1500.0,I/O Intr
SR04SM-PC-ABQ-02:SETI,1500.0,-1500.0,3,1500.0,-1500.0,Passive
SR04SM-PC-DQ-01:I,1500.0,-1500.0,3,1500.0,-1500.0,I/O Intr
SR04SM-PC-DQ-01:SETI,1500.0,-1500.0,3,1500.0,-1500.0,Passive
SR04SM-PC-HSTR-01:I,1500.0,-1500.0,3,1500.0,-1500.0,I/O Intr
SR04SM-PC-HSTR-01:SETI,1500.0,-1500.0,3,1500.0,-1500.0,Passive
SR04SM-PC-HSTR-02:I,1500.0,-1500.0,3,1500.0,-1500.0,I/O Intr
SR04SM-PC-HSTR-02:SETI,1500.0,-1500.0,3,1500.0,-1500.0,Passive
SR04SM-PC-HSTR-03:I,1500.0,-1500.0,3,1500.0,-1500.0,I/O Intr
SR04SM-PC-HSTR-03:SETI,1500.0,-1500.0,3,1500.0,-1500.0,Passive
SR04SM-PC-HSTR-05:I,1500.0,-1500.0,3,1500.0,-1500.0,I/O Intr
SR04SM-PC-HSTR-05:SETI,1500.0,-1500.0,3,1500.0,-1500.0,Passive
SR04SM-PC-HSTR-06:I,1500.0,-1500.0,3,1500.0,-1500.0,I/O Intr
SR04SM-PC-HSTR-06:SETI,1500.0,-1500.0,3,1500.0,-1500.0,Passive
SR04SM-PC-HSTR-07:I,1500.0,-1500.0,3,1500.0,-1500.0,I/O Intr
SR04SM-PC-HSTR-07:SETI,1500.0,-1500.0,3,1500.0,-1500.0,Passive
SR04SM-PC-OCT-04:I,1500.0,-1500.0,3,1500.0,-1500.0,I/O Intr
SR04SM-PC-OCT-04:SETI,1500.0,-1500.0,3,1500.0,-1500.0,Passive
SR04SM-PC-QUAD-01:I,1500.0,-1500.0,3,1500.0,-1500.0,I/O Intr
SR04SM-PC-QUAD-01:SETI,1500.0,-1500.0,3,1500.0,-1500.0,Passive
SR04SM-PC-QUAD-02:I,1500.0,-1500.0,3,1500.0,-1500.0,I/O Intr
SR04SM-PC-QUAD-02:SETI,1500.0,-1500.0,3,1500.0,-1500.0,Passive
SR04SM-PC-QUAD-03:I,1500.0,-1500.0,3,1500.0,-1500.0,I/O Intr
SR04SM-PC-QUAD-03:SETI,1500.0,-1500.0,3,1500.0,-1500.0,Passive
SR04SM-PC-QUAD-04:I,1500.0,-1500.0,3,1500.0,-1500.0,I/O Intr
SR04SM-PC-QUAD-04:SETI,1500.0,-1500.0,3,1500.0,-1500.0,Passive
SR04SM-PC-QUAD-05:I,1500.0,-1500.0,3,1500.0,-1500.0,I/O Intr
SR04SM-PC-QUAD-05:SETI,1500.0,-1500.0,3,1500.0,-1500.0,Passive
SR04SM-PC-QUAD-06:I,1500.0,-1500.0,3,1500.0,-1500.0,I/O Intr
SR04SM-PC-QUAD-06:SETI,1500.0,-1500.0,3,1500.0,-1500.0,Passive
SR04SM-PC-SEXT-01:I,1500.0,-1500.0,3,1500.0,-1500.0,I/O Intr
SR04SM-PC-SEXT-01:SETI,1500.0,-1500.0,3,1500.0,-1500.0,Passive
SR04SM-PC-SEXT-02:I,1500.0,-1500.0,3,1500.0,-1500.0,I/O Intr
SR04SM-PC-SEXT-02:SETI,1500.0,-1500.0,3,1500.0,-1500.0,Passive
SR04SM-PC-SEXT-03:I,1500.0,-1500.0,3,1500.0,-1500.0,I/O Intr
SR04SM-PC-SEXT-03:SETI,1500.0,-1500.0,3,1500.0,-1500.0,Passive
SR04SM-PC-SEXT-05:I,1500.0,-1500.0,3,1500.0,-1500.0,I/O Intr
SR04SM-PC-SEXT-05:SETI,1500.0,-1500.0,3,1500.0,-1500.0,Passive
SR04SM-PC-SEXT-06:I,1500.0,-1500.0,3,1500.0,-1500.0,I/O Intr
SR04SM-PC-SEXT-06:SETI,1500.0,-1500.0,3,1500.0,-1500.0,Passive
SR04SM-PC-SEXT-07:I,1500.0,-1500.0,3,1500.0,-1500.0,I/O Intr
SR04SM-PC-SEXT-07:SETI,1500.0,-1500.0,3,1500.0,-1500.0,Passive
SR04SM-PC-SQUAD-01:I,1500.0,-1500.0,3,1500.0,-1500.0,I/O Intr
SR04SM-PC-SQUAD-01:SETI,1500.0,-1500.0,3,1500.0,-1500.0,Passive
SR04SM-PC-SQUAD-02:I,1500.0,-1500.0,3,1500.0,-1500.0,I/O Intr
SR04SM-PC-SQUAD-02:SETI,1500.0,-1500.0,3,1500.0,-1500.0,Passive
SR04SM-PC-SQUAD-03:I,1500.0,-1500.0,3,1500.0,-1500.0,I/O Intr
SR04SM-PC-SQUAD-03:SETI,1500.0,-1500.0,3,1500.0,-1500.0,Passive
SR04SM-PC-SQUAD-05:I,1500.0,-1500.0,3,1500.0,-1500.0,I/O Intr
SR04SM-PC-SQUAD-05:SETI,1500.0,-1500.0,3,1500.0,-1500.0,Passive
SR04SM-PC-SQUAD-06:I,1500.0,-1500.0,3,1500.0,-1500.0,I/O Intr
SR04SM-PC-SQUAD-06:SETI,1500.0,-1500.0,3,1500.0,-1500.0,Passive
SR04SM-PC-SQUAD-07:I,1500.0,-1500.0,3,1500.0,-1500.0,I/O Intr
SR04SM-PC-SQUAD-07:SETI,1500.0,-1500.0,3,1500.0,-1500.0,Passive
SR04SM-PC-VSTR-01:I,1500.0,-1500.0,3,1500.0,-1500.0,I/O Intr
SR04SM-PC-VSTR-01:SETI,1500.0,-1500.0,3,1500.0,-1500.0,Passive
SR04SM-PC-VSTR-02:I,1500.0,-1500.0,3,1500.0,-1500.0,I/O Intr
SR04SM-PC-VSTR-02:SETI,1500.0,-1500.0,3,1500.0,-1500.0,Passive
SR04SM-PC-VSTR-03:I,1500.0,-1500.0,3,1500.0,-1500.0,I/O Intr
SR04SM-PC-VSTR-03:SETI,1500.0,-1500.0,3,1500.0,-1500.0,Passive
SR04SM-PC-VSTR-05:I,1500.0,-1500.0,3,1500.0,-1500.0,I/O Intr
SR04SM-PC-VSTR-05:SETI,1500.0,-1500.0,3,1500.0,-1500.0,Passive
SR04SM-PC-VSTR-06:I,1500.0,-1500.0,3,1500.0,-1500.0,I/O Intr
SR04SM-PC-VSTR-06:SETI,1500.0,-1500.0,3,1500.0,-1500.0,Passive
SR04SM-PC-VSTR-07:I,1500.0,-1500.0,3,1500.0,-1500.0,I/O Intr
SR04SM-PC-VSTR-07:SETI,1500.0,-1500.0,3,1500.0,-1500.0,Passive
SR05-PC-DL1:I,1500.0,-1500.0,3,1500.0,-1500.0,I/O Intr
SR05-PC-DL1:SETI,1500.0,-1500.0,3,1500.0,-1500.0,Passive
SR05-PC-DL2:I,1500.0,-1500.0,3,1500.0,-1500.0,I/O Intr
SR05-PC-DL2:SETI,1500.0,-1500.0,3,1500.0,-1500.0,Passive
SR05-PC-DL3:I,1500.0,-1500.0,3,1500.0,-1500.0,I/O Intr
SR05-PC-DL3:SETI,1500.0,-1500.0,3,1500.0,-1500.0,Passive
SR05-PC-DL4:I,1500.0,-1500.0,3,1500.0,-1500.0,I/O Intr
SR05-PC-DL4:SETI,1500.0,-1500.0,3,1500.0,-1500.0,Passive
SR05C-DI-EBPM-00:SA:X,1500.0,-1500.0,3,1500.0,-1500.0,I/O Intr
SR05C-DI-EBPM-00:SA:Y,1500.0,-1500.0,3,1500.0,-1500.0,I/O Intr
SR05C-DI-EBPM-01:SA:X,1500.0,-1500.0,3,1500.0,-1500.0,I/O Intr
SR05C-DI-EBPM-01:SA:Y,1500.0,-1500.0,3,1500.0,-1500.0,I/O Intr
SR05C-DI-EBPM-02:SA:X,1500.0,-1500.0,3,1500.0,-1500.0,I/O Intr
SR05C-DI-EBPM-02:SA:Y,1500.0,-1500.0,3,1500.0,-1500.0,I/O Intr
SR05C-DI-EBPM-03:SA:X,1500.0,-1500.0,3,1500.0,-1500.0,I/O Intr
SR05C-DI-EBPM-03:SA:Y,1500.0,-1500.0,3,1500.0,-1500.0,I/O Intr
SR05C-DI-EBPM-04:SA:X,1500.0,-1500.0,3,1500.0,-1500.0,I/O Intr
SR05C-DI-EBPM-04:SA:Y,1500.0,-1500.0,3,1500.0,-1500.0,I/O Intr
SR05C-DI-EBPM-05:SA:X,1500.0,-1500.0,3,1500.0,-1500.0,I/O Intr
SR05C-DI-EBPM-05:SA:Y,1500.0,-1500.0,3,1500.0,-1500.0,I/O Intr
SR05C-DI-EBPM-06:SA:X,1500.0,-1500.0,3,1500.0,-1500.0,I/O Intr
SR05C-DI-EBPM-06:SA:Y,1500.0,-1500.0,3,1500.0,-1500.0,I/O Intr
SR05C-DI-EBPM-07:SA:X,1500.0,-1500.0,3,1500.0,-1500.0,I/O Intr
SR05C-DI-EBPM-07:SA:Y,1500.0,-1500.0,3,1500.0,-1500.0,I/O Intr
SR05C-DI-EBPM-08:SA:X,1500.0,-1500.0,3,1500.0,-1500.0,I/O Intr
SR05C-DI-EBPM-08:SA:Y,1500.0,-1500.0,3,1500.0,-1500.0,I/O Intr
SR05C-DI-EBPM-09:SA:X,1500.0,-1500.0,3,1500.0,-1500.0,I/O Intr
SR05C-DI-EBPM-09:SA:Y,1500.0,-1500.0,3,1500.0,-1500.0,I/O Intr
SR05C-DI-EBPM-10:SA:X,1500.0,-1500.0,3,1500.0,-1500.0,I/O Intr
SR05C-DI-EBPM-10:SA:Y,1500.0,-1500.0,3,1500.0,-1500.0,I/O Intr
SR05LM-PC-ABQ-01:I,1500.0,-1500.0,3,1500.0,-1500.0,I/O Intr
SR05LM-PC-ABQ-01:SETI,1500.0,-1500.0,3,1500.0,-1500.0,Passive
SR05LM-PC-ABQ-02:I,1500.0,-1500.0,3,1500.0,-1500.0,I/O Intr
SR05LM-PC-ABQ-02:SETI,1500.0,-1500.0,3,1500.0,-1500.0,Passive
SR05LM-PC-DQ-01:I,1500.0,-1500.0,3,1500.0,-1500.0,I/O Intr
SR05LM-PC-DQ-01:SETI,1500.0,-1500.0,3,1500.0,-1500.0,Passive
SR05LM-PC-HSTR-00:I,1500.0,-1500.0,3,1500.0,-1500.0,I/O Intr
SR05LM-PC-HSTR-00:SETI,1500.0,-1500.0,3,1500.0,-1500.0,Passive
SR05LM-PC-HSTR-01:I,1500.0,-1500.0,3,1500.0,-1500.0,I/O Intr
SR05LM-PC-HSTR-01:SETI,1500.0,-1500.0,3,1500.0,-1500.0,Passive
SR05LM-PC-HSTR-02:I,1500.0,-1500.0,3,1500.0,-1500.0,I/O Intr
SR05LM-PC-HSTR-02:SETI,1500.0,-1500.0,3,1500.0,-1500.0,Passive
SR05LM-PC-HSTR-03:I,1500.0,-1500.0,3,1500.0,-1500.0,I/O Intr
SR05LM-PC-HSTR-03:SETI,1500.0,-1500.0,3,1500.0,-1500.0,Passive
SR05LM-PC-HSTR-05:I,1500.0,-1500.0,3,1500.0,-1500.0,I/O Intr
SR05LM-PC-HSTR-05:SETI,1500.0,-1500.0,3,1500.0,-1500.0,Passive
SR05LM-PC-HSTR-06:I,1500.0,-1500.0,3,1500.0,-1500.0,I/O Intr
SR05LM-PC-HSTR-06:SETI,1500.0,-1500.0,3,1500.0,-1500.0,Passive
SR05LM-PC-HSTR-07:I,1500.0,-1500.0,3,1500.0,-1500.0,I/O Intr
SR05LM-PC-HSTR-07:SETI,1500.0,-1500.0,3,1500.0,-1500.0,Passive
SR05LM-PC-OCT-00:I,1500.0,-1500.0,3,1500.0,-1500.0,I/O Intr
SR05LM-PC-OCT-00:SETI,1500.0,-1500.0,3,1500.0,-1500.0,Passive
SR05LM-PC-OCT-04:I,1500.0,-1500.0,3,1500.0,-1500.0,I/O Intr
SR05LM-PC-OCT-04:SETI,1500.0,-1500.0,3,1500.0,-1500.0,Passive
SR05LM-PC-QUAD-00:I,1500.0,-1500.0,3,1500.0,-1500.0,I/O Intr
SR05LM-PC-QUAD-00:SETI,1500.0,-1500.0,3,1500.0,-1500.0,Passive
SR05LM-PC-QUAD-01:I,1500.0,-1500.0,3,1500.0,-1500.0,I/O Intr
SR05LM-PC-QUAD-01:SETI,1500.0,-1500.0,3,1500.0,-1500.0,Passive
SR05LM-PC-QUAD-02:I,1500.0,-1500.0,3,1500.0,-1500.0,I/O Intr
SR05LM-PC-QUAD-02:SETI,1500.0,-1500.0,3,1500.0,-1500.0,Passive
SR05LM-PC-QUAD-03:I,1500.0,-1500.0,3,1500.0,-1500.0,I/O Intr
SR05LM-PC-QUAD-03:SETI,1500.0,-1500.0,3,1500.0,-1500.0,Passive
SR05LM-PC-QUAD-04:I,1500.0,-1500.0,3,1500.0,-1500.0,I/O Intr
SR05LM-PC-QUAD-04:SETI,1500.0,-1500.0,3,1500.0,-1500.0,Passive
SR05LM-PC-QUAD-05:I,1500.0,-1500.0,3,1500.0,-1500.0,I/O Intr
SR05LM-PC-QUAD-05:SETI,1500.0,-1500.0,3,1500.0,-1500.0,Passive
SR05LM-PC-QUAD-06:I,1500.0,-1500.0,3,1500.0,-1500.0,I/O Intr
SR05LM-PC-QUAD-06:SETI,1500.0,-1500.0,3,1500.0,-1500.0,Passive
SR05LM-PC-SEXT-01:I,1500.0,-1500.0,3,1500.0,-1500.0,I/O Intr
SR05LM-PC-SEXT-01:SETI,1500.0,-1500.0,3,1500.0,-1500.0,Passive
SR05LM-PC-SEXT-02:I,1500.0,-1500.0,3,1500.0,-1500.0,I/O Intr
SR05LM-PC-SEXT-02:SETI,1500.0,-1500.0,3,1500.0,-1500.0,Passive
SR05LM-PC-SEXT-03:I,1500.0,-1500.0,3,1500.0,-1500.0,I/O Intr
SR05LM-PC-SEXT-03:SETI,1500.0,-1500.0,3,1500.0,-1500.0,Passive
SR05LM-PC-SEXT-05:I,1500.0,-1500.0,3,1500.0,-1500.0,I/O Intr
SR05LM-PC-SEXT-05:SETI,1500.0,-1500.0,3,1500.0,-1500.0,Passive
SR05LM-PC-SEXT-06:I,1500.0,-1500.0,3,1500.0,-1500.0,I/O Intr
SR05LM-PC-SEXT-06:SETI,1500.0,-1500.0,3,1500.0,-1500.0,Passive
SR05LM-PC-SEXT-07:I,1500.0,-1500.0,3,1500.0,-1500.0,I/O Intr
SR05LM-PC-SEXT-07:SETI,1500.0,-1500.0,3,1500.0,-1500.0,Passive
SR05LM-PC-SQUAD-01:I,1500.0,-1500.0,3,1500.0,-1500.0,I/O Intr
SR05LM-PC-SQUAD-01:SETI,1500.0,-1500.0,3,1500.0,-1500.0,Passive
SR05LM-PC-SQUAD-02:I,1500.0,-1500.0,3,1500.0,-1500.0,I/O Intr
SR05LM-PC-SQUAD-02:SETI,1500.0,-1500.0,3,1500.0,-1500.0,Passive
SR05LM-PC-SQUAD-03:I,1500.0,-1500.0,3,1500.0,-1500.0,I/O Intr
SR05LM-PC-SQUAD-03:SETI,1500.0,-1500.0,3,1500.0,-1500.0,Passive
SR05LM-PC-SQUAD-05:I,1500.0,-1500.0,3,1500.0,-1500.0,I/O Intr
SR05LM-PC-SQUAD-05:SETI,1500.0,-1500.0,3,1500.0,-1500.0,Passive
SR05LM-PC-SQUAD-06:I,1500.0,-1500.0,3,1500.0,-1500.0,I/O Intr
SR05LM-PC-SQUAD-06:SETI,1500.0,-1500.0,3,1500.0,-1500.0,Passive
SR05LM-PC-SQUAD-07:I,1500.0,-1500.0,3,1500.0,-1500.0,I/O Intr
SR05LM-PC-SQUAD-07:SETI,1500.0,-1500.0,3,1500.0,-1500.0,Passive
SR05LM-PC-VSTR-00:I,1500.0,-1500.0,3,1500.0,-1500.0,I/O Intr
SR05LM-PC-VSTR-00:SETI,1500.0,-1500.0,3,1500.0,-1500.0,Passive
SR05LM-PC-VSTR-01:I,1500.0,-1500.0,3,1500.0,-1500.0,I/O Intr
SR05LM-PC-VSTR-01:SETI,1500.0,-1500.0,3,1500.0,-1500.0,Passive
SR05LM-PC-VSTR-02:I,1500.0,-1500.0,3,1500.0,-1500.0,I/O Intr
SR05LM-PC-VSTR-02:SETI,1500.0,-1500.0,3,1500.0,-1500.0,Passive
SR05LM-PC-VSTR-03:I,1500.0,-1500.0,3,1500.0,-1500.0,I/O Intr
SR05LM-PC-VSTR-03:SETI,1500.0,-1500.0,3,1500.0,-1500.0,Passive
SR05LM-PC-VSTR-05:I,1500.0,-1500.0,3,1500.0,-1500.0,I/O Intr
SR05LM-PC-VSTR-05:SETI,1500.0,-1500.0,3,1500.0,-1500.0,Passive
SR05LM-PC-VSTR-06:I,1500.0,-1500.0,3,1500.0,-1500.0,I/O Intr
SR05LM-PC-VSTR-06:SETI,1500.0,-1500.0,3,1500.0,-1500.0,Passive
SR05LM-PC-VSTR-07:I,1500.0,-1500.0,3,1500.0,-1500.0,I/O Intr
SR05LM-PC-VSTR-07:SETI,1500.0,-1500.0,3,1500.0,-1500.0,Passive
SR05MS-PC-ABQ-03:I,1500.0,-1500.0,3,1500.0,-1500.0,I/O Intr
SR05MS-PC-ABQ-03:SETI,1500.0,-1500.0,3,1500.0,-1500.0,Passive
SR05MS-PC-ABQ-04:I,1500.0,-1500.0,3,1500.0,-1500.0,I/O Intr
SR05MS-PC-ABQ-04:SETI,1500.0,-1500.0,3,1500.0,-1500.0,Passive
SR05MS-PC-DQ-02:I,1500.0,-1500.0,3,1500.0,-1500.0,I/O Intr
SR05MS-PC-DQ-02:SETI,1500.0,-1500.0,3,1500.0,-1500.0,Passive
SR05MS-PC-HSTR-08:I,1500.0,-1500.0,3,1500.0,-1500.0,I/O Intr
SR05MS-PC-HSTR-08:SETI,1500.0,-1500.0,3,1500.0,-1500.0,Passive
SR05MS-PC-HSTR-09:I,1500.0,-1500.0,3,1500.0,-1500.0,I/O Intr
SR05MS-PC-HSTR-09:SETI,1500.0,-1500.0,3,1500.0,-1500.0,Passive
SR05MS-PC-HSTR-10:I,1500.0,-1500.0,3,1500.0,-1500.0,I/O Intr
SR05MS-PC-HSTR-10:SETI,1500.0,-1500.0,3,1500.0,-1500.0,Passive
SR05MS-PC-HSTR-13:I,1500.0,-1500.0,3,1500.0,-1500.0,I/O Intr
SR05MS-PC-HSTR-13:SETI,1500.0,-1500.0,3,1500.0,-1500.0,Passive
SR05MS-PC-HSTR-14:I,1500.0,-1500.0,3,1500.0,-1500.0,I/O Intr
SR05MS-PC-HSTR-14:SETI,1500.0,-1500.0,3,1500.0,-1500.0,Passive
SR05MS-PC-OCT-11:I,1500.0,-1500.0,3,1500.0,-1500.0,I/O Intr
SR05MS-PC-OCT-11:SETI,1500.0,-1500.0,3,1500.0,-1500.0,Passive
SR05MS-PC-QUAD-07:I,1500.0,-1500.0,3,1500.0,-1500.0,I/O Intr
SR05MS-PC-QUAD-07:SETI,1500.0,-1500.0,3,1500.0,-1500.0,Passive
SR05MS-PC-QUAD-08:I,1500.0,-1500.0,3,1500.0,-1500.0,I/O Intr
SR05MS-PC-QUAD-08:SETI,1500.0,-1500.0,3,1500.0,-1500.0,Passive
SR05MS-PC-QUAD-09:I,1500.0,-1500.0,3,1500.0,-1500.0,I/O Intr
SR05MS-PC-QUAD-09:SETI,1500.0,-1500.0,3,1500.0,-1500.0,Passive
SR05MS-PC-QUAD-10:I,1500.0,-1500.0,3,1500.0,-1500.0,I/O Intr
SR05MS-PC-QUAD-10:SETI,1500.0,-1500.0,3,1500.0,-1500.0,Passive
SR05MS-PC-QUAD-11:I,1500.0,-1500.0,3,1500.0,-1500.0,I/O Intr
SR05MS-PC-QUAD-11:SETI,1500.0,-1500.0,3,1500.0,-1500.0,Passive
SR05MS-PC-QUAD-12:I,1500.0,-1500.0,3,1500.0,-1500.0,I/O Intr
SR05MS-PC-QUAD-12:SETI,1500.0,-1500.0,3,1500.0,-1500.0,Passive
SR05MS-PC-SEXT-08:I,1500.0,-1500.0,3,1500.0,-1500.0,I/O Intr
SR05MS-PC-SEXT-08:SETI,1500.0,-1500.0,3,1500.0,-1500.0,Passive
SR05MS-PC-SEXT-09:I,1500.0,-1500.0,3,1500.0,-1500.0,I/O Intr
SR05MS-PC-SEXT-09:SETI,1500.0,-1500.0,3,1500.0,-1500.0,Passive
SR05MS-PC-SEXT-10:I,1500.0,-1500.0,3,1500.0,-1500.0,I/O Intr
SR05MS-PC-SEXT-10:SETI,1500.0,-1500.0,3,1500.0,-1500.0,Passive
SR05MS-PC-SEXT-12:I,1500.0,-1500.0,3,1500.0,-1500.0,I/O Intr
SR05MS-PC-SEXT-12:SETI,1500.0,-1500.0,3,1500.0,-1500.0,Passive
SR05MS-PC-SEXT-13:I,1500.0,-1500.0,3,1500.0,-1500.0,I/O Intr
SR05MS-PC-SEXT-13:SETI,1500.0,-1500.0,3,1500.0,-1500.0,Passive
SR05MS-PC-SEXT-14:I,1500.0,-1500.0,3,1500.0,-1500.0,I/O Intr
SR05MS-PC-SEXT-14:SETI,1500.0,-1500.0,3,1500.0,-1500.0,Passive
SR05MS-PC-SQUAD-08:I,1500.0,-1500.0,3,1500.0,-1500.0,I/O Intr
SR05MS-PC-SQUAD-08:SETI,1500.0,-1500.0,3,1500.0,-1500.0,Passive
SR05MS-PC-SQUAD-09:I,1500.0,-1500.0,3,1500.0,-1500.0,I/O Intr
SR05MS-PC-SQUAD-09:SETI,1500.0,-1500.0,3,1500.0,-1500.0,Passive
SR05MS-PC-SQUAD-10:I,1500.0,-1500.0,3,1500.0,-1500.0,I/O Intr
SR05MS-PC-SQUAD-10:SETI,1500.0,-1500.0,3,1500.0,-1500.0,Passive
SR05MS-PC-SQUAD-12:I,1500.0,-1500.0,3,1500.0,-1500.0,I/O Intr
SR05MS-PC-SQUAD-12:SETI,1500.0,-1500.0,3,1500.0,-1500.0,Passive
SR05MS-PC-SQUAD-13:I,1500.0,-1500.0,3,1500.0,-1500.0,I/O Intr
SR05MS-PC-SQUAD-13:SETI,1500.0,-1500.0,3,1500.0,-1500.0,Passive
SR05MS-PC-SQUAD-14:I,1500.0,-1500.0,3,1500.0,-1500.0,I/O Intr
SR05MS-PC-SQUAD-14:SETI,1500.0,-1500.0,3,1500.0,-1500.0,Passive
SR05MS-PC-VSTR-08:I,1500.0,-1500.0,3,1500.0,-1500.0,I/O Intr
SR05MS-PC-VSTR-08:SETI,1500.0,-1500.0,3,1500.0,-1500.0,Passive
SR05MS-PC-VSTR-09:I,1500.0,-1500.0,3,1500.0,-1500.0,I/O Intr
SR05MS-PC-VSTR-09:SETI,1500.0,-1500.0,3,1500.0,-1500.0,Passive
SR05MS-PC-VSTR-10:I,1500.0,-1500.0,3,1500.0,-1500.0,I/O Intr
SR05MS-PC-VSTR-10:SETI,1500.0,-1500.0,3,1500.0,-1500.0,Passive
SR05MS-PC-VSTR-13:I,1500.0,-1500.0,3,1500.0,-1500.0,I/O Intr
SR05MS-PC-VSTR-13:SETI,1500.0,-1500.0,3,1500.0,-1500.0,Passive
SR05MS-PC-VSTR-14:I,1500.0,-1500.0,3,1500.0,-1500.0,I/O Intr
SR05MS-PC-VSTR-14:SETI,1500.0,-1500.0,3,1500.0,-1500.0,Passive
SR05SI-PC-HSTR-11:I,1500.0,-1500.0,3,1500.0,-1500.0,I/O Intr
SR05SI-PC-HSTR-11:SETI,1500.0,-1500.0,3,1500.0,-1500.0,Passive
SR05SI-PC-HSTR-12:I,1500.0,-1500.0,3,1500.0,-1500.0,I/O Intr
SR05SI-PC-HSTR-12:SETI,1500.0,-1500.0,3,1500.0,-1500.0,Passive
SR05SI-PC-VSTR-11:I,1500.0,-1500.0,3,1500.0,-1500.0,I/O Intr
SR05SI-PC-VSTR-11:SETI,1500.0,-1500.0,3,1500.0,-1500.0,Passive
SR05SI-PC-VSTR-12:I,1500.0,-1500.0,3,1500.0,-1500.0,I/O Intr
SR05SI-PC-VSTR-12:SETI,1500.0,-1500.0,3,1500.0,-1500.0,Passive
SR06-PC-DL1:I,1500.0,-1500.0,3,1500.0,-1500.0,I/O Intr
SR06-PC-DL1:SETI,1500.0,-1500.0,3,1500.0,-1500.0,Passive
SR06-PC-DL2:I,1500.0,-1500.0,3,1500.0,-1500.0,I/O Intr
SR06-PC-DL2:SETI,1500.0,-1500.0,3,1500.0,-1500.0,Passive
SR06-PC-DL3:I,1500.0,-1500.0,3,1500.0,-1500.0,I/O Intr
SR06-PC-DL3:SETI,1500.0,-1500.0,3,1500.0,-1500.0,Passive
SR06-PC-DL4:I,1500.0,-1500.0,3,1500.0,-1500.0,I/O Intr
SR06-PC-DL4:SETI,1500.0,-1500.0,3,1500.0,-1500.0,Passive
SR06C-DI-EBPM-01:SA:X,1500.0,-1500.0,3,1500.0,-1500.0,I/O Intr
SR06C-DI-EBPM-01:SA:Y,1500.0,-1500.0,3,1500.0,-1500.0,I/O Intr
SR06C-DI-EBPM-02:SA:X,1500.0,-1500.0,3,1500.0,-1500.0,I/O Intr
SR06C-DI-EBPM-02:SA:Y,1500.0,-1500.0,3,1500.0,-1500.0,I/O Intr
SR06C-DI-EBPM-03:SA:X,1500.0,-1500.0,3,1500.0,-1500.0,I/O Intr
SR06C-DI-EBPM-03:SA:Y,1500.0,-1500.0,3,1500.0,-1500.0,I/O Intr
SR06C-DI-EBPM-04:SA:X,1500.0,-1500.0,3,1500.0,-1500.0,I/O Intr
SR06C-DI-EBPM-04:SA:Y,1500.0,-1500.0,3,1500.0,-1500.0,I/O Intr
SR06C-DI-EBPM-05:SA:X,1500.0,-1500.0,3,1500.0,-1500.0,I/O Intr
SR06C-DI-EBPM-05:SA:Y,1500.0,-1500.0,3,1500.0,-1500.0,I/O Intr
SR06C-DI-EBPM-06:SA:X,1500.0,-1500.0,3,1500.0,-1500.0,I/O Intr
SR06C-DI-EBPM-06:SA:Y,1500.0,-1500.0,3,1500.0,-1500.0,I/O Intr
SR06C-DI-EBPM-07:SA:X,1500.0,-1500.0,3,1500.0,-1500.0,I/O Intr
SR06C-DI-EBPM-07:SA:Y,1500.0,-1500.0,3,1500.0,-1500.0,I/O Intr
SR06C-DI-EBPM-08:SA:X,1500.0,-1500.0,3,1500.0,-1500.0,I/O Intr
SR06C-DI-EBPM-08:SA:Y,1500.0,-1500.0,3,1500.0,-1500.0,I/O Intr
SR06C-DI-EBPM-09:SA:X,1500.0,-1500.0,3,1500.0,-1500.0,I/O Intr
SR06C-DI-EBPM-09:SA:Y,1500.0,-1500.0,3,1500.0,-1500.0,I/O Intr
SR06C-DI-EBPM-10:SA:X,1500.0,-1500.0,3,1500.0,-1500.0,I/O Intr
SR06C-DI-EBPM-10:SA:Y,1500.0,-1500.0,3,1500.0,-1500.0,I/O Intr
SR06MS-PC-ABQ-03:I,1500.0,-1500.0,3,1500.0,-1500.0,I/O Intr
SR06MS-PC-ABQ-03:SETI,1500.0,-1500.0,3,1500.0,-1500.0,Passive
SR06MS-PC-ABQ-04:I,1500.0,-1500.0,3,1500.0,-1500.0,I/O Intr
SR06MS-PC-ABQ-04:SETI,1500.0,-1500.0,3,1500.0,-1500.0,Passive
SR06MS-PC-DQ-02:I,1500.0,-1500.0,3,1500.0,-1500.0,I/O Intr
SR06MS-PC-DQ-02:SETI,1500.0,-1500.0,3,1500.0,-1500.0,Passive
SR06MS-PC-HSTR-08:I,1500.0,-1500.0,3,1500.0,-1500.0,I/O Intr
SR06MS-PC-HSTR-08:SETI,1500.0,-1500.0,3,1500.0,-1500.0,Passive
SR06MS-PC-HSTR-09:I,1500.0,-1500.0,3,1500.0,-1500.0,I/O Intr
SR06MS-PC-HSTR-09:SETI,1500.0,-1500.0,3,1500.0,-1500.0,Passive
SR06MS-PC-HSTR-10:I,1500.0,-1500.0,3,1500.0,-1500.0,I/O Intr
SR06MS-PC-HSTR-10:SETI,1500.0,-1500.0,3,1500.0,-1500.0,Passive
SR06MS-PC-HSTR-12:I,1500.0,-1500.0,3,1500.0,-1500.0,I/O Intr
SR06MS-PC-HSTR-12:SETI,1500.0,-1500.0,3,1500.0,-1500.0,Passive
SR06MS-PC-HSTR-13:I,1500.0,-1500.0,3,1500.0,-1500.0,I/O Intr
SR06MS-PC-HSTR-13:SETI,1500.0,-1500.0,3,1500.0,-1500.0,Passive
SR06MS-PC-HSTR-14:I,1500.0,-1500.0,3,1500.0,-1500.0,I/O Intr
SR06MS-PC-HSTR-14:SETI,1500.0,-1500.0,3,1500.0,-1500.0,Passive
SR06MS-PC-OCT-11:I,1500.0,-1500.0,3,1500.0,-1500.0,I/O Intr
SR06MS-PC-OCT-11:SETI,1500.0,-1500.0,3,1500.0,-1500.0,Passive
SR06MS-PC-QUAD-07:I,1500.0,-1500.0,3,1500.0,-1500.0,I/O Intr
SR06MS-PC-QUAD-07:SETI,1500.0,-1500.0,3,1500.0,-1500.0,Passive
SR06MS-PC-QUAD-08:I,1500.0,-1500.0,3,1500.0,-1500.0,I/O Intr
SR06MS-PC-QUAD-08:SETI,1500.0,-1500.0,3,1500.0,-1500.0,Passive
SR06MS-PC-QUAD-09:I,1500.0,-1500.0,3,1500.0,-1500.0,I/O Intr
SR06MS-PC-QUAD-09:SETI,1500.0,-1500.0,3,1500.0,-1500.0,Passive
SR06MS-PC-QUAD-10:I,1500.0,-1500.0,3,1500.0,-1500.0,I/O Intr
SR06MS-PC-QUAD-10:SETI,1500.0,-1500.0,3,1500.0,-1500.0,Passive
SR06MS-PC-QUAD-11:I,1500.0,-1500.0,3,1500.0,-1500.0,I/O Intr
SR06MS-PC-QUAD-11:SETI,1500.0,-1500.0,3,1500.0,-1500.0,Passive
SR06MS-PC-QUAD-12:I,1500.0,-1500.0,3,1500.0,-1500.0,I/O Intr
SR06MS-PC-QUAD-12:SETI,1500.0,-1500.0,3,1500.0,-1500.0,Passive
SR06MS-PC-SEXT-08:I,1500.0,-1500.0,3,1500.0,-1500.0,I/O Intr
SR06MS-PC-SEXT-08:SETI,1500.0,-1500.0,3,1500.0,-1500.0,Passive
SR06MS-PC-SEXT-09:I,1500.0,-1500.0,3,1500.0,-1500.0,I/O Intr
SR06MS-PC-SEXT-09:SETI,1500.0,-1500.0,3,1500.0,-1500.0,Passive
SR06MS-PC-SEXT-10:I,1500.0,-1500.0,3,1500.0,-1500.0,I/O Intr
SR06MS-PC-SEXT-10:SETI,1500.0,-1500.0,3,1500.0,-1500.0,Passive
SR06MS-PC-SEXT-12:I,1500.0,-1500.0,3,1500.0,-1500.0,I/O Intr
SR06MS-PC-SEXT-12:SETI,1500.0,-1500.0,3,1500.0,-1500.0,Passive
SR06MS-PC-SEXT-13:I,1500.0,-1500.0,3,1500.0,-1500.0,I/O Intr
SR06MS-PC-SEXT-13:SETI,1500.0,-1500.0,3,1500.0,-1500.0,Passive
SR06MS-PC-SEXT-14:I,1500.0,-1500.0,3,1500.0,-1500.0,I/O Intr
SR06MS-PC-SEXT-14:SETI,1500.0,-1500.0,3,1500.0,-1500.0,Passive
SR06MS-PC-SQUAD-08:I,1500.0,-1500.0,3,1500.0,-1500.0,I/O Intr
SR06MS-PC-SQUAD-08:SETI,1500.0,-1500.0,3,1500.0,-1500.0,Passive
SR06MS-PC-SQUAD-09:I,1500.0,-1500.0,3,1500.0,-1500.0,I/O Intr
SR06MS-PC-SQUAD-09:SETI,1500.0,-1500.0,3,1500.0,-1500.0,Passive
SR06MS-PC-SQUAD-10:I,1500.0,-1500.0,3,1500.0,-1500.0,I/O Intr
SR06MS-PC-SQUAD-10:SETI,1500.0,-1500.0,3,1500.0,-1500.0,Passive
SR06MS-PC-SQUAD-12:I,1500.0,-1500.0,3,1500.0,-1500.0,I/O Intr
SR06MS-PC-SQUAD-12:SETI,1500.0,-1500.0,3,1500.0,-1500.0,Passive
SR06MS-PC-SQUAD-13:I,1500.0,-1500.0,3,1500.0,-1500.0,I/O Intr
SR06MS-PC-SQUAD-13:SETI,1500.0,-1500.0,3,1500.0,-1500.0,Passive
SR06MS-PC-SQUAD-14:I,1500.0,-1500.0,3,1500.0,-1500.0,I/O Intr
SR06MS-PC-SQUAD-14:SETI,1500.0,-1500.0,3,1500.0,-1500.0,Passive
SR06MS-PC-VSTR-08:I,1500.0,-1500.0,3,1500.0,-1500.0,I/O Intr
SR06MS-PC-VSTR-08:SETI,1500.0,-1500.0,3,1500.0,-1500.0,Passive
SR06MS-PC-VSTR-09:I,1500.0,-1500.0,3,1500.0,-1500.0,I/O Intr
SR06MS-PC-VSTR-09:SETI,1500.0,-1500.0,3,1500.0,-1500.0,Passive
SR06MS-PC-VSTR-10:I,1500.0,-1500.0,3,1500.0,-1500.0,I/O Intr
SR06MS-PC-VSTR-10:SETI,1500.0,-1500.0,3,1500.0,-1500.0,Passive
SR06MS-PC-VSTR-12:I,1500.0,-1500.0,3,1500.0,-1500.0,I/O Intr
SR06MS-PC-VSTR-12:SETI,1500.0,-1500.0,3,1500.0,-1500.0,Passive
SR06MS-PC-VSTR-13:I,1500.0,-1500.0,3,1500.0,-1500.0,I/O Intr
SR06MS-PC-VSTR-13:SETI,1500.0,-1500.0,3,1500.0,-1500.0,Passive
SR06MS-PC-VSTR-14:I,1500.0,-1500.0,3,1500.0,-1500.0,I/O Intr
SR06MS-PC-VSTR-14:SETI,1500.0,-1500.0,3,1500.0,-1500.0,Passive
SR06SI-PC-HSTR-11:I,1500.0,-1500.0,3,1500.0,-1500.0,I/O Intr
SR06SI-PC-HSTR-11:SETI,1500.0,-1500.0,3,1500.0,-1500.0,Passive
SR06SI-PC-HSTR-12:I,1500.0,-1500.0,3,1500.0,-1500.0,I/O Intr
SR06SI-PC-HSTR-12:SETI,1500.0,-1500.0,3,1500.0,-1500.0,Passive
SR06SI-PC-HSTR-13:I,1500.0,-1500.0,3,1500.0,-1500.0,I/O Intr
SR06SI-PC-HSTR-13:SETI,1500.0,-1500.0,3,1500.0,-1500.0,Passive
SR06SI-PC-HSTR-14:I,1500.0,-1500.0,3,1500.0,-1500.0,I/O Intr
SR06SI-PC-HSTR-14:SETI,1500.0,-1500.0,3,1500.0,-1500.0,Passive
SR06SI-PC-VSTR-11:I,1500.0,-1500.0,3,1500.0,-1500.0,I/O Intr
SR06SI-PC-VSTR-11:SETI,1500.0,-1500.0,3,1500.0,-1500.0,Passive
SR06SI-PC-VSTR-12:I,1500.0,-1500.0,3,1500.0,-1500.0,I/O Intr
SR06SI-PC-VSTR-12:SETI,1500.0,-1500.0,3,1500.0,-1500.0,Passive
SR06SI-PC-VSTR-13:I,1500.0,-1500.0,3,1500.0,-1500.0,I/O Intr
SR06SI-PC-VSTR-13:SETI,1500.0,-1500.0,3,1500.0,-1500.0,Passive
SR06SI-PC-VSTR-14:I,1500.0,-1500.0,3,1500.0,-1500.0,I/O Intr
SR06SI-PC-VSTR-14:SETI,1500.0,-1500.0,3,1500.0,-1500.0,Passive
SR06SM-PC-ABQ-01:I,1500.0,-1500.0,3,1500.0,-1500.0,I/O Intr
SR06SM-PC-ABQ-01:SETI,1500.0,-1500.0,3,1500.0,-1500.0,Passive
SR06SM-PC-ABQ-02:I,1500.0,-1500.0,3,1500.0,-1500.0,I/O Intr
SR06SM-PC-ABQ-02:SETI,1500.0,-1500.0,3,1500.0,-1500.0,Passive
SR06SM-PC-DQ-01:I,1500.0,-1500.0,3,1500.0,-1500.0,I/O Intr
SR06SM-PC-DQ-01:SETI,1500.0,-1500.0,3,1500.0,-1500.0,Passive
SR06SM-PC-HSTR-01:I,1500.0,-1500.0,3,1500.0,-1500.0,I/O Intr
SR06SM-PC-HSTR-01:SETI,1500.0,-1500.0,3,1500.0,-1500.0,Passive
SR06SM-PC-HSTR-02:I,1500.0,-1500.0,3,1500.0,-1500.0,I/O Intr
SR06SM-PC-HSTR-02:SETI,1500.0,-1500.0,3,1500.0,-1500.0,Passive
SR06SM-PC-HSTR-03:I,1500.0,-1500.0,3,1500.0,-1500.0,I/O Intr
SR06SM-PC-HSTR-03:SETI,1500.0,-1500.0,3,1500.0,-1500.0,Passive
SR06SM-PC-HSTR-05:I,1500.0,-1500.0,3,1500.0,-1500.0,I/O Intr
SR06SM-PC-HSTR-05:SETI,1500.0,-1500.0,3,1500.0,-1500.0,Passive
SR06SM-PC-HSTR-06:I,1500.0,-1500.0,3,1500.0,-1500.0,I/O Intr
SR06SM-PC-HSTR-06:SETI,1500.0,-1500.0,3,1500.0,-1500.0,Passive
SR06SM-PC-HSTR-07:I,1500.0,-1500.0,3,1500.0,-1500.0,I/O Intr
SR06SM-PC-HSTR-07:SETI,1500.0,-1500.0,3,1500.0,-1500.0,Passive
SR06SM-PC-OCT-04:I,1500.0,-1500.0,3,1500.0,-1500.0,I/O Intr
SR06SM-PC-OCT-04:SETI,1500.0,-1500.0,3,1500.0,-1500.0,Passive
SR06SM-PC-QUAD-01:I,1500.0,-1500.0,3,1500.0,-1500.0,I/O Intr
SR06SM-PC-QUAD-01:SETI,1500.0,-1500.0,3,1500.0,-1500.0,Passive
SR06SM-PC-QUAD-02:I,1500.0,-1500.0,3,1500.0,-1500.0,I/O Intr
SR06SM-PC-QUAD-02:SETI,1500.0,-1500.0,3,1500.0,-1500.0,Passive
SR06SM-PC-QUAD-03:I,1500.0,-1500.0,3,1500.0,-1500.0,I/O Intr
SR06SM-PC-QUAD-03:SETI,1500.0,-1500.0,3,1500.0,-1500.0,Passive
SR06SM-PC-QUAD-04:I,1500.0,-1500.0,3,1500.0,-1500.0,I/O Intr
SR06SM-PC-QUAD-04:SETI,1500.0,-1500.0,3,1500.0,-1500.0,Passive
SR06SM-PC-QUAD-05:I,1500.0,-1500.0,3,1500.0,-1500.0,I/O Intr
SR06SM-PC-QUAD-05:SETI,1500.0,-1500.0,3,1500.0,-1500.0,Passive
SR06SM-PC-QUAD-06:I,1500.0,-1500.0,3,1500.0,-1500.0,I/O Intr
SR06SM-PC-QUAD-06:SETI,1500.0,-1500.0,3,1500.0,-1500.0,Passive
SR06SM-PC-SEXT-01:I,1500.0,-1500.0,3,1500.0,-1500.0,I/O Intr
SR06SM-PC-SEXT-01:SETI,1500.0,-1500.0,3,1500.0,-1500.0,Passive
SR06SM-PC-SEXT-02:I,1500.0,-1500.0,3,1500.0,-1500.0,I/O Intr
SR06SM-PC-SEXT-02:SETI,1500.0,-1500.0,3,1500.0,-1500.0,Passive
SR06SM-PC-SEXT-03:I,1500.0,-1500.0,3,1500.0,-1500.0,I/O Intr
SR06SM-PC-SEXT-03:SETI,1500.0,-1500.0,3,1500.0,-1500.0,Passive
SR06SM-PC-SEXT-05:I,1500.0,-1500.0,3,1500.0,-1500.0,I/O Intr
SR06SM-PC-SEXT-05:SETI,1500.0,-1500.0,3,1500.0,-1500.0,Passive
SR06SM-PC-SEXT-06:I,1500.0,-1500.0,3,1500.0,-1500.0,I/O Intr
SR06SM-PC-SEXT-06:SETI,1500.0,-1500.0,3,1500.0,-1500.0,Passive
SR06SM-PC-SEXT-07:I,1500.0,-1500.0,3,1500.0,-1500.0,I/O Intr
SR06SM-PC-SEXT-07:SETI,1500.0,-1500.0,3,1500.0,-1500.0,Passive
SR06SM-PC-SQUAD-01:I,1500.0,-1500.0,3,1500.0,-1500.0,I/O Intr
SR06SM-PC-SQUAD-01:SETI,1500.0,-1500.0,3,1500.0,-1500.0,Passive
SR06SM-PC-SQUAD-02:I,1500.0,-1500.0,3,1500.0,-1500.0,I/O Intr
SR06SM-PC-SQUAD-02:SETI,1500.0,-1500.0,3,1500.0,-1500.0,Passive
SR06SM-PC-SQUAD-03:I,1500.0,-1500.0,3,1500.0,-1500.0,I/O Intr
SR06SM-PC-SQUAD-03:SETI,1500.0,-1500.0,3,1500.0,-1500.0,Passive
SR06SM-PC-SQUAD-05:I,1500.0,-1500.0,3,1500.0,-1500.0,I/O Intr
SR06SM-PC-SQUAD-05:SETI,1500.0,-1500.0,3,1500.0,-1500.0,Passive
SR06SM-PC-SQUAD-06:I,1500.0,-1500.0,3,1500.0,-1500.0,I/O Intr
SR06SM-PC-SQUAD-06:SETI,1500.0,-1500.0,3,1500.0,-1500.0,Passive
SR06SM-PC-SQUAD-07:I,1500.0,-1500.0,3,1500.0,-1500.0,I/O Intr
SR06SM-PC-SQUAD-07:SETI,1500.0,-1500.0,3,1500.0,-1500.0,Passive
SR06SM-PC-VSTR-01:I,1500.0,-1500.0,3,1500.0,-1500.0,I/O Intr
SR06SM-PC-VSTR-01:SETI,1500.0,-1500.0,3,1500.0,-1500.0,Passive
SR06SM-PC-VSTR-02:I,1500.0,-1500.0,3,1500.0,-1500.0,I/O Intr
SR06SM-PC-VSTR-02:SETI,1500.0,-1500.0,3,1500.0,-1500.0,Passive
SR06SM-PC-VSTR-03:I,1500.0,-1500.0,3,1500.0,-1500.0,I/O Intr
SR06SM-PC-VSTR-03:SETI,1500.0,-1500.0,3,1500.0,-1500.0,Passive
SR06SM-PC-VSTR-05:I,1500.0,-1500.0,3,1500.0,-1500.0,I/O Intr
SR06SM-PC-VSTR-05:SETI,1500.0,-1500.0,3,1500.0,-1500.0,Passive
SR06SM-PC-VSTR-06:I,1500.0,-1500.0,3,1500.0,-1500.0,I/O Intr
SR06SM-PC-VSTR-06:SETI,1500.0,-1500.0,3,1500.0,-1500.0,Passive
SR06SM-PC-VSTR-07:I,1500.0,-1500.0,3,1500.0,-1500.0,I/O Intr
SR06SM-PC-VSTR-07:SETI,1500.0,-1500.0,3,1500.0,-1500.0,Passive
SR07-PC-DL1:I,1500.0,-1500.0,3,1500.0,-1500.0,I/O Intr
SR07-PC-DL1:SETI,1500.0,-1500.0,3,1500.0,-1500.0,Passive
SR07-PC-DL2:I,1500.0,-1500.0,3,1500.0,-1500.0,I/O Intr
SR07-PC-DL2:SETI,1500.0,-1500.0,3,1500.0,-1500.0,Passive
SR07-PC-DL3:I,1500.0,-1500.0,3,1500.0,-1500.0,I/O Intr
SR07-PC-DL3:SETI,1500.0,-1500.0,3,1500.0,-1500.0,Passive
SR07-PC-DL4:I,1500.0,-1500.0,3,1500.0,-1500.0,I/O Intr
SR07-PC-DL4:SETI,1500.0,-1500.0,3,1500.0,-1500.0,Passive
SR07C-DI-EBPM-01:SA:X,1500.0,-1500.0,3,1500.0,-1500.0,I/O Intr
SR07C-DI-EBPM-01:SA:Y,1500.0,-1500.0,3,1500.0,-1500.0,I/O Intr
SR07C-DI-EBPM-02:SA:X,1500.0,-1500.0,3,1500.0,-1500.0,I/O Intr
SR07C-DI-EBPM-02:SA:Y,1500.0,-1500.0,3,1500.0,-1500.0,I/O Intr
SR07C-DI-EBPM-03:SA:X,1500.0,-1500.0,3,1500.0,-1500.0,I/O Intr
SR07C-DI-EBPM-03:SA:Y,1500.0,-1500.0,3,1500.0,-1500.0,I/O Intr
SR07C-DI-EBPM-04:SA:X,1500.0,-1500.0,3,1500.0,-1500.0,I/O Intr
SR07C-DI-EBPM-04:SA:Y,1500.0,-1500.0,3,1500.0,-1500.0,I/O Intr
SR07C-DI-EBPM-05:SA:X,1500.0,-1500.0,3,1500.0,-1500.0,I/O Intr
SR07C-DI-EBPM-05:SA:Y,1500.0,-1500.0,3,1500.0,-1500.0,I/O Intr
SR07C-DI-EBPM-06:SA:X,1500.0,-1500.0,3,1500.0,-1500.0,I/O Intr
SR07C-DI-EBPM-06:SA:Y,1500.0,-1500.0,3,1500.0,-1500.0,I/O Intr
SR07C-DI-EBPM-07:SA:X,1500.0,-1500.0,3,1500.0,-1500.0,I/O Intr
SR07C-DI-EBPM-07:SA:Y,1500.0,-1500.0,3,1500.0,-1500.0,I/O Intr
SR07C-DI-EBPM-08:SA:X,1500.0,-1500.0,3,1500.0,-1500.0,I/O Intr
SR07C-DI-EBPM-08:SA:Y,1500.0,-1500.0,3,1500.0,-1500.0,I/O Intr
SR07C-DI-EBPM-09:SA:X,1500.0,-1500.0,3,1500.0,-1500.0,I/O Intr
SR07C-DI-EBPM-09:SA:Y,1500.0,-1500.0,3,1500.0,-1500.0,I/O Intr
SR07C-DI-EBPM-10:SA:X,1500.0,-1500.0,3,1500.0,-1500.0,I/O Intr
SR07C-DI-EBPM-10:SA:Y,1500.0,-1500.0,3,1500.0,-1500.0,I/O Intr
SR07MS-PC-ABQ-03:I,1500.0,-1500.0,3,1500.0,-1500.0,I/O Intr
SR07MS-PC-ABQ-03:SETI,1500.0,-1500.0,3,1500.0,-1500.0,Passive
SR07MS-PC-ABQ-04:I,1500.0,-1500.0,3,1500.0,-1500.0,I/O Intr
SR07MS-PC-ABQ-04:SETI,1500.0,-1500.0,3,1500.0,-1500.0,Passive
SR07MS-PC-DQ-02:I,1500.0,-1500.0,3,1500.0,-1500.0,I/O Intr
SR07MS-PC-DQ-02:SETI,1500.0,-1500.0,3,1500.0,-1500.0,Passive
SR07MS-PC-HSTR-08:I,1500.0,-1500.0,3,1500.0,-1500.0,I/O Intr
SR07MS-PC-HSTR-08:SETI,1500.0,-1500.0,3,1500.0,-1500.0,Passive
SR07MS-PC-HSTR-09:I,1500.0,-1500.0,3,1500.0,-1500.0,I/O Intr
SR07MS-PC-HSTR-09:SETI,1500.0,-1500.0,3,1500.0,-1500.0,Passive
SR07MS-PC-HSTR-10:I,1500.0,-1500.0,3,1500.0,-1500.0,I/O Intr
SR07MS-PC-HSTR-10:SETI,1500.0,-1500.0,3,1500.0,-1500.0,Passive
SR07MS-PC-HSTR-12:I,1500.0,-1500.0,3,1500.0,-1500.0,I/O Intr
SR07MS-PC-HSTR-12:SETI,1500.0,-1500.0,3,1500.0,-1500.0,Passive
SR07MS-PC-HSTR-13:I,1500.0,-1500.0,3,1500.0,-1500.0,I/O Intr
SR07MS-PC-HSTR-13:SETI,1500.0,-1500.0,3,1500.0,-1500.0,Passive
SR07MS-PC-HSTR-14:I,1500.0,-1500.0,3,1500.0,-1500.0,I/O Intr
SR07MS-PC-HSTR-14:SETI,1500.0,-1500.0,3,1500.0,-1500.0,Passive
SR07MS-PC-OCT-11:I,1500.0,-1500.0,3,1500.0,-1500.0,I/O Intr
SR07MS-PC-OCT-11:SETI,1500.0,-1500.0,3,1500.0,-1500.0,Passive
SR07MS-PC-QUAD-07:I,1500.0,-1500.0,3,1500.0,-1500.0,I/O Intr
SR07MS-PC-QUAD-07:SETI,1500.0,-1500.0,3,1500.0,-1500.0,Passive
SR07MS-PC-QUAD-08:I,1500.0,-1500.0,3,1500.0,-1500.0,I/O Intr
SR07MS-PC-QUAD-08:SETI,1500.0,-1500.0,3,1500.0,-1500.0,Passive
SR07MS-PC-QUAD-09:I,1500.0,-1500.0,3,1500.0,-1500.0,I/O Intr
SR07MS-PC-QUAD-09:SETI,1500.0,-1500.0,3,1500.0,-1500.0,Passive
SR07MS-PC-QUAD-10:I,1500.0,-1500.0,3,1500.0,-1500.0,I/O Intr
SR07MS-PC-QUAD-10:SETI,1500.0,-1500.0,3,1500.0,-1500.0,Passive
SR07MS-PC-QUAD-11:I,1500.0,-1500.0,3,1500.0,-1500.0,I/O Intr
SR07MS-PC-QUAD-11:SETI,1500.0,-1500.0,3,1500.0,-1500.0,Passive
SR07MS-PC-QUAD-12:I,1500.0,-1500.0,3,1500.0,-1500.0,I/O Intr
SR07MS-PC-QUAD-12:SETI,1500.0,-1500.0,3,1500.0,-1500.0,Passive
SR07MS-PC-SEXT-08:I,1500.0,-1500.0,3,1500.0,-1500.0,I/O Intr
SR07MS-PC-SEXT-08:SETI,1500.0,-1500.0,3,1500.0,-1500.0,Passive
SR07MS-PC-SEXT-09:I,1500.0,-1500.0,3,1500.0,-1500.0,I/O Intr
SR07MS-PC-SEXT-09:SETI,1500.0,-1500.0,3,1500.0,-1500.0,Passive
SR07MS-PC-SEXT-10:I,1500.0,-1500.0,3,1500.0,-1500.0,I/O Intr
SR07MS-PC-SEXT-10:SETI,1500.0,-1500.0,3,1500.0,-1500.0,Passive
SR07MS-PC-SEXT-12:I,1500.0,-1500.0,3,1500.0,-1500.0,I/O Intr
SR07MS-PC-SEXT-12:SETI,1500.0,-1500.0,3,1500.0,-1500.0,Passive
SR07MS-PC-SEXT-13:I,1500.0,-1500.0,3,1500.0,-1500.0,I/O Intr
SR07MS-PC-SEXT-13:SETI,1500.0,-1500.0,3,1500.0,-1500.0,Passive
SR07MS-PC-SEXT-14:I,1500.0,-1500.0,3,1500.0,-1500.0,I/O Intr
SR07MS-PC-SEXT-14:SETI,1500.0,-1500.0,3,1500.0,-1500.0,Passive
SR07MS-PC-SQUAD-08:I,1500.0,-1500.0,3,1500.0,-1500.0,I/O Intr
SR07MS-PC-SQUAD-08:SETI,1500.0,-1500.0,3,1500.0,-1500.0,Passive
SR07MS-PC-SQUAD-09:I,1500.0,-1500.0,3,1500.0,-1500.0,I/O Intr
SR07MS-PC-SQUAD-09:SETI,1500.0,-1500.0,3,1500.0,-1500.0,Passive
SR07MS-PC-SQUAD-10:I,1500.0,-1500.0,3,1500.0,-1500.0,I/O Intr
SR07MS-PC-SQUAD-10:SETI,1500.0,-1500.0,3,1500.0,-1500.0,Passive
SR07MS-PC-SQUAD-12:I,1500.0,-1500.0,3,1500.0,-1500.0,I/O Intr
SR07MS-PC-SQUAD-12:SETI,1500.0,-1500.0,3,1500.0,-1500.0,Passive
SR07MS-PC-SQUAD-13:I,1500.0,-1500.0,3,1500.0,-1500.0,I/O Intr
SR07MS-PC-SQUAD-13:SETI,1500.0,-1500.0,3,1500.0,-1500.0,Passive
SR07MS-PC-SQUAD-14:I,1500.0,-1500.0,3,1500.0,-1500.0,I/O Intr
SR07MS-PC-SQUAD-14:SETI,1500.0,-1500.0,3,1500.0,-1500.0,Passive
SR07MS-PC-VSTR-08:I,1500.0,-1500.0,3,1500.0,-1500.0,I/O Intr
SR07MS-PC-VSTR-08:SETI,1500.0,-1500.0,3,1500.0,-1500.0,Passive
SR07MS-PC-VSTR-09:I,1500.0,-1500.0,3,1500.0,-1500.0,I/O Intr
SR07MS-PC-VSTR-09:SETI,1500.0,-1500.0,3,1500.0,-1500.0,Passive
SR07MS-PC-VSTR-10:I,1500.0,-1500.0,3,1500.0,-1500.0,I/O Intr
SR07MS-PC-VSTR-10:SETI,1500.0,-1500.0,3,1500.0,-1500.0,Passive
SR07MS-PC-VSTR-12:I,1500.0,-1500.0,3,1500.0,-1500.0,I/O Intr
SR07MS-PC-VSTR-12:SETI,1500.0,-1500.0,3,1500.0,-1500.0,Passive
SR07MS-PC-VSTR-13:I,1500.0,-1500.0,3,1500.0,-1500.0,I/O Intr
SR07MS-PC-VSTR-13:SETI,1500.0,-1500.0,3,1500.0,-1500.0,Passive
SR07MS-PC-VSTR-14:I,1500.0,-1500.0,3,1500.0,-1500.0,I/O Intr
SR07MS-PC-VSTR-14:SETI,1500.0,-1500.0,3,1500.0,-1500.0,Passive
SR07SI-PC-HSTR-11:I,1500.0,-1500.0,3,1500.0,-1500.0,I/O Intr
SR07SI-PC-HSTR-11:SETI,1500.0,-1500.0,3,1500.0,-1500.0,Passive
SR07SI-PC-HSTR-12:I,1500.0,-1500.0,3,1500.0,-1500.0,I/O Intr
SR07SI-PC-HSTR-12:SETI,1500.0,-1500.0,3,1500.0,-1500.0,Passive
SR07SI-PC-VSTR-11:I,1500.0,-1500.0,3,1500.0,-1500.0,I/O Intr
SR07SI-PC-VSTR-11:SETI,1500.0,-1500.0,3,1500.0,-1500.0,Passive
SR07SI-PC-VSTR-12:I,1500.0,-1500.0,3,1500.0,-1500.0,I/O Intr
SR07SI-PC-VSTR-12:SETI,1500.0,-1500.0,3,1500.0,-1500.0,Passive
SR07SK-PC-HSTR-11:I,1500.0,-1500.0,3,1500.0,-1500.0,I/O Intr
SR07SK-PC-HSTR-11:SETI,1500.0,-1500.0,3,1500.0,-1500.0,Passive
SR07SK-PC-HSTR-12:I,1500.0,-1500.0,3,1500.0,-1500.0,I/O Intr
SR07SK-PC-HSTR-12:SETI,1500.0,-1500.0,3,1500.0,-1500.0,Passive
SR07SK-PC-VSTR-11:I,1500.0,-1500.0,3,1500.0,-1500.0,I/O Intr
SR07SK-PC-VSTR-11:SETI,1500.0,-1500.0,3,1500.0,-1500.0,Passive
SR07SK-PC-VSTR-12:I,1500.0,-1500.0,3,1500.0,-1500.0,I/O Intr
SR07SK-PC-VSTR-12:SETI,1500.0,-1500.0,3,1500.0,-1500.0,Passive
SR07SM-PC-ABQ-01:I,1500.0,-1500.0,3,1500.0,-1500.0,I/O Intr
SR07SM-PC-ABQ-01:SETI,1500.0,-1500.0,3,1500.0,-1500.0,Passive
SR07SM-PC-ABQ-02:I,1500.0,-1500.0,3,1500.0,-1500.0,I/O Intr
SR07SM-PC-ABQ-02:SETI,1500.0,-1500.0,3,1500.0,-1500.0,Passive
SR07SM-PC-DQ-01:I,1500.0,-1500.0,3,1500.0,-1500.0,I/O Intr
SR07SM-PC-DQ-01:SETI,1500.0,-1500.0,3,1500.0,-1500.0,Passive
SR07SM-PC-HSTR-01:I,1500.0,-1500.0,3,1500.0,-1500.0,I/O Intr
SR07SM-PC-HSTR-01:SETI,1500.0,-1500.0,3,1500.0,-1500.0,Passive
SR07SM-PC-HSTR-02:I,1500.0,-1500.0,3,1500.0,-1500.0,I/O Intr
SR07SM-PC-HSTR-02:SETI,1500.0,-1500.0,3,1500.0,-1500.0,Passive
SR07SM-PC-HSTR-03:I,1500.0,-1500.0,3,1500.0,-1500.0,I/O Intr
SR07SM-PC-HSTR-03:SETI,1500.0,-1500.0,3,1500.0,-1500.0,Passive
SR07SM-PC-HSTR-05:I,1500.0,-1500.0,3,1500.0,-1500.0,I/O Intr
SR07SM-PC-HSTR-05:SETI,1500.0,-1500.0,3,1500.0,-1500.0,Passive
SR07SM-PC-HSTR-06:I,1500.0,-1500.0,3,1500.0,-1500.0,I/O Intr
SR07SM-PC-HSTR-06:SETI,1500.0,-1500.0,3,1500.0,-1500.0,Passive
SR07SM-PC-HSTR-07:I,1500.0,-1500.0,3,1500.0,-1500.0,I/O Intr
SR07SM-PC-HSTR-07:SETI,1500.0,-1500.0,3,1500.0,-1500.0,Passive
SR07SM-PC-OCT-04:I,1500.0,-1500.0,3,1500.0,-1500.0,I/O Intr
SR07SM-PC-OCT-04:SETI,1500.0,-1500.0,3,1500.0,-1500.0,Passive
SR07SM-PC-QUAD-01:I,1500.0,-1500.0,3,1500.0,-1500.0,I/O Intr
SR07SM-PC-QUAD-01:SETI,1500.0,-1500.0,3,1500.0,-1500.0,Passive
SR07SM-PC-QUAD-02:I,1500.0,-1500.0,3,1500.0,-1500.0,I/O Intr
SR07SM-PC-QUAD-02:SETI,1500.0,-1500.0,3,1500.0,-1500.0,Passive
SR07SM-PC-QUAD-03:I,1500.0,-1500.0,3,1500.0,-1500.0,I/O Intr
SR07SM-PC-QUAD-03:SETI,1500.0,-1500.0,3,1500.0,-1500.0,Passive
SR07SM-PC-QUAD-04:I,1500.0,-1500.0,3,1500.0,-1500.0,I/O Intr
SR07SM-PC-QUAD-04:SETI,1500.0,-1500.0,3,1500.0,-1500.0,Passive
SR07SM-PC-QUAD-05:I,1500.0,-1500.0,3,1500.0,-1500.0,I/O Intr
SR07SM-PC-QUAD-05:SETI,1500.0,-1500.0,3,1500.0,-1500.0,Passive
SR07SM-PC-QUAD-06:I,1500.0,-1500.0,3,1500.0,-1500.0,I/O Intr
SR07SM-PC-QUAD-06:SETI,1500.0,-1500.0,3,1500.0,-1500.0,Passive
SR07SM-PC-SEXT-01:I,1500.0,-1500.0,3,1500.0,-1500.0,I/O Intr
SR07SM-PC-SEXT-01:SETI,1500.0,-1500.0,3,1500.0,-1500.0,Passive
SR07SM-PC-SEXT-02:I,1500.0,-1500.0,3,1500.0,-1500.0,I/O Intr
SR07SM-PC-SEXT-02:SETI,1500.0,-1500.0,3,1500.0,-1500.0,Passive
SR07SM-PC-SEXT-03:I,1500.0,-1500.0,3,1500.0,-1500.0,I/O Intr
SR07SM-PC-SEXT-03:SETI,1500.0,-1500.0,3,1500.0,-1500.0,Passive
SR07SM-PC-SEXT-05:I,1500.0,-1500.0,3,1500.0,-1500.0,I/O Intr
SR07SM-PC-SEXT-05:SETI,1500.0,-1500.0,3,1500.0,-1500.0,Passive
SR07SM-PC-SEXT-06:I,1500.0,-1500.0,3,1500.0,-1500.0,I/O Intr
SR07SM-PC-SEXT-06:SETI,1500.0,-1500.0,3,1500.0,-1500.0,Passive
SR07SM-PC-SEXT-07:I,1500.0,-1500.0,3,1500.0,-1500.0,I/O Intr
SR07SM-PC-SEXT-07:SETI,1500.0,-1500.0,3,1500.0,-1500.0,Passive
SR07SM-PC-SQUAD-01:I,1500.0,-1500.0,3,1500.0,-1500.0,I/O Intr
SR07SM-PC-SQUAD-01:SETI,1500.0,-1500.0,3,1500.0,-1500.0,Passive
SR07SM-PC-SQUAD-02:I,1500.0,-1500.0,3,1500.0,-1500.0,I/O Intr
SR07SM-PC-SQUAD-02:SETI,1500.0,-1500.0,3,1500.0,-1500.0,Passive
SR07SM-PC-SQUAD-03:I,1500.0,-1500.0,3,1500.0,-1500.0,I/O Intr
SR07SM-PC-SQUAD-03:SETI,1500.0,-1500.0,3,1500.0,-1500.0,Passive
SR07SM-PC-SQUAD-05:I,1500.0,-1500.0,3,1500.0,-1500.0,I/O Intr
SR07SM-PC-SQUAD-05:SETI,1500.0,-1500.0,3,1500.0,-1500.0,Passive
SR07SM-PC-SQUAD-06:I,1500.0,-1500.0,3,1500.0,-1500.0,I/O Intr
SR07SM-PC-SQUAD-06:SETI,1500.0,-1500.0,3,1500.0,-1500.0,Passive
SR07SM-PC-SQUAD-07:I,1500.0,-1500.0,3,1500.0,-1500.0,I/O Intr
SR07SM-PC-SQUAD-07:SETI,1500.0,-1500.0,3,1500.0,-1500.0,Passive
SR07SM-PC-VSTR-01:I,1500.0,-1500.0,3,1500.0,-1500.0,I/O Intr
SR07SM-PC-VSTR-01:SETI,1500.0,-1500.0,3,1500.0,-1500.0,Passive
SR07SM-PC-VSTR-02:I,1500.0,-1500.0,3,1500.0,-1500.0,I/O Intr
SR07SM-PC-VSTR-02:SETI,1500.0,-1500.0,3,1500.0,-1500.0,Passive
SR07SM-PC-VSTR-03:I,1500.0,-1500.0,3,1500.0,-1500.0,I/O Intr
SR07SM-PC-VSTR-03:SETI,1500.0,-1500.0,3,1500.0,-1500.0,Passive
SR07SM-PC-VSTR-05:I,1500.0,-1500.0,3,1500.0,-1500.0,I/O Intr
SR07SM-PC-VSTR-05:SETI,1500.0,-1500.0,3,1500.0,-1500.0,Passive
SR07SM-PC-VSTR-06:I,1500.0,-1500.0,3,1500.0,-1500.0,I/O Intr
SR07SM-PC-VSTR-06:SETI,1500.0,-1500.0,3,1500.0,-1500.0,Passive
SR07SM-PC-VSTR-07:I,1500.0,-1500.0,3,1500.0,-1500.0,I/O Intr
SR07SM-PC-VSTR-07:SETI,1500.0,-1500.0,3,1500.0,-1500.0,Passive
SR08-PC-DL1:I,1500.0,-1500.0,3,1500.0,-1500.0,I/O Intr
SR08-PC-DL1:SETI,1500.0,-1500.0,3,1500.0,-1500.0,Passive
SR08-PC-DL2:I,1500.0,-1500.0,3,1500.0,-1500.0,I/O Intr
SR08-PC-DL2:SETI,1500.0,-1500.0,3,1500.0,-1500.0,Passive
SR08-PC-DL3:I,1500.0,-1500.0,3,1500.0,-1500.0,I/O Intr
SR08-PC-DL3:SETI,1500.0,-1500.0,3,1500.0,-1500.0,Passive
SR08-PC-DL4:I,1500.0,-1500.0,3,1500.0,-1500.0,I/O Intr
SR08-PC-DL4:SETI,1500.0,-1500.0,3,1500.0,-1500.0,Passive
SR08C-DI-EBPM-01:SA:X,1500.0,-1500.0,3,1500.0,-1500.0,I/O Intr
SR08C-DI-EBPM-01:SA:Y,1500.0,-1500.0,3,1500.0,-1500.0,I/O Intr
SR08C-DI-EBPM-02:SA:X,1500.0,-1500.0,3,1500.0,-1500.0,I/O Intr
SR08C-DI-EBPM-02:SA:Y,1500.0,-1500.0,3,1500.0,-1500.0,I/O Intr
SR08C-DI-EBPM-03:SA:X,1500.0,-1500.0,3,1500.0,-1500.0,I/O Intr
SR08C-DI-EBPM-03:SA:Y,1500.0,-1500.0,3,1500.0,-1500.0,I/O Intr
SR08C-DI-EBPM-04:SA:X,1500.0,-1500.0,3,1500.0,-1500.0,I/O Intr
SR08C-DI-EBPM-04:SA:Y,1500.0,-1500.0,3,1500.0,-1500.0,I/O Intr
SR08C-DI-EBPM-05:SA:X,1500.0,-1500.0,3,1500.0,-1500.0,I/O Intr
SR08C-DI-EBPM-05:SA:Y,1500.0,-1500.0,3,1500.0,-1500.0,I/O Intr
SR08C-DI-EBPM-06:SA:X,1500.0,-1500.0,3,1500.0,-1500.0,I/O Intr
SR08C-DI-EBPM-06:SA:Y,1500.0,-1500.0,3,1500.0,-1500.0,I/O Intr
SR08C-DI-EBPM-07:SA:X,1500.0,-1500.0,3,1500.0,-1500.0,I/O Intr
SR08C-DI-EBPM-07:SA:Y,1500.0,-1500.0,3,1500.0,-1500.0,I/O Intr
SR08C-DI-EBPM-08:SA:X,1500.0,-1500.0,3,1500.0,-1500.0,I/O Intr
SR08C-DI-EBPM-08:SA:Y,1500.0,-1500.0,3,1500.0,-1500.0,I/O Intr
SR08C-DI-EBPM-09:SA:X,1500.0,-1500.0,3,1500.0,-1500.0,I/O Intr
SR08C-DI-EBPM-09:SA:Y,1500.0,-1500.0,3,1500.0,-1500.0,I/O Intr
SR08C-DI-EBPM-10:SA:X,1500.0,-1500.0,3,1500.0,-1500.0,I/O Intr
SR08C-DI-EBPM-10:SA:Y,1500.0,-1500.0,3,1500.0,-1500.0,I/O Intr
SR08C-DI-EBPM-11:SA:X,1500.0,-1500.0,3,1500.0,-1500.0,I/O Intr
SR08C-DI-EBPM-11:SA:Y,1500.0,-1500.0,3,1500.0,-1500.0,I/O Intr
SR08ML-PC-ABQ-03:I,1500.0,-1500.0,3,1500.0,-1500.0,I/O Intr
SR08ML-PC-ABQ-03:SETI,1500.0,-1500.0,3,1500.0,-1500.0,Passive
SR08ML-PC-ABQ-04:I,1500.0,-1500.0,3,1500.0,-1500.0,I/O Intr
SR08ML-PC-ABQ-04:SETI,1500.0,-1500.0,3,1500.0,-1500.0,Passive
SR08ML-PC-DQ-02:I,1500.0,-1500.0,3,1500.0,-1500.0,I/O Intr
SR08ML-PC-DQ-02:SETI,1500.0,-1500.0,3,1500.0,-1500.0,Passive
SR08ML-PC-HSTR-08:I,1500.0,-1500.0,3,1500.0,-1500.0,I/O Intr
SR08ML-PC-HSTR-08:SETI,1500.0,-1500.0,3,1500.0,-1500.0,Passive
SR08ML-PC-HSTR-09:I,1500.0,-1500.0,3,1500.0,-1500.0,I/O Intr
SR08ML-PC-HSTR-09:SETI,1500.0,-1500.0,3,1500.0,-1500.0,Passive
SR08ML-PC-HSTR-10:I,1500.0,-1500.0,3,1500.0,-1500.0,I/O Intr
SR08ML-PC-HSTR-10:SETI,1500.0,-1500.0,3,1500.0,-1500.0,Passive
SR08ML-PC-HSTR-13:I,1500.0,-1500.0,3,1500.0,-1500.0,I/O Intr
SR08ML-PC-HSTR-13:SETI,1500.0,-1500.0,3,1500.0,-1500.0,Passive
SR08ML-PC-HSTR-14:I,1500.0,-1500.0,3,1500.0,-1500.0,I/O Intr
SR08ML-PC-HSTR-14:SETI,1500.0,-1500.0,3,1500.0,-1500.0,Passive
SR08ML-PC-HSTR-15:I,1500.0,-1500.0,3,1500.0,-1500.0,I/O Intr
SR08ML-PC-HSTR-15:SETI,1500.0,-1500.0,3,1500.0,-1500.0,Passive
SR08ML-PC-OCT-11:I,1500.0,-1500.0,3,1500.0,-1500.0,I/O Intr
SR08ML-PC-OCT-11:SETI,1500.0,-1500.0,3,1500.0,-1500.0,Passive
SR08ML-PC-OCT-15:I,1500.0,-1500.0,3,1500.0,-1500.0,I/O Intr
SR08ML-PC-OCT-15:SETI,1500.0,-1500.0,3,1500.0,-1500.0,Passive
SR08ML-PC-QUAD-07:I,1500.0,-1500.0,3,1500.0,-1500.0,I/O Intr
SR08ML-PC-QUAD-07:SETI,1500.0,-1500.0,3,1500.0,-1500.0,Passive
SR08ML-PC-QUAD-08:I,1500.0,-1500.0,3,1500.0,-1500.0,I/O Intr
SR08ML-PC-QUAD-08:SETI,1500.0,-1500.0,3,1500.0,-1500.0,Passive
SR08ML-PC-QUAD-09:I,1500.0,-1500.0,3,1500.0,-1500.0,I/O Intr
SR08ML-PC-QUAD-09:SETI,1500.0,-1500.0,3,1500.0,-1500.0,Passive
SR08ML-PC-QUAD-10:I,1500.0,-1500.0,3,1500.0,-1500.0,I/O Intr
SR08ML-PC-QUAD-10:SETI,1500.0,-1500.0,3,1500.0,-1500.0,Passive
SR08ML-PC-QUAD-11:I,1500.0,-1500.0,3,1500.0,-1500.0,I/O Intr
SR08ML-PC-QUAD-11:SETI,1500.0,-1500.0,3,1500.0,-1500.0,Passive
SR08ML-PC-QUAD-12:I,1500.0,-1500.0,3,1500.0,-1500.0,I/O Intr
SR08ML-PC-QUAD-12:SETI,1500.0,-1500.0,3,1500.0,-1500.0,Passive
SR08ML-PC-QUAD-13:I,1500.0,-1500.0,3,1500.0,-1500.0,I/O Intr
SR08ML-PC-QUAD-13:SETI,1500.0,-1500.0,3,1500.0,-1500.0,Passive
SR08ML-PC-SEXT-08:I,1500.0,-1500.0,3,1500.0,-1500.0,I/O Intr
SR08ML-PC-SEXT-08:SETI,1500.0,-1500.0,3,1500.0,-1500.0,Passive
SR08ML-PC-SEXT-09:I,1500.0,-1500.0,3,1500.0,-1500.0,I/O Intr
SR08ML-PC-SEXT-09:SETI,1500.0,-1500.0,3,1500.0,-1500.0,Passive
SR08ML-PC-SEXT-10:I,1500.0,-1500.0,3,1500.0,-1500.0,I/O Intr
SR08ML-PC-SEXT-10:SETI,1500.0,-1500.0,3,1500.0,-1500.0,Passive
SR08ML-PC-SEXT-12:I,1500.0,-1500.0,3,1500.0,-1500.0,I/O Intr
SR08ML-PC-SEXT-12:SETI,1500.0,-1500.0,3,1500.0,-1500.0,Passive
SR08ML-PC-SEXT-13:I,1500.0,-1500.0,3,1500.0,-1500.0,I/O Intr
SR08ML-PC-SEXT-13:SETI,1500.0,-1500.0,3,1500.0,-1500.0,Passive
SR08ML-PC-SEXT-14:I,1500.0,-1500.0,3,1500.0,-1500.0,I/O Intr
SR08ML-PC-SEXT-14:SETI,1500.0,-1500.0,3,1500.0,-1500.0,Passive
SR08ML-PC-SQUAD-08:I,1500.0,-1500.0,3,1500.0,-1500.0,I/O Intr
SR08ML-PC-SQUAD-08:SETI,1500.0,-1500.0,3,1500.0,-1500.0,Passive
SR08ML-PC-SQUAD-09:I,1500.0,-1500.0,3,1500.0,-1500.0,I/O Intr
SR08ML-PC-SQUAD-09:SETI,1500.0,-1500.0,3,1500.0,-1500.0,Passive
SR08ML-PC-SQUAD-10:I,1500.0,-1500.0,3,1500.0,-1500.0,I/O Intr
SR08ML-PC-SQUAD-10:SETI,1500.0,-1500.0,3,1500.0,-1500.0,Passive
SR08ML-PC-SQUAD-12:I,1500.0,-1500.0,3,1500.0,-1500.0,I/O Intr
SR08ML-PC-SQUAD-12:SETI,1500.0,-1500.0,3,1500.0,-1500.0,Passive
SR08ML-PC-SQUAD-13:I,1500.0,-1500.0,3,1500.0,-1500.0,I/O Intr
SR08ML-PC-SQUAD-13:SETI,1500.0,-1500.0,3,1500.0,-1500.0,Passive
SR08ML-PC-SQUAD-14:I,1500.0,-1500.0,3,1500.0,-1500.0,I/O Intr
SR08ML-PC-SQUAD-14:SETI,1500.0,-1500.0,3,1500.0,-1500.0,Passive
SR08ML-PC-VSTR-08:I,1500.0,-1500.0,3,1500.0,-1500.0,I/O Intr
SR08ML-PC-VSTR-08:SETI,1500.0,-1500.0,3,1500.0,-1500.0,Passive
SR08ML-PC-VSTR-09:I,1500.0,-1500.0,3,1500.0,-1500.0,I/O Intr
SR08ML-PC-VSTR-09:SETI,1500.0,-1500.0,3,1500.0,-1500.0,Passive
SR08ML-PC-VSTR-10:I,1500.0,-1500.0,3,1500.0,-1500.0,I/O Intr
SR08ML-PC-VSTR-10:SETI,1500.0,-1500.0,3,1500.0,-1500.0,Passive
SR08ML-PC-VSTR-13:I,1500.0,-1500.0,3,1500.0,-1500.0,I/O Intr
SR08ML-PC-VSTR-13:SETI,1500.0,-1500.0,3,1500.0,-1500.0,Passive
SR08ML-PC-VSTR-14:I,1500.0,-1500.0,3,1500.0,-1500.0,I/O Intr
SR08ML-PC-VSTR-14:SETI,1500.0,-1500.0,3,1500.0,-1500.0,Passive
SR08ML-PC-VSTR-15:I,1500.0,-1500.0,3,1500.0,-1500.0,I/O Intr
SR08ML-PC-VSTR-15:SETI,1500.0,-1500.0,3,1500.0,-1500.0,Passive
SR08SI-PC-HSTR-11:I,1500.0,-1500.0,3,1500.0,-1500.0,I/O Intr
SR08SI-PC-HSTR-11:SETI,1500.0,-1500.0,3,1500.0,-1500.0,Passive
SR08SI-PC-HSTR-12:I,1500.0,-1500.0,3,1500.0,-1500.0,I/O Intr
SR08SI-PC-HSTR-12:SETI,1500.0,-1500.0,3,1500.0,-1500.0,Passive
SR08SI-PC-VSTR-11:I,1500.0,-1500.0,3,1500.0,-1500.0,I/O Intr
SR08SI-PC-VSTR-11:SETI,1500.0,-1500.0,3,1500.0,-1500.0,Passive
SR08SI-PC-VSTR-12:I,1500.0,-1500.0,3,1500.0,-1500.0,I/O Intr
SR08SI-PC-VSTR-12:SETI,1500.0,-1500.0,3,1500.0,-1500.0,Passive
SR08SM-PC-ABQ-01:I,1500.0,-1500.0,3,1500.0,-1500.0,I/O Intr
SR08SM-PC-ABQ-01:SETI,1500.0,-1500.0,3,1500.0,-1500.0,Passive
SR08SM-PC-ABQ-02:I,1500.0,-1500.0,3,1500.0,-1500.0,I/O Intr
SR08SM-PC-ABQ-02:SETI,1500.0,-1500.0,3,1500.0,-1500.0,Passive
SR08SM-PC-DQ-01:I,1500.0,-1500.0,3,1500.0,-1500.0,I/O Intr
SR08SM-PC-DQ-01:SETI,1500.0,-1500.0,3,1500.0,-1500.0,Passive
SR08SM-PC-HSTR-01:I,1500.0,-1500.0,3,1500.0,-1500.0,I/O Intr
SR08SM-PC-HSTR-01:SETI,1500.0,-1500.0,3,1500.0,-1500.0,Passive
SR08SM-PC-HSTR-02:I,1500.0,-1500.0,3,1500.0,-1500.0,I/O Intr
SR08SM-PC-HSTR-02:SETI,1500.0,-1500.0,3,1500.0,-1500.0,Passive
SR08SM-PC-HSTR-03:I,1500.0,-1500.0,3,1500.0,-1500.0,I/O Intr
SR08SM-PC-HSTR-03:SETI,1500.0,-1500.0,3,1500.0,-1500.0,Passive
SR08SM-PC-HSTR-05:I,1500.0,-1500.0,3,1500.0,-1500.0,I/O Intr
SR08SM-PC-HSTR-05:SETI,1500.0,-1500.0,3,1500.0,-1500.0,Passive
SR08SM-PC-HSTR-06:I,1500.0,-1500.0,3,1500.0,-1500.0,I/O Intr
SR08SM-PC-HSTR-06:SETI,1500.0,-1500.0,3,1500.0,-1500.0,Passive
SR08SM-PC-HSTR-07:I,1500.0,-1500.0,3,1500.0,-1500.0,I/O Intr
SR08SM-PC-HSTR-07:SETI,1500.0,-1500.0,3,1500.0,-1500.0,Passive
SR08SM-PC-OCT-04:I,1500.0,-1500.0,3,1500.0,-1500.0,I/O Intr
SR08SM-PC-OCT-04:SETI,1500.0,-1500.0,3,1500.0,-1500.0,Passive
SR08SM-PC-QUAD-01:I,1500.0,-1500.0,3,1500.0,-1500.0,I/O Intr
SR08SM-PC-QUAD-01:SETI,1500.0,-1500.0,3,1500.0,-1500.0,Passive
SR08SM-PC-QUAD-02:I,1500.0,-1500.0,3,1500.0,-1500.0,I/O Intr
SR08SM-PC-QUAD-02:SETI,1500.0,-1500.0,3,1500.0,-1500.0,Passive
SR08SM-PC-QUAD-03:I,1500.0,-1500.0,3,1500.0,-1500.0,I/O Intr
SR08SM-PC-QUAD-03:SETI,1500.0,-1500.0,3,1500.0,-1500.0,Passive
SR08SM-PC-QUAD-04:I,1500.0,-1500.0,3,1500.0,-1500.0,I/O Intr
SR08SM-PC-QUAD-04:SETI,1500.0,-1500.0,3,1500.0,-1500.0,Passive
SR08SM-PC-QUAD-05:I,1500.0,-1500.0,3,1500.0,-1500.0,I/O Intr
SR08SM-PC-QUAD-05:SETI,1500.0,-1500.0,3,1500.0,-1500.0,Passive
SR08SM-PC-QUAD-06:I,1500.0,-1500.0,3,1500.0,-1500.0,I/O Intr
SR08SM-PC-QUAD-06:SETI,1500.0,-1500.0,3,1500.0,-1500.0,Passive
SR08SM-PC-SEXT-01:I,1500.0,-1500.0,3,1500.0,-1500.0,I/O Intr
SR08SM-PC-SEXT-01:SETI,1500.0,-1500.0,3,1500.0,-1500.0,Passive
SR08SM-PC-SEXT-02:I,1500.0,-1500.0,3,1500.0,-1500.0,I/O Intr
SR08SM-PC-SEXT-02:SETI,1500.0,-1500.0,3,1500.0,-1500.0,Passive
SR08SM-PC-SEXT-03:I,1500.0,-1500.0,3,1500.0,-1500.0,I/O Intr
SR08SM-PC-SEXT-03:SETI,1500.0,-1500.0,3,1500.0,-1500.0,Passive
SR08SM-PC-SEXT-05:I,1500.0,-1500.0,3,1500.0,-1500.0,I/O Intr
SR08SM-PC-SEXT-05:SETI,1500.0,-1500.0,3,1500.0,-1500.0,Passive
SR08SM-PC-SEXT-06:I,1500.0,-1500.0,3,1500.0,-1500.0,I/O Intr
SR08SM-PC-SEXT-06:SETI,1500.0,-1500.0,3,1500.0,-1500.0,Passive
SR08SM-PC-SEXT-07:I,1500.0,-1500.0,3,1500.0,-1500.0,I/O Intr
SR08SM-PC-SEXT-07:SETI,1500.0,-1500.0,3,1500.0,-1500.0,Passive
SR08SM-PC-SQUAD-01:I,1500.0,-1500.0,3,1500.0,-1500.0,I/O Intr
SR08SM-PC-SQUAD-01:SETI,1500.0,-1500.0,3,1500.0,-1500.0,Passive
SR08SM-PC-SQUAD-02:I,1500.0,-1500.0,3,1500.0,-1500.0,I/O Intr
SR08SM-PC-SQUAD-02:SETI,1500.0,-1500.0,3,1500.0,-1500.0,Passive
SR08SM-PC-SQUAD-03:I,1500.0,-1500.0,3,1500.0,-1500.0,I/O Intr
SR08SM-PC-SQUAD-03:SETI,1500.0,-1500.0,3,1500.0,-1500.0,Passive
SR08SM-PC-SQUAD-05:I,1500.0,-1500.0,3,1500.0,-1500.0,I/O Intr
SR08SM-PC-SQUAD-05:SETI,1500.0,-1500.0,3,1500.0,-1500.0,Passive
SR08SM-PC-SQUAD-06:I,1500.0,-1500.0,3,1500.0,-1500.0,I/O Intr
SR08SM-PC-SQUAD-06:SETI,1500.0,-1500.0,3,1500.0,-1500.0,Passive
SR08SM-PC-SQUAD-07:I,1500.0,-1500.0,3,1500.0,-1500.0,I/O Intr
SR08SM-PC-SQUAD-07:SETI,1500.0,-1500.0,3,1500.0,-1500.0,Passive
SR08SM-PC-VSTR-01:I,1500.0,-1500.0,3,1500.0,-1500.0,I/O Intr
SR08SM-PC-VSTR-01:SETI,1500.0,-1500.0,3,1500.0,-1500.0,Passive
SR08SM-PC-VSTR-02:I,1500.0,-1500.0,3,1500.0,-1500.0,I/O Intr
SR08SM-PC-VSTR-02:SETI,1500.0,-1500.0,3,1500.0,-1500.0,Passive
SR08SM-PC-VSTR-03:I,1500.0,-1500.0,3,1500.0,-1500.0,I/O Intr
SR08SM-PC-VSTR-03:SETI,1500.0,-1500.0,3,1500.0,-1500.0,Passive
SR08SM-PC-VSTR-05:I,1500.0,-1500.0,3,1500.0,-1500.0,I/O Intr
SR08SM-PC-VSTR-05:SETI,1500.0,-1500.0,3,1500.0,-1500.0,Passive
SR08SM-PC-VSTR-06:I,1500.0,-1500.0,3,1500.0,-1500.0,I/O Intr
SR08SM-PC-VSTR-06:SETI,1500.0,-1500.0,3,1500.0,-1500.0,Passive
SR08SM-PC-VSTR-07:I,1500.0,-1500.0,3,1500.0,-1500.0,I/O Intr
SR08SM-PC-VSTR-07:SETI,1500.0,-1500.0,3,1500.0,-1500.0,Passive
SR09-PC-DL1:I,1500.0,-1500.0,3,1500.0,-1500.0,I/O Intr
SR09-PC-DL1:SETI,1500.0,-1500.0,3,1500.0,-1500.0,Passive
SR09-PC-DL2:I,1500.0,-1500.0,3,1500.0,-1500.0,I/O Intr
SR09-PC-DL2:SETI,1500.0,-1500.0,3,1500.0,-1500.0,Passive
SR09-PC-DL3:I,1500.0,-1500.0,3,1500.0,-1500.0,I/O Intr
SR09-PC-DL3:SETI,1500.0,-1500.0,3,1500.0,-1500.0,Passive
SR09-PC-DL4:I,1500.0,-1500.0,3,1500.0,-1500.0,I/O Intr
SR09-PC-DL4:SETI,1500.0,-1500.0,3,1500.0,-1500.0,Passive
SR09C-DI-EBPM-00:SA:X,1500.0,-1500.0,3,1500.0,-1500.0,I/O Intr
SR09C-DI-EBPM-00:SA:Y,1500.0,-1500.0,3,1500.0,-1500.0,I/O Intr
SR09C-DI-EBPM-01:SA:X,1500.0,-1500.0,3,1500.0,-1500.0,I/O Intr
SR09C-DI-EBPM-01:SA:Y,1500.0,-1500.0,3,1500.0,-1500.0,I/O Intr
SR09C-DI-EBPM-02:SA:X,1500.0,-1500.0,3,1500.0,-1500.0,I/O Intr
SR09C-DI-EBPM-02:SA:Y,1500.0,-1500.0,3,1500.0,-1500.0,I/O Intr
SR09C-DI-EBPM-03:SA:X,1500.0,-1500.0,3,1500.0,-1500.0,I/O Intr
SR09C-DI-EBPM-03:SA:Y,1500.0,-1500.0,3,1500.0,-1500.0,I/O Intr
SR09C-DI-EBPM-04:SA:X,1500.0,-1500.0,3,1500.0,-1500.0,I/O Intr
SR09C-DI-EBPM-04:SA:Y,1500.0,-1500.0,3,1500.0,-1500.0,I/O Intr
SR09C-DI-EBPM-05:SA:X,1500.0,-1500.0,3,1500.0,-1500.0,I/O Intr
SR09C-DI-EBPM-05:SA:Y,1500.0,-1500.0,3,1500.0,-1500.0,I/O Intr
SR09C-DI-EBPM-06:SA:X,1500.0,-1500.0,3,1500.0,-1500.0,I/O Intr
SR09C-DI-EBPM-06:SA:Y,1500.0,-1500.0,3,1500.0,-1500.0,I/O Intr
SR09C-DI-EBPM-07:SA:X,1500.0,-1500.0,3,1500.0,-1500.0,I/O Intr
SR09C-DI-EBPM-07:SA:Y,1500.0,-1500.0,3,1500.0,-1500.0,I/O Intr
SR09C-DI-EBPM-08:SA:X,1500.0,-1500.0,3,1500.0,-1500.0,I/O Intr
SR09C-DI-EBPM-08:SA:Y,1500.0,-1500.0,3,1500.0,-1500.0,I/O Intr
SR09C-DI-EBPM-09:SA:X,1500.0,-1500.0,3,1500.0,-1500.0,I/O Intr
SR09C-DI-EBPM-09:SA:Y,1500.0,-1500.0,3,1500.0,-1500.0,I/O Intr
SR09C-DI-EBPM-10:SA:X,1500.0,-1500.0,3,1500.0,-1500.0,I/O Intr
SR09C-DI-EBPM-10:SA:Y,1500.0,-1500.0,3,1500.0,-1500.0,I/O Intr
SR09LM-PC-ABQ-01:I,1500.0,-1500.0,3,1500.0,-1500.0,I/O Intr
SR09LM-PC-ABQ-01:SETI,1500.0,-1500.0,3,1500.0,-1500.0,Passive
SR09LM-PC-ABQ-02:I,1500.0,-1500.0,3,1500.0,-1500.0,I/O Intr
SR09LM-PC-ABQ-02:SETI,1500.0,-1500.0,3,1500.0,-1500.0,Passive
SR09LM-PC-DQ-01:I,1500.0,-1500.0,3,1500.0,-1500.0,I/O Intr
SR09LM-PC-DQ-01:SETI,1500.0,-1500.0,3,1500.0,-1500.0,Passive
SR09LM-PC-HSTR-00:I,1500.0,-1500.0,3,1500.0,-1500.0,I/O Intr
SR09LM-PC-HSTR-00:SETI,1500.0,-1500.0,3,1500.0,-1500.0,Passive
SR09LM-PC-HSTR-01:I,1500.0,-1500.0,3,1500.0,-1500.0,I/O Intr
SR09LM-PC-HSTR-01:SETI,1500.0,-1500.0,3,1500.0,-1500.0,Passive
SR09LM-PC-HSTR-02:I,1500.0,-1500.0,3,1500.0,-1500.0,I/O Intr
SR09LM-PC-HSTR-02:SETI,1500.0,-1500.0,3,1500.0,-1500.0,Passive
SR09LM-PC-HSTR-03:I,1500.0,-1500.0,3,1500.0,-1500.0,I/O Intr
SR09LM-PC-HSTR-03:SETI,1500.0,-1500.0,3,1500.0,-1500.0,Passive
SR09LM-PC-HSTR-05:I,1500.0,-1500.0,3,1500.0,-1500.0,I/O Intr
SR09LM-PC-HSTR-05:SETI,1500.0,-1500.0,3,1500.0,-1500.0,Passive
SR09LM-PC-HSTR-06:I,1500.0,-1500.0,3,1500.0,-1500.0,I/O Intr
SR09LM-PC-HSTR-06:SETI,1500.0,-1500.0,3,1500.0,-1500.0,Passive
SR09LM-PC-HSTR-07:I,1500.0,-1500.0,3,1500.0,-1500.0,I/O Intr
SR09LM-PC-HSTR-07:SETI,1500.0,-1500.0,3,1500.0,-1500.0,Passive
SR09LM-PC-OCT-00:I,1500.0,-1500.0,3,1500.0,-1500.0,I/O Intr
SR09LM-PC-OCT-00:SETI,1500.0,-1500.0,3,1500.0,-1500.0,Passive
SR09LM-PC-OCT-04:I,1500.0,-1500.0,3,1500.0,-1500.0,I/O Intr
SR09LM-PC-OCT-04:SETI,1500.0,-1500.0,3,1500.0,-1500.0,Passive
SR09LM-PC-QUAD-00:I,1500.0,-1500.0,3,1500.0,-1500.0,I/O Intr
SR09LM-PC-QUAD-00:SETI,1500.0,-1500.0,3,1500.0,-1500.0,Passive
SR09LM-PC-QUAD-01:I,1500.0,-1500.0,3,1500.0,-1500.0,I/O Intr
SR09LM-PC-QUAD-01:SETI,1500.0,-1500.0,3,1500.0,-1500.0,Passive
SR09LM-PC-QUAD-02:I,1500.0,-1500.0,3,1500.0,-1500.0,I/O Intr
SR09LM-PC-QUAD-02:SETI,1500.0,-1500.0,3,1500.0,-1500.0,Passive
SR09LM-PC-QUAD-03:I,1500.0,-1500.0,3,1500.0,-1500.0,I/O Intr
SR09LM-PC-QUAD-03:SETI,1500.0,-1500.0,3,1500.0,-1500.0,Passive
SR09LM-PC-QUAD-04:I,1500.0,-1500.0,3,1500.0,-1500.0,I/O Intr
SR09LM-PC-QUAD-04:SETI,1500.0,-1500.0,3,1500.0,-1500.0,Passive
SR09LM-PC-QUAD-05:I,1500.0,-1500.0,3,1500.0,-1500.0,I/O Intr
SR09LM-PC-QUAD-05:SETI,1500.0,-1500.0,3,1500.0,-1500.0,Passive
SR09LM-PC-QUAD-06:I,1500.0,-1500.0,3,1500.0,-1500.0,I/O Intr
SR09LM-PC-QUAD-06:SETI,1500.0,-1500.0,3,1500.0,-1500.0,Passive
SR09LM-PC-SEXT-01:I,1500.0,-1500.0,3,1500.0,-1500.0,I/O Intr
SR09LM-PC-SEXT-01:SETI,1500.0,-1500.0,3,1500.0,-1500.0,Passive
SR09LM-PC-SEXT-02:I,1500.0,-1500.0,3,1500.0,-1500.0,I/O Intr
SR09LM-PC-SEXT-02:SETI,1500.0,-1500.0,3,1500.0,-1500.0,Passive
SR09LM-PC-SEXT-03:I,1500.0,-1500.0,3,1500.0,-1500.0,I/O Intr
SR09LM-PC-SEXT-03:SETI,1500.0,-1500.0,3,1500.0,-1500.0,Passive
SR09LM-PC-SEXT-05:I,1500.0,-1500.0,3,1500.0,-1500.0,I/O Intr
SR09LM-PC-SEXT-05:SETI,1500.0,-1500.0,3,1500.0,-1500.0,Passive
SR09LM-PC-SEXT-06:I,1500.0,-1500.0,3,1500.0,-1500.0,I/O Intr
SR09LM-PC-SEXT-06:SETI,1500.0,-1500.0,3,1500.0,-1500.0,Passive
SR09LM-PC-SEXT-07:I,1500.0,-1500.0,3,1500.0,-1500.0,I/O Intr
SR09LM-PC-SEXT-07:SETI,1500.0,-1500.0,3,1500.0,-1500.0,Passive
SR09LM-PC-SQUAD-01:I,1500.0,-1500.0,3,1500.0,-1500.0,I/O Intr
SR09LM-PC-SQUAD-01:SETI,1500.0,-1500.0,3,1500.0,-1500.0,Passive
SR09LM-PC-SQUAD-02:I,1500.0,-1500.0,3,1500.0,-1500.0,I/O Intr
SR09LM-PC-SQUAD-02:SETI,1500.0,-1500.0,3,1500.0,-1500.0,Passive
SR09LM-PC-SQUAD-03:I,1500.0,-1500.0,3,1500.0,-1500.0,I/O Intr
SR09LM-PC-SQUAD-03:SETI,1500.0,-1500.0,3,1500.0,-1500.0,Passive
SR09LM-PC-SQUAD-05:I,1500.0,-1500.0,3,1500.0,-1500.0,I/O Intr
SR09LM-PC-SQUAD-05:SETI,1500.0,-1500.0,3,1500.0,-1500.0,Passive
SR09LM-PC-SQUAD-06:I,1500.0,-1500.0,3,1500.0,-1500.0,I/O Intr
SR09LM-PC-SQUAD-06:SETI,1500.0,-1500.0,3,1500.0,-1500.0,Passive
SR09LM-PC-SQUAD-07:I,1500.0,-1500.0,3,1500.0,-1500.0,I/O Intr
SR09LM-PC-SQUAD-07:SETI,1500.0,-1500.0,3,1500.0,-1500.0,Passive
SR09LM-PC-VSTR-00:I,1500.0,-1500.0,3,1500.0,-1500.0,I/O Intr
SR09LM-PC-VSTR-00:SETI,1500.0,-1500.0,3,1500.0,-1500.0,Passive
SR09LM-PC-VSTR-01:I,1500.0,-1500.0,3,1500.0,-1500.0,I/O Intr
SR09LM-PC-VSTR-01:SETI,1500.0,-1500.0,3,1500.0,-1500.0,Passive
SR09LM-PC-VSTR-02:I,1500.0,-1500.0,3,1500.0,-1500.0,I/O Intr
SR09LM-PC-VSTR-02:SETI,1500.0,-1500.0,3,1500.0,-1500.0,Passive
SR09LM-PC-VSTR-03:I,1500.0,-1500.0,3,1500.0,-1500.0,I/O Intr
SR09LM-PC-VSTR-03:SETI,1500.0,-1500.0,3,1500.0,-1500.0,Passive
SR09LM-PC-VSTR-05:I,1500.0,-1500.0,3,1500.0,-1500.0,I/O Intr
SR09LM-PC-VSTR-05:SETI,1500.0,-1500.0,3,1500.0,-1500.0,Passive
SR09LM-PC-VSTR-06:I,1500.0,-1500.0,3,1500.0,-1500.0,I/O Intr
SR09LM-PC-VSTR-06:SETI,1500.0,-1500.0,3,1500.0,-1500.0,Passive
SR09LM-PC-VSTR-07:I,1500.0,-1500.0,3,1500.0,-1500.0,I/O Intr
SR09LM-PC-VSTR-07:SETI,1500.0,-1500.0,3,1500.0,-1500.0,Passive
SR09MS-PC-ABQ-03:I,1500.0,-1500.0,3,1500.0,-1500.0,I/O Intr
SR09MS-PC-ABQ-03:SETI,1500.0,-1500.0,3,1500.0,-1500.0,Passive
SR09MS-PC-ABQ-04:I,1500.0,-1500.0,3,1500.0,-1500.0,I/O Intr
SR09MS-PC-ABQ-04:SETI,1500.0,-1500.0,3,1500.0,-1500.0,Passive
SR09MS-PC-DQ-02:I,1500.0,-1500.0,3,1500.0,-1500.0,I/O Intr
SR09MS-PC-DQ-02:SETI,1500.0,-1500.0,3,1500.0,-1500.0,Passive
SR09MS-PC-HSTR-08:I,1500.0,-1500.0,3,1500.0,-1500.0,I/O Intr
SR09MS-PC-HSTR-08:SETI,1500.0,-1500.0,3,1500.0,-1500.0,Passive
SR09MS-PC-HSTR-09:I,1500.0,-1500.0,3,1500.0,-1500.0,I/O Intr
SR09MS-PC-HSTR-09:SETI,1500.0,-1500.0,3,1500.0,-1500.0,Passive
SR09MS-PC-HSTR-10:I,1500.0,-1500.0,3,1500.0,-1500.0,I/O Intr
SR09MS-PC-HSTR-10:SETI,1500.0,-1500.0,3,1500.0,-1500.0,Passive
SR09MS-PC-HSTR-13:I,1500.0,-1500.0,3,1500.0,-1500.0,I/O Intr
SR09MS-PC-HSTR-13:SETI,1500.0,-1500.0,3,1500.0,-1500.0,Passive
SR09MS-PC-HSTR-14:I,1500.0,-1500.0,3,1500.0,-1500.0,I/O Intr
SR09MS-PC-HSTR-14:SETI,1500.0,-1500.0,3,1500.0,-1500.0,Passive
SR09MS-PC-OCT-11:I,1500.0,-1500.0,3,1500.0,-1500.0,I/O Intr
SR09MS-PC-OCT-11:SETI,1500.0,-1500.0,3,1500.0,-1500.0,Passive
SR09MS-PC-QUAD-07:I,1500.0,-1500.0,3,1500.0,-1500.0,I/O Intr
SR09MS-PC-QUAD-07:SETI,1500.0,-1500.0,3,1500.0,-1500.0,Passive
SR09MS-PC-QUAD-08:I,1500.0,-1500.0,3,1500.0,-1500.0,I/O Intr
SR09MS-PC-QUAD-08:SETI,1500.0,-1500.0,3,1500.0,-1500.0,Passive
SR09MS-PC-QUAD-09:I,1500.0,-1500.0,3,1500.0,-1500.0,I/O Intr
SR09MS-PC-QUAD-09:SETI,1500.0,-1500.0,3,1500.0,-1500.0,Passive
SR09MS-PC-QUAD-10:I,1500.0,-1500.0,3,1500.0,-1500.0,I/O Intr
SR09MS-PC-QUAD-10:SETI,1500.0,-1500.0,3,1500.0,-1500.0,Passive
SR09MS-PC-QUAD-11:I,1500.0,-1500.0,3,1500.0,-1500.0,I/O Intr
SR09MS-PC-QUAD-11:SETI,1500.0,-1500.0,3,1500.0,-1500.0,Passive
SR09MS-PC-QUAD-12:I,1500.0,-1500.0,3,1500.0,-1500.0,I/O Intr
SR09MS-PC-QUAD-12:SETI,1500.0,-1500.0,3,1500.0,-1500.0,Passive
SR09MS-PC-SEXT-08:I,1500.0,-1500.0,3,1500.0,-1500.0,I/O Intr
SR09MS-PC-SEXT-08:SETI,1500.0,-1500.0,3,1500.0,-1500.0,Passive
SR09MS-PC-SEXT-09:I,1500.0,-1500.0,3,1500.0,-1500.0,I/O Intr
SR09MS-PC-SEXT-09:SETI,1500.0,-1500.0,3,1500.0,-1500.0,Passive
SR09MS-PC-SEXT-10:I,1500.0,-1500.0,3,1500.0,-1500.0,I/O Intr
SR09MS-PC-SEXT-10:SETI,1500.0,-1500.0,3,1500.0,-1500.0,Passive
SR09MS-PC-SEXT-12:I,1500.0,-1500.0,3,1500.0,-1500.0,I/O Intr
SR09MS-PC-SEXT-12:SETI,1500.0,-1500.0,3,1500.0,-1500.0,Passive
SR09MS-PC-SEXT-13:I,1500.0,-1500.0,3,1500.0,-1500.0,I/O Intr
SR09MS-PC-SEXT-13:SETI,1500.0,-1500.0,3,1500.0,-1500.0,Passive
SR09MS-PC-SEXT-14:I,1500.0,-1500.0,3,1500.0,-1500.0,I/O Intr
SR09MS-PC-SEXT-14:SETI,1500.0,-1500.0,3,1500.0,-1500.0,Passive
SR09MS-PC-SQUAD-08:I,1500.0,-1500.0,3,1500.0,-1500.0,I/O Intr
SR09MS-PC-SQUAD-08:SETI,1500.0,-1500.0,3,1500.0,-1500.0,Passive
SR09MS-PC-SQUAD-09:I,1500.0,-1500.0,3,1500.0,-1500.0,I/O Intr
SR09MS-PC-SQUAD-09:SETI,1500.0,-1500.0,3,1500.0,-1500.0,Passive
SR09MS-PC-SQUAD-10:I,1500.0,-1500.0,3,1500.0,-1500.0,I/O Intr
SR09MS-PC-SQUAD-10:SETI,1500.0,-1500.0,3,1500.0,-1500.0,Passive
SR09MS-PC-SQUAD-12:I,1500.0,-1500.0,3,1500.0,-1500.0,I/O Intr
SR09MS-PC-SQUAD-12:SETI,1500.0,-1500.0,3,1500.0,-1500.0,Passive
SR09MS-PC-SQUAD-13:I,1500.0,-1500.0,3,1500.0,-1500.0,I/O Intr
SR09MS-PC-SQUAD-13:SETI,1500.0,-1500.0,3,1500.0,-1500.0,Passive
SR09MS-PC-SQUAD-14:I,1500.0,-1500.0,3,1500.0,-1500.0,I/O Intr
SR09MS-PC-SQUAD-14:SETI,1500.0,-1500.0,3,1500.0,-1500.0,Passive
SR09MS-PC-VSTR-08:I,1500.0,-1500.0,3,1500.0,-1500.0,I/O Intr
SR09MS-PC-VSTR-08:SETI,1500.0,-1500.0,3,1500.0,-1500.0,Passive
SR09MS-PC-VSTR-09:I,1500.0,-1500.0,3,1500.0,-1500.0,I/O Intr
SR09MS-PC-VSTR-09:SETI,1500.0,-1500.0,3,1500.0,-1500.0,Passive
SR09MS-PC-VSTR-10:I,1500.0,-1500.0,3,1500.0,-1500.0,I/O Intr
SR09MS-PC-VSTR-10:SETI,1500.0,-1500.0,3,1500.0,-1500.0,Passive
SR09MS-PC-VSTR-13:I,1500.0,-1500.0,3,1500.0,-1500.0,I/O Intr
SR09MS-PC-VSTR-13:SETI,1500.0,-1500.0,3,1500.0,-1500.0,Passive
SR09MS-PC-VSTR-14:I,1500.0,-1500.0,3,1500.0,-1500.0,I/O Intr
SR09MS-PC-VSTR-14:SETI,1500.0,-1500.0,3,1500.0,-1500.0,Passive
SR09SI-PC-HSTR-11:I,1500.0,-1500.0,3,1500.0,-1500.0,I/O Intr
SR09SI-PC-HSTR-11:SETI,1500.0,-1500.0,3,1500.0,-1500.0,Passive
SR09SI-PC-HSTR-12:I,1500.0,-1500.0,3,1500.0,-1500.0,I/O Intr
SR09SI-PC-HSTR-12:SETI,1500.0,-1500.0,3,1500.0,-1500.0,Passive
SR09SI-PC-HSTR-21:I,1500.0,-1500.0,3,1500.0,-1500.0,I/O Intr
SR09SI-PC-HSTR-21:SETI,1500.0,-1500.0,3,1500.0,-1500.0,Passive
SR09SI-PC-HSTR-22:I,1500.0,-1500.0,3,1500.0,-1500.0,I/O Intr
SR09SI-PC-HSTR-22:SETI,1500.0,-1500.0,3,1500.0,-1500.0,Passive
SR09SI-PC-VSTR-11:I,1500.0,-1500.0,3,1500.0,-1500.0,I/O Intr
SR09SI-PC-VSTR-11:SETI,1500.0,-1500.0,3,1500.0,-1500.0,Passive
SR09SI-PC-VSTR-12:I,1500.0,-1500.0,3,1500.0,-1500.0,I/O Intr
SR09SI-PC-VSTR-12:SETI,1500.0,-1500.0,3,1500.0,-1500.0,Passive
SR09SI-PC-VSTR-21:I,1500.0,-1500.0,3,1500.0,-1500.0,I/O Intr
SR09SI-PC-VSTR-21:SETI,1500.0,-1500.0,3,1500.0,-1500.0,Passive
SR09SI-PC-VSTR-22:I,1500.0,-1500.0,3,1500.0,-1500.0,I/O Intr
SR09SI-PC-VSTR-22:SETI,1500.0,-1500.0,3,1500.0,-1500.0,Passive
SR10-PC-DL1:I,1500.0,-1500.0,3,1500.0,-1500.0,I/O Intr
SR10-PC-DL1:SETI,1500.0,-1500.0,3,1500.0,-1500.0,Passive
SR10-PC-DL2:I,1500.0,-1500.0,3,1500.0,-1500.0,I/O Intr
SR10-PC-DL2:SETI,1500.0,-1500.0,3,1500.0,-1500.0,Passive
SR10-PC-DL3:I,1500.0,-1500.0,3,1500.0,-1500.0,I/O Intr
SR10-PC-DL3:SETI,1500.0,-1500.0,3,1500.0,-1500.0,Passive
SR10-PC-DL4:I,1500.0,-1500.0,3,1500.0,-1500.0,I/O Intr
SR10-PC-DL4:SETI,1500.0,-1500.0,3,1500.0,-1500.0,Passive
SR10C-DI-EBPM-01:SA:X,1500.0,-1500.0,3,1500.0,-1500.0,I/O Intr
SR10C-DI-EBPM-01:SA:Y,1500.0,-1500.0,3,1500.0,-1500.0,I/O Intr
SR10C-DI-EBPM-02:SA:X,1500.0,-1500.0,3,1500.0,-1500.0,I/O Intr
SR10C-DI-EBPM-02:SA:Y,1500.0,-1500.0,3,1500.0,-1500.0,I/O Intr
SR10C-DI-EBPM-03:SA:X,1500.0,-1500.0,3,1500.0,-1500.0,I/O Intr
SR10C-DI-EBPM-03:SA:Y,1500.0,-1500.0,3,1500.0,-1500.0,I/O Intr
SR10C-DI-EBPM-04:SA:X,1500.0,-1500.0,3,1500.0,-1500.0,I/O Intr
SR10C-DI-EBPM-04:SA:Y,1500.0,-1500.0,3,1500.0,-1500.0,I/O Intr
SR10C-DI-EBPM-05:SA:X,1500.0,-1500.0,3,1500.0,-1500.0,I/O Intr
SR10C-DI-EBPM-05:SA:Y,1500.0,-1500.0,3,1500.0,-1500.0,I/O Intr
SR10C-DI-EBPM-06:SA:X,1500.0,-1500.0,3,1500.0,-1500.0,I/O Intr
SR10C-DI-EBPM-06:SA:Y,1500.0,-1500.0,3,1500.0,-1500.0,I/O Intr
SR10C-DI-EBPM-07:SA:X,1500.0,-1500.0,3,1500.0,-1500.0,I/O Intr
SR10C-DI-EBPM-07:SA:Y,1500.0,-1500.0,3,1500.0,-1500.0,I/O Intr
SR10C-DI-EBPM-08:SA:X,1500.0,-1500.0,3,1500.0,-1500.0,I/O Intr
SR10C-DI-EBPM-08:SA:Y,1500.0,-1500.0,3,1500.0,-1500.0,I/O Intr
SR10C-DI-EBPM-09:SA:X,1500.0,-1500.0,3,1500.0,-1500.0,I/O Intr
SR10C-DI-EBPM-09:SA:Y,1500.0,-1500.0,3,1500.0,-1500.0,I/O Intr
SR10C-DI-EBPM-10:SA:X,1500.0,-1500.0,3,1500.0,-1500.0,I/O Intr
SR10C-DI-EBPM-10:SA:Y,1500.0,-1500.0,3,1500.0,-1500.0,I/O Intr
SR10MS-PC-ABQ-03:I,1500.0,-1500.0,3,1500.0,-1500.0,I/O Intr
SR10MS-PC-ABQ-03:SETI,1500.0,-1500.0,3,1500.0,-1500.0,Passive
SR10MS-PC-ABQ-04:I,1500.0,-1500.0,3,1500.0,-1500.0,I/O Intr
SR10MS-PC-ABQ-04:SETI,1500.0,-1500.0,3,1500.0,-1500.0,Passive
SR10MS-PC-DQ-02:I,1500.0,-1500.0,3,1500.0,-1500.0,I/O Intr
SR10MS-PC-DQ-02:SETI,1500.0,-1500.0,3,1500.0,-1500.0,Passive
SR10MS-PC-HSTR-08:I,1500.0,-1500.0,3,1500.0,-1500.0,I/O Intr
SR10MS-PC-HSTR-08:SETI,1500.0,-1500.0,3,1500.0,-1500.0,Passive
SR10MS-PC-HSTR-09:I,1500.0,-1500.0,3,1500.0,-1500.0,I/O Intr
SR10MS-PC-HSTR-09:SETI,1500.0,-1500.0,3,1500.0,-1500.0,Passive
SR10MS-PC-HSTR-10:I,1500.0,-1500.0,3,1500.0,-1500.0,I/O Intr
SR10MS-PC-HSTR-10:SETI,1500.0,-1500.0,3,1500.0,-1500.0,Passive
SR10MS-PC-HSTR-12:I,1500.0,-1500.0,3,1500.0,-1500.0,I/O Intr
SR10MS-PC-HSTR-12:SETI,1500.0,-1500.0,3,1500.0,-1500.0,Passive
SR10MS-PC-HSTR-13:I,1500.0,-1500.0,3,1500.0,-1500.0,I/O Intr
SR10MS-PC-HSTR-13:SETI,1500.0,-1500.0,3,1500.0,-1500.0,Passive
SR10MS-PC-HSTR-14:I,1500.0,-1500.0,3,1500.0,-1500.0,I/O Intr
SR10MS-PC-HSTR-14:SETI,1500.0,-1500.0,3,1500.0,-1500.0,Passive
SR10MS-PC-OCT-11:I,1500.0,-1500.0,3,1500.0,-1500.0,I/O Intr
SR10MS-PC-OCT-11:SETI,1500.0,-1500.0,3,1500.0,-1500.0,Passive
SR10MS-PC-QUAD-07:I,1500.0,-1500.0,3,1500.0,-1500.0,I/O Intr
SR10MS-PC-QUAD-07:SETI,1500.0,-1500.0,3,1500.0,-1500.0,Passive
SR10MS-PC-QUAD-08:I,1500.0,-1500.0,3,1500.0,-1500.0,I/O Intr
SR10MS-PC-QUAD-08:SETI,1500.0,-1500.0,3,1500.0,-1500.0,Passive
SR10MS-PC-QUAD-09:I,1500.0,-1500.0,3,1500.0,-1500.0,I/O Intr
SR10MS-PC-QUAD-09:SETI,1500.0,-1500.0,3,1500.0,-1500.0,Passive
SR10MS-PC-QUAD-10:I,1500.0,-1500.0,3,1500.0,-1500.0,I/O Intr
SR10MS-PC-QUAD-10:SETI,1500.0,-1500.0,3,1500.0,-1500.0,Passive
SR10MS-PC-QUAD-11:I,1500.0,-1500.0,3,1500.0,-1500.0,I/O Intr
SR10MS-PC-QUAD-11:SETI,1500.0,-1500.0,3,1500.0,-1500.0,Passive
SR10MS-PC-QUAD-12:I,1500.0,-1500.0,3,1500.0,-1500.0,I/O Intr
SR10MS-PC-QUAD-12:SETI,1500.0,-1500.0,3,1500.0,-1500.0,Passive
SR10MS-PC-SEXT-08:I,1500.0,-1500.0,3,1500.0,-1500.0,I/O Intr
SR10MS-PC-SEXT-08:SETI,1500.0,-1500.0,3,1500.0,-1500.0,Passive
SR10MS-PC-SEXT-09:I,1500.0,-1500.0,3,1500.0,-1500.0,I/O Intr
SR10MS-PC-SEXT-09:SETI,1500.0,-1500.0,3,1500.0,-1500.0,Passive
SR10MS-PC-SEXT-10:I,1500.0,-1500.0,3,1500.0,-1500.0,I/O Intr
SR10MS-PC-SEXT-10:SETI,1500.0,-1500.0,3,1500.0,-1500.0,Passive
SR10MS-PC-SEXT-12:I,1500.0,-1500.0,3,1500.0,-1500.0,I/O Intr
SR10MS-PC-SEXT-12:SETI,1500.0,-1500.0,3,1500.0,-1500.0,Passive
SR10MS-PC-SEXT-13:I,1500.0,-1500.0,3,1500.0,-1500.0,I/O Intr
SR10MS-PC-SEXT-13:SETI,1500.0,-1500.0,3,1500.0,-1500.0,Passive
SR10MS-PC-SEXT-14:I,1500.0,-1500.0,3,1500.0,-1500.0,I/O Intr
SR10MS-PC-SEXT-14:SETI,1500.0,-1500.0,3,1500.0,-1500.0,Passive
SR10MS-PC-SQUAD-08:I,1500.0,-1500.0,3,1500.0,-1500.0,I/O Intr
SR10MS-PC-SQUAD-08:SETI,1500.0,-1500.0,3,1500.0,-1500.0,Passive
SR10MS-PC-SQUAD-09:I,1500.0,-1500.0,3,1500.0,-1500.0,I/O Intr
SR10MS-PC-SQUAD-09:SETI,1500.0,-1500.0,3,1500.0,-1500.0,Passive
SR10MS-PC-SQUAD-10:I,1500.0,-1500.0,3,1500.0,-1500.0,I/O Intr
SR10MS-PC-SQUAD-10:SETI,1500.0,-1500.0,3,1500.0,-1500.0,Passive
SR10MS-PC-SQUAD-12:I,1500.0,-1500.0,3,1500.0,-1500.0,I/O Intr
SR10MS-PC-SQUAD-12:SETI,1500.0,-1500.0,3,1500.0,-1500.0,Passive
SR10MS-PC-SQUAD-13:I,1500.0,-1500.0,3,1500.0,-1500.0,I/O Intr
SR10MS-PC-SQUAD-13:SETI,1500.0,-1500.0,3,1500.0,-1500.0,Passive
SR10MS-PC-SQUAD-14:I,1500.0,-1500.0,3,1500.0,-1500.0,I/O Intr
SR10MS-PC-SQUAD-14:SETI,1500.0,-1500.0,3,1500.0,-1500.0,Passive
SR10MS-PC-VSTR-08:I,1500.0,-1500.0,3,1500.0,-1500.0,I/O Intr
SR10MS-PC-VSTR-08:SETI,1500.0,-1500.0,3,1500.0,-1500.0,Passive
SR10MS-PC-VSTR-09:I,1500.0,-1500.0,3,1500.0,-1500.0,I/O Intr
SR10MS-PC-VSTR-09:SETI,1500.0,-1500.0,3,1500.0,-1500.0,Passive
SR10MS-PC-VSTR-10:I,1500.0,-1500.0,3,1500.0,-1500.0,I/O Intr
SR10MS-PC-VSTR-10:SETI,1500.0,-1500.0,3,1500.0,-1500.0,Passive
SR10MS-PC-VSTR-12:I,1500.0,-1500.0,3,1500.0,-1500.0,I/O Intr
SR10MS-PC-VSTR-12:SETI,1500.0,-1500.0,3,1500.0,-1500.0,Passive
SR10MS-PC-VSTR-13:I,1500.0,-1500.0,3,1500.0,-1500.0,I/O Intr
SR10MS-PC-VSTR-13:SETI,1500.0,-1500.0,3,1500.0,-1500.0,Passive
SR10MS-PC-VSTR-14:I,1500.0,-1500.0,3,1500.0,-1500.0,I/O Intr
SR10MS-PC-VSTR-14:SETI,1500.0,-1500.0,3,1500.0,-1500.0,Passive
SR10SI-PC-HSTR-11:I,1500.0,-1500.0,3,1500.0,-1500.0,I/O Intr
SR10SI-PC-HSTR-11:SETI,1500.0,-1500.0,3,1500.0,-1500.0,Passive
SR10SI-PC-HSTR-12:I,1500.0,-1500.0,3,1500.0,-1500.0,I/O Intr
SR10SI-PC-HSTR-12:SETI,1500.0,-1500.0,3,1500.0,-1500.0,Passive
SR10SI-PC-VSTR-11:I,1500.0,-1500.0,3,1500.0,-1500.0,I/O Intr
SR10SI-PC-VSTR-11:SETI,1500.0,-1500.0,3,1500.0,-1500.0,Passive
SR10SI-PC-VSTR-12:I,1500.0,-1500.0,3,1500.0,-1500.0,I/O Intr
SR10SI-PC-VSTR-12:SETI,1500.0,-1500.0,3,1500.0,-1500.0,Passive
SR10SM-PC-ABQ-01:I,1500.0,-1500.0,3,1500.0,-1500.0,I/O Intr
SR10SM-PC-ABQ-01:SETI,1500.0,-1500.0,3,1500.0,-1500.0,Passive
SR10SM-PC-ABQ-02:I,1500.0,-1500.0,3,1500.0,-1500.0,I/O Intr
SR10SM-PC-ABQ-02:SETI,1500.0,-1500.0,3,1500.0,-1500.0,Passive
SR10SM-PC-DQ-01:I,1500.0,-1500.0,3,1500.0,-1500.0,I/O Intr
SR10SM-PC-DQ-01:SETI,1500.0,-1500.0,3,1500.0,-1500.0,Passive
SR10SM-PC-HSTR-01:I,1500.0,-1500.0,3,1500.0,-1500.0,I/O Intr
SR10SM-PC-HSTR-01:SETI,1500.0,-1500.0,3,1500.0,-1500.0,Passive
SR10SM-PC-HSTR-02:I,1500.0,-1500.0,3,1500.0,-1500.0,I/O Intr
SR10SM-PC-HSTR-02:SETI,1500.0,-1500.0,3,1500.0,-1500.0,Passive
SR10SM-PC-HSTR-03:I,1500.0,-1500.0,3,1500.0,-1500.0,I/O Intr
SR10SM-PC-HSTR-03:SETI,1500.0,-1500.0,3,1500.0,-1500.0,Passive
SR10SM-PC-HSTR-05:I,1500.0,-1500.0,3,1500.0,-1500.0,I/O Intr
SR10SM-PC-HSTR-05:SETI,1500.0,-1500.0,3,1500.0,-1500.0,Passive
SR10SM-PC-HSTR-06:I,1500.0,-1500.0,3,1500.0,-1500.0,I/O Intr
SR10SM-PC-HSTR-06:SETI,1500.0,-1500.0,3,1500.0,-1500.0,Passive
SR10SM-PC-HSTR-07:I,1500.0,-1500.0,3,1500.0,-1500.0,I/O Intr
SR10SM-PC-HSTR-07:SETI,1500.0,-1500.0,3,1500.0,-1500.0,Passive
SR10SM-PC-OCT-04:I,1500.0,-1500.0,3,1500.0,-1500.0,I/O Intr
SR10SM-PC-OCT-04:SETI,1500.0,-1500.0,3,1500.0,-1500.0,Passive
SR10SM-PC-QUAD-01:I,1500.0,-1500.0,3,1500.0,-1500.0,I/O Intr
SR10SM-PC-QUAD-01:SETI,1500.0,-1500.0,3,1500.0,-1500.0,Passive
SR10SM-PC-QUAD-02:I,1500.0,-1500.0,3,1500.0,-1500.0,I/O Intr
SR10SM-PC-QUAD-02:SETI,1500.0,-1500.0,3,1500.0,-1500.0,Passive
SR10SM-PC-QUAD-03:I,1500.0,-1500.0,3,1500.0,-1500.0,I/O Intr
SR10SM-PC-QUAD-03:SETI,1500.0,-1500.0,3,1500.0,-1500.0,Passive
SR10SM-PC-QUAD-04:I,1500.0,-1500.0,3,1500.0,-1500.0,I/O Intr
SR10SM-PC-QUAD-04:SETI,1500.0,-1500.0,3,1500.0,-1500.0,Passive
SR10SM-PC-QUAD-05:I,1500.0,-1500.0,3,1500.0,-1500.0,I/O Intr
SR10SM-PC-QUAD-05:SETI,1500.0,-1500.0,3,1500.0,-1500.0,Passive
SR10SM-PC-QUAD-06:I,1500.0,-1500.0,3,1500.0,-1500.0,I/O Intr
SR10SM-PC-QUAD-06:SETI,1500.0,-1500.0,3,1500.0,-1500.0,Passive
SR10SM-PC-SEXT-01:I,1500.0,-1500.0,3,1500.0,-1500.0,I/O Intr
SR10SM-PC-SEXT-01:SETI,1500.0,-1500.0,3,1500.0,-1500.0,Passive
SR10SM-PC-SEXT-02:I,1500.0,-1500.0,3,1500.0,-1500.0,I/O Intr
SR10SM-PC-SEXT-02:SETI,1500.0,-1500.0,3,1500.0,-1500.0,Passive
SR10SM-PC-SEXT-03:I,1500.0,-1500.0,3,1500.0,-1500.0,I/O Intr
SR10SM-PC-SEXT-03:SETI,1500.0,-1500.0,3,1500.0,-1500.0,Passive
SR10SM-PC-SEXT-05:I,1500.0,-1500.0,3,1500.0,-1500.0,I/O Intr
SR10SM-PC-SEXT-05:SETI,1500.0,-1500.0,3,1500.0,-1500.0,Passive
SR10SM-PC-SEXT-06:I,1500.0,-1500.0,3,1500.0,-1500.0,I/O Intr
SR10SM-PC-SEXT-06:SETI,1500.0,-1500.0,3,1500.0,-1500.0,Passive
SR10SM-PC-SEXT-07:I,1500.0,-1500.0,3,1500.0,-1500.0,I/O Intr
SR10SM-PC-SEXT-07:SETI,1500.0,-1500.0,3,1500.0,-1500.0,Passive
SR10SM-PC-SQUAD-01:I,1500.0,-1500.0,3,1500.0,-1500.0,I/O Intr
SR10SM-PC-SQUAD-01:SETI,1500.0,-1500.0,3,1500.0,-1500.0,Passive
SR10SM-PC-SQUAD-02:I,1500.0,-1500.0,3,1500.0,-1500.0,I/O Intr
SR10SM-PC-SQUAD-02:SETI,1500.0,-1500.0,3,1500.0,-1500.0,Passive
SR10SM-PC-SQUAD-03:I,1500.0,-1500.0,3,1500.0,-1500.0,I/O Intr
SR10SM-PC-SQUAD-03:SETI,1500.0,-1500.0,3,1500.0,-1500.0,Passive
SR10SM-PC-SQUAD-05:I,1500.0,-1500.0,3,1500.0,-1500.0,I/O Intr
SR10SM-PC-SQUAD-05:SETI,1500.0,-1500.0,3,1500.0,-1500.0,Passive
SR10SM-PC-SQUAD-06:I,1500.0,-1500.0,3,1500.0,-1500.0,I/O Intr
SR10SM-PC-SQUAD-06:SETI,1500.0,-1500.0,3,1500.0,-1500.0,Passive
SR10SM-PC-SQUAD-07:I,1500.0,-1500.0,3,1500.0,-1500.0,I/O Intr
SR10SM-PC-SQUAD-07:SETI,1500.0,-1500.0,3,1500.0,-1500.0,Passive
SR10SM-PC-VSTR-01:I,1500.0,-1500.0,3,1500.0,-1500.0,I/O Intr
SR10SM-PC-VSTR-01:SETI,1500.0,-1500.0,3,1500.0,-1500.0,Passive
SR10SM-PC-VSTR-02:I,1500.0,-1500.0,3,1500.0,-1500.0,I/O Intr
SR10SM-PC-VSTR-02:SETI,1500.0,-1500.0,3,1500.0,-1500.0,Passive
SR10SM-PC-VSTR-03:I,1500.0,-1500.0,3,1500.0,-1500.0,I/O Intr
SR10SM-PC-VSTR-03:SETI,1500.0,-1500.0,3,1500.0,-1500.0,Passive
SR10SM-PC-VSTR-05:I,1500.0,-1500.0,3,1500.0,-1500.0,I/O Intr
SR10SM-PC-VSTR-05:SETI,1500.0,-1500.0,3,1500.0,-1500.0,Passive
SR10SM-PC-VSTR-06:I,1500.0,-1500.0,3,1500.0,-1500.0,I/O Intr
SR10SM-PC-VSTR-06:SETI,1500.0,-1500.0,3,1500.0,-1500.0,Passive
SR10SM-PC-VSTR-07:I,1500.0,-1500.0,3,1500.0,-1500.0,I/O Intr
SR10SM-PC-VSTR-07:SETI,1500.0,-1500.0,3,1500.0,-1500.0,Passive
SR11-PC-DL1:I,1500.0,-1500.0,3,1500.0,-1500.0,I/O Intr
SR11-PC-DL1:SETI,1500.0,-1500.0,3,1500.0,-1500.0,Passive
SR11-PC-DL2:I,1500.0,-1500.0,3,1500.0,-1500.0,I/O Intr
SR11-PC-DL2:SETI,1500.0,-1500.0,3,1500.0,-1500.0,Passive
SR11-PC-DL3:I,1500.0,-1500.0,3,1500.0,-1500.0,I/O Intr
SR11-PC-DL3:SETI,1500.0,-1500.0,3,1500.0,-1500.0,Passive
SR11-PC-DL4:I,1500.0,-1500.0,3,1500.0,-1500.0,I/O Intr
SR11-PC-DL4:SETI,1500.0,-1500.0,3,1500.0,-1500.0,Passive
SR11C-DI-EBPM-01:SA:X,1500.0,-1500.0,3,1500.0,-1500.0,I/O Intr
SR11C-DI-EBPM-01:SA:Y,1500.0,-1500.0,3,1500.0,-1500.0,I/O Intr
SR11C-DI-EBPM-02:SA:X,1500.0,-1500.0,3,1500.0,-1500.0,I/O Intr
SR11C-DI-EBPM-02:SA:Y,1500.0,-1500.0,3,1500.0,-1500.0,I/O Intr
SR11C-DI-EBPM-03:SA:X,1500.0,-1500.0,3,1500.0,-1500.0,I/O Intr
SR11C-DI-EBPM-03:SA:Y,1500.0,-1500.0,3,1500.0,-1500.0,I/O Intr
SR11C-DI-EBPM-04:SA:X,1500.0,-1500.0,3,1500.0,-1500.0,I/O Intr
SR11C-DI-EBPM-04:SA:Y,1500.0,-1500.0,3,1500.0,-1500.0,I/O Intr
SR11C-DI-EBPM-05:SA:X,1500.0,-1500.0,3,1500.0,-1500.0,I/O Intr
SR11C-DI-EBPM-05:SA:Y,1500.0,-1500.0,3,1500.0,-1500.0,I/O Intr
SR11C-DI-EBPM-06:SA:X,1500.0,-1500.0,3,1500.0,-1500.0,I/O Intr
SR11C-DI-EBPM-06:SA:Y,1500.0,-1500.0,3,1500.0,-1500.0,I/O Intr
SR11C-DI-EBPM-07:SA:X,1500.0,-1500.0,3,1500.0,-1500.0,I/O Intr
SR11C-DI-EBPM-07:SA:Y,1500.0,-1500.0,3,1500.0,-1500.0,I/O Intr
SR11C-DI-EBPM-08:SA:X,1500.0,-1500.0,3,1500.0,-1500.0,I/O Intr
SR11C-DI-EBPM-08:SA:Y,1500.0,-1500.0,3,1500.0,-1500.0,I/O Intr
SR11C-DI-EBPM-09:SA:X,1500.0,-1500.0,3,1500.0,-1500.0,I/O Intr
SR11C-DI-EBPM-09:SA:Y,1500.0,-1500.0,3,1500.0,-1500.0,I/O Intr
SR11C-DI-EBPM-10:SA:X,1500.0,-1500.0,3,1500.0,-1500.0,I/O Intr
SR11C-DI-EBPM-10:SA:Y,1500.0,-1500.0,3,1500.0,-1500.0,I/O Intr
SR11MS-PC-ABQ-03:I,1500.0,-1500.0,3,1500.0,-1500.0,I/O Intr
SR11MS-PC-ABQ-03:SETI,1500.0,-1500.0,3,1500.0,-1500.0,Passive
SR11MS-PC-ABQ-04:I,1500.0,-1500.0,3,1500.0,-1500.0,I/O Intr
SR11MS-PC-ABQ-04:SETI,1500.0,-1500.0,3,1500.0,-1500.0,Passive
SR11MS-PC-DQ-02:I,1500.0,-1500.0,3,1500.0,-1500.0,I/O Intr
SR11MS-PC-DQ-02:SETI,1500.0,-1500.0,3,1500.0,-1500.0,Passive
SR11MS-PC-HSTR-08:I,1500.0,-1500.0,3,1500.0,-1500.0,I/O Intr
SR11MS-PC-HSTR-08:SETI,1500.0,-1500.0,3,1500.0,-1500.0,Passive
SR11MS-PC-HSTR-09:I,1500.0,-1500.0,3,1500.0,-1500.0,I/O Intr
SR11MS-PC-HSTR-09:SETI,1500.0,-1500.0,3,1500.0,-1500.0,Passive
SR11MS-PC-HSTR-10:I,1500.0,-1500.0,3,1500.0,-1500.0,I/O Intr
SR11MS-PC-HSTR-10:SETI,1500.0,-1500.0,3,1500.0,-1500.0,Passive
SR11MS-PC-HSTR-12:I,1500.0,-1500.0,3,1500.0,-1500.0,I/O Intr
SR11MS-PC-HSTR-12:SETI,1500.0,-1500.0,3,1500.0,-1500.0,Passive
SR11MS-PC-HSTR-13:I,1500.0,-1500.0,3,1500.0,-1500.0,I/O Intr
SR11MS-PC-HSTR-13:SETI,1500.0,-1500.0,3,1500.0,-1500.0,Passive
SR11MS-PC-HSTR-14:I,1500.0,-1500.0,3,1500.0,-1500.0,I/O Intr
SR11MS-PC-HSTR-14:SETI,1500.0,-1500.0,3,1500.0,-1500.0,Passive
SR11MS-PC-OCT-11:I,1500.0,-1500.0,3,1500.0,-1500.0,I/O Intr
SR11MS-PC-OCT-11:SETI,1500.0,-1500.0,3,1500.0,-1500.0,Passive
SR11MS-PC-QUAD-07:I,1500.0,-1500.0,3,1500.0,-1500.0,I/O Intr
SR11MS-PC-QUAD-07:SETI,1500.0,-1500.0,3,1500.0,-1500.0,Passive
SR11MS-PC-QUAD-08:I,1500.0,-1500.0,3,1500.0,-1500.0,I/O Intr
SR11MS-PC-QUAD-08:SETI,1500.0,-1500.0,3,1500.0,-1500.0,Passive
SR11MS-PC-QUAD-09:I,1500.0,-1500.0,3,1500.0,-1500.0,I/O Intr
SR11MS-PC-QUAD-09:SETI,1500.0,-1500.0,3,1500.0,-1500.0,Passive
SR11MS-PC-QUAD-10:I,1500.0,-1500.0,3,1500.0,-1500.0,I/O Intr
SR11MS-PC-QUAD-10:SETI,1500.0,-1500.0,3,1500.0,-1500.0,Passive
SR11MS-PC-QUAD-11:I,1500.0,-1500.0,3,1500.0,-1500.0,I/O Intr
SR11MS-PC-QUAD-11:SETI,1500.0,-1500.0,3,1500.0,-1500.0,Passive
SR11MS-PC-QUAD-12:I,1500.0,-1500.0,3,1500.0,-1500.0,I/O Intr
SR11MS-PC-QUAD-12:SETI,1500.0,-1500.0,3,1500.0,-1500.0,Passive
SR11MS-PC-SEXT-08:I,1500.0,-1500.0,3,1500.0,-1500.0,I/O Intr
SR11MS-PC-SEXT-08:SETI,1500.0,-1500.0,3,1500.0,-1500.0,Passive
SR11MS-PC-SEXT-09:I,1500.0,-1500.0,3,1500.0,-1500.0,I/O Intr
SR11MS-PC-SEXT-09:SETI,1500.0,-1500.0,3,1500.0,-1500.0,Passive
SR11MS-PC-SEXT-10:I,1500.0,-1500.0,3,1500.0,-1500.0,I/O Intr
SR11MS-PC-SEXT-10:SETI,1500.0,-1500.0,3,1500.0,-1500.0,Passive
SR11MS-PC-SEXT-12:I,1500.0,-1500.0,3,1500.0,-1500.0,I/O Intr
SR11MS-PC-SEXT-12:SETI,1500.0,-1500.0,3,1500.0,-1500.0,Passive
SR11MS-PC-SEXT-13:I,1500.0,-1500.0,3,1500.0,-1500.0,I/O Intr
SR11MS-PC-SEXT-13:SETI,1500.0,-1500.0,3,1500.0,-1500.0,Passive
SR11MS-PC-SEXT-14:I,1500.0,-1500.0,3,1500.0,-1500.0,I/O Intr
SR11MS-PC-SEXT-14:SETI,1500.0,-1500.0,3,1500.0,-1500.0,Passive
SR11MS-PC-SQUAD-08:I,1500.0,-1500.0,3,1500.0,-1500.0,I/O Intr
SR11MS-PC-SQUAD-08:SETI,1500.0,-1500.0,3,1500.0,-1500.0,Passive
SR11MS-PC-SQUAD-09:I,1500.0,-1500.0,3,1500.0,-1500.0,I/O Intr
SR11MS-PC-SQUAD-09:SETI,1500.0,-1500.0,3,1500.0,-1500.0,Passive
SR11MS-PC-SQUAD-10:I,1500.0,-1500.0,3,1500.0,-1500.0,I/O Intr
SR11MS-PC-SQUAD-10:SETI,1500.0,-1500.0,3,1500.0,-1500.0,Passive
SR11MS-PC-SQUAD-12:I,1500.0,-1500.0,3,1500.0,-1500.0,I/O Intr
SR11MS-PC-SQUAD-12:SETI,1500.0,-1500.0,3,1500.0,-1500.0,Passive
SR11MS-PC-SQUAD-13:I,1500.0,-1500.0,3,1500.0,-1500.0,I/O Intr
SR11MS-PC-SQUAD-13:SETI,1500.0,-1500.0,3,1500.0,-1500.0,Passive
SR11MS-PC-SQUAD-14:I,1500.0,-1500.0,3,1500.0,-1500.0,I/O Intr
SR11MS-PC-SQUAD-14:SETI,1500.0,-1500.0,3,1500.0,-1500.0,Passive
SR11MS-PC-VSTR-08:I,1500.0,-1500.0,3,1500.0,-1500.0,I/O Intr
SR11MS-PC-VSTR-08:SETI,1500.0,-1500.0,3,1500.0,-1500.0,Passive
SR11MS-PC-VSTR-09:I,1500.0,-1500.0,3,1500.0,-1500.0,I/O Intr
SR11MS-PC-VSTR-09:SETI,1500.0,-1500.0,3,1500.0,-1500.0,Passive
SR11MS-PC-VSTR-10:I,1500.0,-1500.0,3,1500.0,-1500.0,I/O Intr
SR11MS-PC-VSTR-10:SETI,1500.0,-1500.0,3,1500.0,-1500.0,Passive
SR11MS-PC-VSTR-12:I,1500.0,-1500.0,3,1500.0,-1500.0,I/O Intr
SR11MS-PC-VSTR-12:SETI,1500.0,-1500.0,3,1500.0,-1500.0,Passive
SR11MS-PC-VSTR-13:I,1500.0,-1500.0,3,1500.0,-1500.0,I/O Intr
SR11MS-PC-VSTR-13:SETI,1500.0,-1500.0,3,1500.0,-1500.0,Passive
SR11MS-PC-VSTR-14:I,1500.0,-1500.0,3,1500.0,-1500.0,I/O Intr
SR11MS-PC-VSTR-14:SETI,1500.0,-1500.0,3,1500.0,-1500.0,Passive
SR11SI-PC-HSTR-11:I,1500.0,-1500.0,3,1500.0,-1500.0,I/O Intr
SR11SI-PC-HSTR-11:SETI,1500.0,-1500.0,3,1500.0,-1500.0,Passive
SR11SI-PC-HSTR-12:I,1500.0,-1500.0,3,1500.0,-1500.0,I/O Intr
SR11SI-PC-HSTR-12:SETI,1500.0,-1500.0,3,1500.0,-1500.0,Passive
SR11SI-PC-VSTR-11:I,1500.0,-1500.0,3,1500.0,-1500.0,I/O Intr
SR11SI-PC-VSTR-11:SETI,1500.0,-1500.0,3,1500.0,-1500.0,Passive
SR11SI-PC-VSTR-12:I,1500.0,-1500.0,3,1500.0,-1500.0,I/O Intr
SR11SI-PC-VSTR-12:SETI,1500.0,-1500.0,3,1500.0,-1500.0,Passive
SR11SK-PC-HSTR-11:I,1500.0,-1500.0,3,1500.0,-1500.0,I/O Intr
SR11SK-PC-HSTR-11:SETI,1500.0,-1500.0,3,1500.0,-1500.0,Passive
SR11SK-PC-HSTR-12:I,1500.0,-1500.0,3,1500.0,-1500.0,I/O Intr
SR11SK-PC-HSTR-12:SETI,1500.0,-1500.0,3,1500.0,-1500.0,Passive
SR11SK-PC-VSTR-11:I,1500.0,-1500.0,3,1500.0,-1500.0,I/O Intr
SR11SK-PC-VSTR-11:SETI,1500.0,-1500.0,3,1500.0,-1500.0,Passive
SR11SK-PC-VSTR-12:I,1500.0,-1500.0,3,1500.0,-1500.0,I/O Intr
SR11SK-PC-VSTR-12:SETI,1500.0,-1500.0,3,1500.0,-1500.0,Passive
SR11SM-PC-ABQ-01:I,1500.0,-1500.0,3,1500.0,-1500.0,I/O Intr
SR11SM-PC-ABQ-01:SETI,1500.0,-1500.0,3,1500.0,-1500.0,Passive
SR11SM-PC-ABQ-02:I,1500.0,-1500.0,3,1500.0,-1500.0,I/O Intr
SR11SM-PC-ABQ-02:SETI,1500.0,-1500.0,3,1500.0,-1500.0,Passive
SR11SM-PC-DQ-01:I,1500.0,-1500.0,3,1500.0,-1500.0,I/O Intr
SR11SM-PC-DQ-01:SETI,1500.0,-1500.0,3,1500.0,-1500.0,Passive
SR11SM-PC-HSTR-01:I,1500.0,-1500.0,3,1500.0,-1500.0,I/O Intr
SR11SM-PC-HSTR-01:SETI,1500.0,-1500.0,3,1500.0,-1500.0,Passive
SR11SM-PC-HSTR-02:I,1500.0,-1500.0,3,1500.0,-1500.0,I/O Intr
SR11SM-PC-HSTR-02:SETI,1500.0,-1500.0,3,1500.0,-1500.0,Passive
SR11SM-PC-HSTR-03:I,1500.0,-1500.0,3,1500.0,-1500.0,I/O Intr
SR11SM-PC-HSTR-03:SETI,1500.0,-1500.0,3,1500.0,-1500.0,Passive
SR11SM-PC-HSTR-05:I,1500.0,-1500.0,3,1500.0,-1500.0,I/O Intr
SR11SM-PC-HSTR-05:SETI,1500.0,-1500.0,3,1500.0,-1500.0,Passive
SR11SM-PC-HSTR-06:I,1500.0,-1500.0,3,1500.0,-1500.0,I/O Intr
SR11SM-PC-HSTR-06:SETI,1500.0,-1500.0,3,1500.0,-1500.0,Passive
SR11SM-PC-HSTR-07:I,1500.0,-1500.0,3,1500.0,-1500.0,I/O Intr
SR11SM-PC-HSTR-07:SETI,1500.0,-1500.0,3,1500.0,-1500.0,Passive
SR11SM-PC-OCT-04:I,1500.0,-1500.0,3,1500.0,-1500.0,I/O Intr
SR11SM-PC-OCT-04:SETI,1500.0,-1500.0,3,1500.0,-1500.0,Passive
SR11SM-PC-QUAD-01:I,1500.0,-1500.0,3,1500.0,-1500.0,I/O Intr
SR11SM-PC-QUAD-01:SETI,1500.0,-1500.0,3,1500.0,-1500.0,Passive
SR11SM-PC-QUAD-02:I,1500.0,-1500.0,3,1500.0,-1500.0,I/O Intr
SR11SM-PC-QUAD-02:SETI,1500.0,-1500.0,3,1500.0,-1500.0,Passive
SR11SM-PC-QUAD-03:I,1500.0,-1500.0,3,1500.0,-1500.0,I/O Intr
SR11SM-PC-QUAD-03:SETI,1500.0,-1500.0,3,1500.0,-1500.0,Passive
SR11SM-PC-QUAD-04:I,1500.0,-1500.0,3,1500.0,-1500.0,I/O Intr
SR11SM-PC-QUAD-04:SETI,1500.0,-1500.0,3,1500.0,-1500.0,Passive
SR11SM-PC-QUAD-05:I,1500.0,-1500.0,3,1500.0,-1500.0,I/O Intr
SR11SM-PC-QUAD-05:SETI,1500.0,-1500.0,3,1500.0,-1500.0,Passive
SR11SM-PC-QUAD-06:I,1500.0,-1500.0,3,1500.0,-1500.0,I/O Intr
SR11SM-PC-QUAD-06:SETI,1500.0,-1500.0,3,1500.0,-1500.0,Passive
SR11SM-PC-SEXT-01:I,1500.0,-1500.0,3,1500.0,-1500.0,I/O Intr
SR11SM-PC-SEXT-01:SETI,1500.0,-1500.0,3,1500.0,-1500.0,Passive
SR11SM-PC-SEXT-02:I,1500.0,-1500.0,3,1500.0,-1500.0,I/O Intr
SR11SM-PC-SEXT-02:SETI,1500.0,-1500.0,3,1500.0,-1500.0,Passive
SR11SM-PC-SEXT-03:I,1500.0,-1500.0,3,1500.0,-1500.0,I/O Intr
SR11SM-PC-SEXT-03:SETI,1500.0,-1500.0,3,1500.0,-1500.0,Passive
SR11SM-PC-SEXT-05:I,1500.0,-1500.0,3,1500.0,-1500.0,I/O Intr
SR11SM-PC-SEXT-05:SETI,1500.0,-1500.0,3,1500.0,-1500.0,Passive
SR11SM-PC-SEXT-06:I,1500.0,-1500.0,3,1500.0,-1500.0,I/O Intr
SR11SM-PC-SEXT-06:SETI,1500.0,-1500.0,3,1500.0,-1500.0,Passive
SR11SM-PC-SEXT-07:I,1500.0,-1500.0,3,1500.0,-1500.0,I/O Intr
SR11SM-PC-SEXT-07:SETI,1500.0,-1500.0,3,1500.0,-1500.0,Passive
SR11SM-PC-SQUAD-01:I,1500.0,-1500.0,3,1500.0,-1500.0,I/O Intr
SR11SM-PC-SQUAD-01:SETI,1500.0,-1500.0,3,1500.0,-1500.0,Passive
SR11SM-PC-SQUAD-02:I,1500.0,-1500.0,3,1500.0,-1500.0,I/O Intr
SR11SM-PC-SQUAD-02:SETI,1500.0,-1500.0,3,1500.0,-1500.0,Passive
SR11SM-PC-SQUAD-03:I,1500.0,-1500.0,3,1500.0,-1500.0,I/O Intr
SR11SM-PC-SQUAD-03:SETI,1500.0,-1500.0,3,1500.0,-1500.0,Passive
SR11SM-PC-SQUAD-05:I,1500.0,-1500.0,3,1500.0,-1500.0,I/O Intr
SR11SM-PC-SQUAD-05:SETI,1500.0,-1500.0,3,1500.0,-1500.0,Passive
SR11SM-PC-SQUAD-06:I,1500.0,-1500.0,3,1500.0,-1500.0,I/O Intr
SR11SM-PC-SQUAD-06:SETI,1500.0,-1500.0,3,1500.0,-1500.0,Passive
SR11SM-PC-SQUAD-07:I,1500.0,-1500.0,3,1500.0,-1500.0,I/O Intr
SR11SM-PC-SQUAD-07:SETI,1500.0,-1500.0,3,1500.0,-1500.0,Passive
SR11SM-PC-VSTR-01:I,1500.0,-1500.0,3,1500.0,-1500.0,I/O Intr
SR11SM-PC-VSTR-01:SETI,1500.0,-1500.0,3,1500.0,-1500.0,Passive
SR11SM-PC-VSTR-02:I,1500.0,-1500.0,3,1500.0,-1500.0,I/O Intr
SR11SM-PC-VSTR-02:SETI,1500.0,-1500.0,3,1500.0,-1500.0,Passive
SR11SM-PC-VSTR-03:I,1500.0,-1500.0,3,1500.0,-1500.0,I/O Intr
SR11SM-PC-VSTR-03:SETI,1500.0,-1500.0,3,1500.0,-1500.0,Passive
SR11SM-PC-VSTR-05:I,1500.0,-1500.0,3,1500.0,-1500.0,I/O Intr
SR11SM-PC-VSTR-05:SETI,1500.0,-1500.0,3,1500.0,-1500.0,Passive
SR11SM-PC-VSTR-06:I,1500.0,-1500.0,3,1500.0,-1500.0,I/O Intr
SR11SM-PC-VSTR-06:SETI,1500.0,-1500.0,3,1500.0,-1500.0,Passive
SR11SM-PC-VSTR-07:I,1500.0,-1500.0,3,1500.0,-1500.0,I/O Intr
SR11SM-PC-VSTR-07:SETI,1500.0,-1500.0,3,1500.0,-1500.0,Passive
SR12-PC-DL1:I,1500.0,-1500.0,3,1500.0,-1500.0,I/O Intr
SR12-PC-DL1:SETI,1500.0,-1500.0,3,1500.0,-1500.0,Passive
SR12-PC-DL2:I,1500.0,-1500.0,3,1500.0,-1500.0,I/O Intr
SR12-PC-DL2:SETI,1500.0,-1500.0,3,1500.0,-1500.0,Passive
SR12-PC-DL3:I,1500.0,-1500.0,3,1500.0,-1500.0,I/O Intr
SR12-PC-DL3:SETI,1500.0,-1500.0,3,1500.0,-1500.0,Passive
SR12-PC-DL4:I,1500.0,-1500.0,3,1500.0,-1500.0,I/O Intr
SR12-PC-DL4:SETI,1500.0,-1500.0,3,1500.0,-1500.0,Passive
SR12C-DI-EBPM-01:SA:X,1500.0,-1500.0,3,1500.0,-1500.0,I/O Intr
SR12C-DI-EBPM-01:SA:Y,1500.0,-1500.0,3,1500.0,-1500.0,I/O Intr
SR12C-DI-EBPM-02:SA:X,1500.0,-1500.0,3,1500.0,-1500.0,I/O Intr
SR12C-DI-EBPM-02:SA:Y,1500.0,-1500.0,3,1500.0,-1500.0,I/O Intr
SR12C-DI-EBPM-03:SA:X,1500.0,-1500.0,3,1500.0,-1500.0,I/O Intr
SR12C-DI-EBPM-03:SA:Y,1500.0,-1500.0,3,1500.0,-1500.0,I/O Intr
SR12C-DI-EBPM-04:SA:X,1500.0,-1500.0,3,1500.0,-1500.0,I/O Intr
SR12C-DI-EBPM-04:SA:Y,1500.0,-1500.0,3,1500.0,-1500.0,I/O Intr
SR12C-DI-EBPM-05:SA:X,1500.0,-1500.0,3,1500.0,-1500.0,I/O Intr
SR12C-DI-EBPM-05:SA:Y,1500.0,-1500.0,3,1500.0,-1500.0,I/O Intr
SR12C-DI-EBPM-06:SA:X,1500.0,-1500.0,3,1500.0,-1500.0,I/O Intr
SR12C-DI-EBPM-06:SA:Y,1500.0,-1500.0,3,1500.0,-1500.0,I/O Intr
SR12C-DI-EBPM-07:SA:X,1500.0,-1500.0,3,1500.0,-1500.0,I/O Intr
SR12C-DI-EBPM-07:SA:Y,1500.0,-1500.0,3,1500.0,-1500.0,I/O Intr
SR12C-DI-EBPM-08:SA:X,1500.0,-1500.0,3,1500.0,-1500.0,I/O Intr
SR12C-DI-EBPM-08:SA:Y,1500.0,-1500.0,3,1500.0,-1500.0,I/O Intr
SR12C-DI-EBPM-09:SA:X,1500.0,-1500.0,3,1500.0,-1500.0,I/O Intr
SR12C-DI-EBPM-09:SA:Y,1500.0,-1500.0,3,1500.0,-1500.0,I/O Intr
SR12C-DI-EBPM-10:SA:X,1500.0,-1500.0,3,1500.0,-1500.0,I/O Intr
SR12C-DI-EBPM-10:SA:Y,1500.0,-1500.0,3,1500.0,-1500.0,I/O Intr
SR12C-DI-EBPM-11:SA:X,1500.0,-1500.0,3,1500.0,-1500.0,I/O Intr
SR12C-DI-EBPM-11:SA:Y,1500.0,-1500.0,3,1500.0,-1500.0,I/O Intr
SR12ML-PC-ABQ-03:I,1500.0,-1500.0,3,1500.0,-1500.0,I/O Intr
SR12ML-PC-ABQ-03:SETI,1500.0,-1500.0,3,1500.0,-1500.0,Passive
SR12ML-PC-ABQ-04:I,1500.0,-1500.0,3,1500.0,-1500.0,I/O Intr
SR12ML-PC-ABQ-04:SETI,1500.0,-1500.0,3,1500.0,-1500.0,Passive
SR12ML-PC-DQ-02:I,1500.0,-1500.0,3,1500.0,-1500.0,I/O Intr
SR12ML-PC-DQ-02:SETI,1500.0,-1500.0,3,1500.0,-1500.0,Passive
SR12ML-PC-HSTR-08:I,1500.0,-1500.0,3,1500.0,-1500.0,I/O Intr
SR12ML-PC-HSTR-08:SETI,1500.0,-1500.0,3,1500.0,-1500.0,Passive
SR12ML-PC-HSTR-09:I,1500.0,-1500.0,3,1500.0,-1500.0,I/O Intr
SR12ML-PC-HSTR-09:SETI,1500.0,-1500.0,3,1500.0,-1500.0,Passive
SR12ML-PC-HSTR-10:I,1500.0,-1500.0,3,1500.0,-1500.0,I/O Intr
SR12ML-PC-HSTR-10:SETI,1500.0,-1500.0,3,1500.0,-1500.0,Passive
SR12ML-PC-HSTR-13:I,1500.0,-1500.0,3,1500.0,-1500.0,I/O Intr
SR12ML-PC-HSTR-13:SETI,1500.0,-1500.0,3,1500.0,-1500.0,Passive
SR12ML-PC-HSTR-14:I,1500.0,-1500.0,3,1500.0,-1500.0,I/O Intr
SR12ML-PC-HSTR-14:SETI,1500.0,-1500.0,3,1500.0,-1500.0,Passive
SR12ML-PC-HSTR-15:I,1500.0,-1500.0,3,1500.0,-1500.0,I/O Intr
SR12ML-PC-HSTR-15:SETI,1500.0,-1500.0,3,1500.0,-1500.0,Passive
SR12ML-PC-OCT-11:I,1500.0,-1500.0,3,1500.0,-1500.0,I/O Intr
SR12ML-PC-OCT-11:SETI,1500.0,-1500.0,3,1500.0,-1500.0,Passive
SR12ML-PC-OCT-15:I,1500.0,-1500.0,3,1500.0,-1500.0,I/O Intr
SR12ML-PC-OCT-15:SETI,1500.0,-1500.0,3,1500.0,-1500.0,Passive
SR12ML-PC-QUAD-07:I,1500.0,-1500.0,3,1500.0,-1500.0,I/O Intr
SR12ML-PC-QUAD-07:SETI,1500.0,-1500.0,3,1500.0,-1500.0,Passive
SR12ML-PC-QUAD-08:I,1500.0,-1500.0,3,1500.0,-1500.0,I/O Intr
SR12ML-PC-QUAD-08:SETI,1500.0,-1500.0,3,1500.0,-1500.0,Passive
SR12ML-PC-QUAD-09:I,1500.0,-1500.0,3,1500.0,-1500.0,I/O Intr
SR12ML-PC-QUAD-09:SETI,1500.0,-1500.0,3,1500.0,-1500.0,Passive
SR12ML-PC-QUAD-10:I,1500.0,-1500.0,3,1500.0,-1500.0,I/O Intr
SR12ML-PC-QUAD-10:SETI,1500.0,-1500.0,3,1500.0,-1500.0,Passive
SR12ML-PC-QUAD-11:I,1500.0,-1500.0,3,1500.0,-1500.0,I/O Intr
SR12ML-PC-QUAD-11:SETI,1500.0,-1500.0,3,1500.0,-1500.0,Passive
SR12ML-PC-QUAD-12:I,1500.0,-1500.0,3,1500.0,-1500.0,I/O Intr
SR12ML-PC-QUAD-12:SETI,1500.0,-1500.0,3,1500.0,-1500.0,Passive
SR12ML-PC-QUAD-13:I,1500.0,-1500.0,3,1500.0,-1500.0,I/O Intr
SR12ML-PC-QUAD-13:SETI,1500.0,-1500.0,3,1500.0,-1500.0,Passive
SR12ML-PC-SEXT-08:I,1500.0,-1500.0,3,1500.0,-1500.0,I/O Intr
SR12ML-PC-SEXT-08:SETI,1500.0,-1500.0,3,1500.0,-1500.0,Passive
SR12ML-PC-SEXT-09:I,1500.0,-1500.0,3,1500.0,-1500.0,I/O Intr
SR12ML-PC-SEXT-09:SETI,1500.0,-1500.0,3,1500.0,-1500.0,Passive
SR12ML-PC-SEXT-10:I,1500.0,-1500.0,3,1500.0,-1500.0,I/O Intr
SR12ML-PC-SEXT-10:SETI,1500.0,-1500.0,3,1500.0,-1500.0,Passive
SR12ML-PC-SEXT-12:I,1500.0,-1500.0,3,1500.0,-1500.0,I/O Intr
SR12ML-PC-SEXT-12:SETI,1500.0,-1500.0,3,1500.0,-1500.0,Passive
SR12ML-PC-SEXT-13:I,1500.0,-1500.0,3,1500.0,-1500.0,I/O Intr
SR12ML-PC-SEXT-13:SETI,1500.0,-1500.0,3,1500.0,-1500.0,Passive
SR12ML-PC-SEXT-14:I,1500.0,-1500.0,3,1500.0,-1500.0,I/O Intr
SR12ML-PC-SEXT-14:SETI,1500.0,-1500.0,3,1500.0,-1500.0,Passive
SR12ML-PC-SQUAD-08:I,1500.0,-1500.0,3,1500.0,-1500.0,I/O Intr
SR12ML-PC-SQUAD-08:SETI,1500.0,-1500.0,3,1500.0,-1500.0,Passive
SR12ML-PC-SQUAD-09:I,1500.0,-1500.0,3,1500.0,-1500.0,I/O Intr
SR12ML-PC-SQUAD-09:SETI,1500.0,-1500.0,3,1500.0,-1500.0,Passive
SR12ML-PC-SQUAD-10:I,1500.0,-1500.0,3,1500.0,-1500.0,I/O Intr
SR12ML-PC-SQUAD-10:SETI,1500.0,-1500.0,3,1500.0,-1500.0,Passive
SR12ML-PC-SQUAD-12:I,1500.0,-1500.0,3,1500.0,-1500.0,I/O Intr
SR12ML-PC-SQUAD-12:SETI,1500.0,-1500.0,3,1500.0,-1500.0,Passive
SR12ML-PC-SQUAD-13:I,1500.0,-1500.0,3,1500.0,-1500.0,I/O Intr
SR12ML-PC-SQUAD-13:SETI,1500.0,-1500.0,3,1500.0,-1500.0,Passive
SR12ML-PC-SQUAD-14:I,1500.0,-1500.0,3,1500.0,-1500.0,I/O Intr
SR12ML-PC-SQUAD-14:SETI,1500.0,-1500.0,3,1500.0,-1500.0,Passive
SR12ML-PC-VSTR-08:I,1500.0,-1500.0,3,1500.0,-1500.0,I/O Intr
SR12ML-PC-VSTR-08:SETI,1500.0,-1500.0,3,1500.0,-1500.0,Passive
SR12ML-PC-VSTR-09:I,1500.0,-1500.0,3,1500.0,-1500.0,I/O Intr
SR12ML-PC-VSTR-09:SETI,1500.0,-1500.0,3,1500.0,-1500.0,Passive
SR12ML-PC-VSTR-10:I,1500.0,-1500.0,3,1500.0,-1500.0,I/O Intr
SR12ML-PC-VSTR-10:SETI,1500.0,-1500.0,3,1500.0,-1500.0,Passive
SR12ML-PC-VSTR-13:I,1500.0,-1500.0,3,1500.0,-1500.0,I/O Intr
SR12ML-PC-VSTR-13:SETI,1500.0,-1500.0,3,1500.0,-1500.0,Passive
SR12ML-PC-VSTR-14:I,1500.0,-1500.0,3,1500.0,-1500.0,I/O Intr
SR12ML-PC-VSTR-14:SETI,1500.0,-1500.0,3,1500.0,-1500.0,Passive
SR12ML-PC-VSTR-15:I,1500.0,-1500.0,3,1500.0,-1500.0,I/O Intr
SR12ML-PC-VSTR-15:SETI,1500.0,-1500.0,3,1500.0,-1500.0,Passive
SR12SI-PC-HSTR-11:I,1500.0,-1500.0,3,1500.0,-1500.0,I/O Intr
SR12SI-PC-HSTR-11:SETI,1500.0,-1500.0,3,1500.0,-1500.0,Passive
SR12SI-PC-HSTR-12:I,1500.0,-1500.0,3,1500.0,-1500.0,I/O Intr
SR12SI-PC-HSTR-12:SETI,1500.0,-1500.0,3,1500.0,-1500.0,Passive
SR12SI-PC-VSTR-11:I,1500.0,-1500.0,3,1500.0,-1500.0,I/O Intr
SR12SI-PC-VSTR-11:SETI,1500.0,-1500.0,3,1500.0,-1500.0,Passive
SR12SI-PC-VSTR-12:I,1500.0,-1500.0,3,1500.0,-1500.0,I/O Intr
SR12SI-PC-VSTR-12:SETI,1500.0,-1500.0,3,1500.0,-1500.0,Passive
SR12SM-PC-ABQ-01:I,1500.0,-1500.0,3,1500.0,-1500.0,I/O Intr
SR12SM-PC-ABQ-01:SETI,1500.0,-1500.0,3,1500.0,-1500.0,Passive
SR12SM-PC-ABQ-02:I,1500.0,-1500.0,3,1500.0,-1500.0,I/O Intr
SR12SM-PC-ABQ-02:SETI,1500.0,-1500.0,3,1500.0,-1500.0,Passive
SR12SM-PC-DQ-01:I,1500.0,-1500.0,3,1500.0,-1500.0,I/O Intr
SR12SM-PC-DQ-01:SETI,1500.0,-1500.0,3,1500.0,-1500.0,Passive
SR12SM-PC-HSTR-01:I,1500.0,-1500.0,3,1500.0,-1500.0,I/O Intr
SR12SM-PC-HSTR-01:SETI,1500.0,-1500.0,3,1500.0,-1500.0,Passive
SR12SM-PC-HSTR-02:I,1500.0,-1500.0,3,1500.0,-1500.0,I/O Intr
SR12SM-PC-HSTR-02:SETI,1500.0,-1500.0,3,1500.0,-1500.0,Passive
SR12SM-PC-HSTR-03:I,1500.0,-1500.0,3,1500.0,-1500.0,I/O Intr
SR12SM-PC-HSTR-03:SETI,1500.0,-1500.0,3,1500.0,-1500.0,Passive
SR12SM-PC-HSTR-05:I,1500.0,-1500.0,3,1500.0,-1500.0,I/O Intr
SR12SM-PC-HSTR-05:SETI,1500.0,-1500.0,3,1500.0,-1500.0,Passive
SR12SM-PC-HSTR-06:I,1500.0,-1500.0,3,1500.0,-1500.0,I/O Intr
SR12SM-PC-HSTR-06:SETI,1500.0,-1500.0,3,1500.0,-1500.0,Passive
SR12SM-PC-HSTR-07:I,1500.0,-1500.0,3,1500.0,-1500.0,I/O Intr
SR12SM-PC-HSTR-07:SETI,1500.0,-1500.0,3,1500.0,-1500.0,Passive
SR12SM-PC-OCT-04:I,1500.0,-1500.0,3,1500.0,-1500.0,I/O Intr
SR12SM-PC-OCT-04:SETI,1500.0,-1500.0,3,1500.0,-1500.0,Passive
SR12SM-PC-QUAD-01:I,1500.0,-1500.0,3,1500.0,-1500.0,I/O Intr
SR12SM-PC-QUAD-01:SETI,1500.0,-1500.0,3,1500.0,-1500.0,Passive
SR12SM-PC-QUAD-02:I,1500.0,-1500.0,3,1500.0,-1500.0,I/O Intr
SR12SM-PC-QUAD-02:SETI,1500.0,-1500.0,3,1500.0,-1500.0,Passive
SR12SM-PC-QUAD-03:I,1500.0,-1500.0,3,1500.0,-1500.0,I/O Intr
SR12SM-PC-QUAD-03:SETI,1500.0,-1500.0,3,1500.0,-1500.0,Passive
SR12SM-PC-QUAD-04:I,1500.0,-1500.0,3,1500.0,-1500.0,I/O Intr
SR12SM-PC-QUAD-04:SETI,1500.0,-1500.0,3,1500.0,-1500.0,Passive
SR12SM-PC-QUAD-05:I,1500.0,-1500.0,3,1500.0,-1500.0,I/O Intr
SR12SM-PC-QUAD-05:SETI,1500.0,-1500.0,3,1500.0,-1500.0,Passive
SR12SM-PC-QUAD-06:I,1500.0,-1500.0,3,1500.0,-1500.0,I/O Intr
SR12SM-PC-QUAD-06:SETI,1500.0,-1500.0,3,1500.0,-1500.0,Passive
SR12SM-PC-SEXT-01:I,1500.0,-1500.0,3,1500.0,-1500.0,I/O Intr
SR12SM-PC-SEXT-01:SETI,1500.0,-1500.0,3,1500.0,-1500.0,Passive
SR12SM-PC-SEXT-02:I,1500.0,-1500.0,3,1500.0,-1500.0,I/O Intr
SR12SM-PC-SEXT-02:SETI,1500.0,-1500.0,3,1500.0,-1500.0,Passive
SR12SM-PC-SEXT-03:I,1500.0,-1500.0,3,1500.0,-1500.0,I/O Intr
SR12SM-PC-SEXT-03:SETI,1500.0,-1500.0,3,1500.0,-1500.0,Passive
SR12SM-PC-SEXT-05:I,1500.0,-1500.0,3,1500.0,-1500.0,I/O Intr
SR12SM-PC-SEXT-05:SETI,1500.0,-1500.0,3,1500.0,-1500.0,Passive
SR12SM-PC-SEXT-06:I,1500.0,-1500.0,3,1500.0,-1500.0,I/O Intr
SR12SM-PC-SEXT-06:SETI,1500.0,-1500.0,3,1500.0,-1500.0,Passive
SR12SM-PC-SEXT-07:I,1500.0,-1500.0,3,1500.0,-1500.0,I/O Intr
SR12SM-PC-SEXT-07:SETI,1500.0,-1500.0,3,1500.0,-1500.0,Passive
SR12SM-PC-SQUAD-01:I,1500.0,-1500.0,3,1500.0,-1500.0,I/O Intr
SR12SM-PC-SQUAD-01:SETI,1500.0,-1500.0,3,1500.0,-1500.0,Passive
SR12SM-PC-SQUAD-02:I,1500.0,-1500.0,3,1500.0,-1500.0,I/O Intr
SR12SM-PC-SQUAD-02:SETI,1500.0,-1500.0,3,1500.0,-1500.0,Passive
SR12SM-PC-SQUAD-03:I,1500.0,-1500.0,3,1500.0,-1500.0,I/O Intr
SR12SM-PC-SQUAD-03:SETI,1500.0,-1500.0,3,1500.0,-1500.0,Passive
SR12SM-PC-SQUAD-05:I,1500.0,-1500.0,3,1500.0,-1500.0,I/O Intr
SR12SM-PC-SQUAD-05:SETI,1500.0,-1500.0,3,1500.0,-1500.0,Passive
SR12SM-PC-SQUAD-06:I,1500.0,-1500.0,3,1500.0,-1500.0,I/O Intr
SR12SM-PC-SQUAD-06:SETI,1500.0,-1500.0,3,1500.0,-1500.0,Passive
SR12SM-PC-SQUAD-07:I,1500.0,-1500.0,3,1500.0,-1500.0,I/O Intr
SR12SM-PC-SQUAD-07:SETI,1500.0,-1500.0,3,1500.0,-1500.0,Passive
SR12SM-PC-VSTR-01:I,1500.0,-1500.0,3,1500.0,-1500.0,I/O Intr
SR12SM-PC-VSTR-01:SETI,1500.0,-1500.0,3,1500.0,-1500.0,Passive
SR12SM-PC-VSTR-02:I,1500.0,-1500.0,3,1500.0,-1500.0,I/O Intr
SR12SM-PC-VSTR-02:SETI,1500.0,-1500.0,3,1500.0,-1500.0,Passive
SR12SM-PC-VSTR-03:I,1500.0,-1500.0,3,1500.0,-1500.0,I/O Intr
SR12SM-PC-VSTR-03:SETI,1500.0,-1500.0,3,1500.0,-1500.0,Passive
SR12SM-PC-VSTR-05:I,1500.0,-1500.0,3,1500.0,-1500.0,I/O Intr
SR12SM-PC-VSTR-05:SETI,1500.0,-1500.0,3,1500.0,-1500.0,Passive
SR12SM-PC-VSTR-06:I,1500.0,-1500.0,3,1500.0,-1500.0,I/O Intr
SR12SM-PC-VSTR-06:SETI,1500.0,-1500.0,3,1500.0,-1500.0,Passive
SR12SM-PC-VSTR-07:I,1500.0,-1500.0,3,1500.0,-1500.0,I/O Intr
SR12SM-PC-VSTR-07:SETI,1500.0,-1500.0,3,1500.0,-1500.0,Passive
SR13-PC-DL1:I,1500.0,-1500.0,3,1500.0,-1500.0,I/O Intr
SR13-PC-DL1:SETI,1500.0,-1500.0,3,1500.0,-1500.0,Passive
SR13-PC-DL2:I,1500.0,-1500.0,3,1500.0,-1500.0,I/O Intr
SR13-PC-DL2:SETI,1500.0,-1500.0,3,1500.0,-1500.0,Passive
SR13-PC-DL3:I,1500.0,-1500.0,3,1500.0,-1500.0,I/O Intr
SR13-PC-DL3:SETI,1500.0,-1500.0,3,1500.0,-1500.0,Passive
SR13-PC-DL4:I,1500.0,-1500.0,3,1500.0,-1500.0,I/O Intr
SR13-PC-DL4:SETI,1500.0,-1500.0,3,1500.0,-1500.0,Passive
SR13C-DI-EBPM-00:SA:X,1500.0,-1500.0,3,1500.0,-1500.0,I/O Intr
SR13C-DI-EBPM-00:SA:Y,1500.0,-1500.0,3,1500.0,-1500.0,I/O Intr
SR13C-DI-EBPM-01:SA:X,1500.0,-1500.0,3,1500.0,-1500.0,I/O Intr
SR13C-DI-EBPM-01:SA:Y,1500.0,-1500.0,3,1500.0,-1500.0,I/O Intr
SR13C-DI-EBPM-02:SA:X,1500.0,-1500.0,3,1500.0,-1500.0,I/O Intr
SR13C-DI-EBPM-02:SA:Y,1500.0,-1500.0,3,1500.0,-1500.0,I/O Intr
SR13C-DI-EBPM-03:SA:X,1500.0,-1500.0,3,1500.0,-1500.0,I/O Intr
SR13C-DI-EBPM-03:SA:Y,1500.0,-1500.0,3,1500.0,-1500.0,I/O Intr
SR13C-DI-EBPM-04:SA:X,1500.0,-1500.0,3,1500.0,-1500.0,I/O Intr
SR13C-DI-EBPM-04:SA:Y,1500.0,-1500.0,3,1500.0,-1500.0,I/O Intr
SR13C-DI-EBPM-05:SA:X,1500.0,-1500.0,3,1500.0,-1500.0,I/O Intr
SR13C-DI-EBPM-05:SA:Y,1500.0,-1500.0,3,1500.0,-1500.0,I/O Intr
SR13C-DI-EBPM-06:SA:X,1500.0,-1500.0,3,1500.0,-1500.0,I/O Intr
SR13C-DI-EBPM-06:SA:Y,1500.0,-1500.0,3,1500.0,-1500.0,I/O Intr
SR13C-DI-EBPM-07:SA:X,1500.0,-1500.0,3,1500.0,-1500.0,I/O Intr
SR13C-DI-EBPM-07:SA:Y,1500.0,-1500.0,3,1500.0,-1500.0,I/O Intr
SR13C-DI-EBPM-08:SA:X,1500.0,-1500.0,3,1500.0,-1500.0,I/O Intr
SR13C-DI-EBPM-08:SA:Y,1500.0,-1500.0,3,1500.0,-1500.0,I/O Intr
SR13C-DI-EBPM-09:SA:X,1500.0,-1500.0,3,1500.0,-1500.0,I/O Intr
SR13C-DI-EBPM-09:SA:Y,1500.0,-1500.0,3,1500.0,-1500.0,I/O Intr
SR13C-DI-EBPM-10:SA:X,1500.0,-1500.0,3,1500.0,-1500.0,I/O Intr
SR13C-DI-EBPM-10:SA:Y,1500.0,-1500.0,3,1500.0,-1500.0,I/O Intr
SR13LM-PC-ABQ-01:I,1500.0,-1500.0,3,1500.0,-1500.0,I/O Intr
SR13LM-PC-ABQ-01:SETI,1500.0,-1500.0,3,1500.0,-1500.0,Passive
SR13LM-PC-ABQ-02:I,1500.0,-1500.0,3,1500.0,-1500.0,I/O Intr
SR13LM-PC-ABQ-02:SETI,1500.0,-1500.0,3,1500.0,-1500.0,Passive
SR13LM-PC-DQ-01:I,1500.0,-1500.0,3,1500.0,-1500.0,I/O Intr
SR13LM-PC-DQ-01:SETI,1500.0,-1500.0,3,1500.0,-1500.0,Passive
SR13LM-PC-HSTR-00:I,1500.0,-1500.0,3,1500.0,-1500.0,I/O Intr
SR13LM-PC-HSTR-00:SETI,1500.0,-1500.0,3,1500.0,-1500.0,Passive
SR13LM-PC-HSTR-01:I,1500.0,-1500.0,3,1500.0,-1500.0,I/O Intr
SR13LM-PC-HSTR-01:SETI,1500.0,-1500.0,3,1500.0,-1500.0,Passive
SR13LM-PC-HSTR-02:I,1500.0,-1500.0,3,1500.0,-1500.0,I/O Intr
SR13LM-PC-HSTR-02:SETI,1500.0,-1500.0,3,1500.0,-1500.0,Passive
SR13LM-PC-HSTR-03:I,1500.0,-1500.0,3,1500.0,-1500.0,I/O Intr
SR13LM-PC-HSTR-03:SETI,1500.0,-1500.0,3,1500.0,-1500.0,Passive
SR13LM-PC-HSTR-05:I,1500.0,-1500.0,3,1500.0,-1500.0,I/O Intr
SR13LM-PC-HSTR-05:SETI,1500.0,-1500.0,3,1500.0,-1500.0,Passive
SR13LM-PC-HSTR-06:I,1500.0,-1500.0,3,1500.0,-1500.0,I/O Intr
SR13LM-PC-HSTR-06:SETI,1500.0,-1500.0,3,1500.0,-1500.0,Passive
SR13LM-PC-HSTR-07:I,1500.0,-1500.0,3,1500.0,-1500.0,I/O Intr
SR13LM-PC-HSTR-07:SETI,1500.0,-1500.0,3,1500.0,-1500.0,Passive
SR13LM-PC-OCT-00:I,1500.0,-1500.0,3,1500.0,-1500.0,I/O Intr
SR13LM-PC-OCT-00:SETI,1500.0,-1500.0,3,1500.0,-1500.0,Passive
SR13LM-PC-OCT-04:I,1500.0,-1500.0,3,1500.0,-1500.0,I/O Intr
SR13LM-PC-OCT-04:SETI,1500.0,-1500.0,3,1500.0,-1500.0,Passive
SR13LM-PC-QUAD-00:I,1500.0,-1500.0,3,1500.0,-1500.0,I/O Intr
SR13LM-PC-QUAD-00:SETI,1500.0,-1500.0,3,1500.0,-1500.0,Passive
SR13LM-PC-QUAD-01:I,1500.0,-1500.0,3,1500.0,-1500.0,I/O Intr
SR13LM-PC-QUAD-01:SETI,1500.0,-1500.0,3,1500.0,-1500.0,Passive
SR13LM-PC-QUAD-02:I,1500.0,-1500.0,3,1500.0,-1500.0,I/O Intr
SR13LM-PC-QUAD-02:SETI,1500.0,-1500.0,3,1500.0,-1500.0,Passive
SR13LM-PC-QUAD-03:I,1500.0,-1500.0,3,1500.0,-1500.0,I/O Intr
SR13LM-PC-QUAD-03:SETI,1500.0,-1500.0,3,1500.0,-1500.0,Passive
SR13LM-PC-QUAD-04:I,1500.0,-1500.0,3,1500.0,-1500.0,I/O Intr
SR13LM-PC-QUAD-04:SETI,1500.0,-1500.0,3,1500.0,-1500.0,Passive
SR13LM-PC-QUAD-05:I,1500.0,-1500.0,3,1500.0,-1500.0,I/O Intr
SR13LM-PC-QUAD-05:SETI,1500.0,-1500.0,3,1500.0,-1500.0,Passive
SR13LM-PC-QUAD-06:I,1500.0,-1500.0,3,1500.0,-1500.0,I/O Intr
SR13LM-PC-QUAD-06:SETI,1500.0,-1500.0,3,1500.0,-1500.0,Passive
SR13LM-PC-SEXT-01:I,1500.0,-1500.0,3,1500.0,-1500.0,I/O Intr
SR13LM-PC-SEXT-01:SETI,1500.0,-1500.0,3,1500.0,-1500.0,Passive
SR13LM-PC-SEXT-02:I,1500.0,-1500.0,3,1500.0,-1500.0,I/O Intr
SR13LM-PC-SEXT-02:SETI,1500.0,-1500.0,3,1500.0,-1500.0,Passive
SR13LM-PC-SEXT-03:I,1500.0,-1500.0,3,1500.0,-1500.0,I/O Intr
SR13LM-PC-SEXT-03:SETI,1500.0,-1500.0,3,1500.0,-1500.0,Passive
SR13LM-PC-SEXT-05:I,1500.0,-1500.0,3,1500.0,-1500.0,I/O Intr
SR13LM-PC-SEXT-05:SETI,1500.0,-1500.0,3,1500.0,-1500.0,Passive
SR13LM-PC-SEXT-06:I,1500.0,-1500.0,3,1500.0,-1500.0,I/O Intr
SR13LM-PC-SEXT-06:SETI,1500.0,-1500.0,3,1500.0,-1500.0,Passive
SR13LM-PC-SEXT-07:I,1500.0,-1500.0,3,1500.0,-1500.0,I/O Intr
SR13LM-PC-SEXT-07:SETI,1500.0,-1500.0,3,1500.0,-1500.0,Passive
SR13LM-PC-SQUAD-01:I,1500.0,-1500.0,3,1500.0,-1500.0,I/O Intr
SR13LM-PC-SQUAD-01:SETI,1500.0,-1500.0,3,1500.0,-1500.0,Passive
SR13LM-PC-SQUAD-02:I,1500.0,-1500.0,3,1500.0,-1500.0,I/O Intr
SR13LM-PC-SQUAD-02:SETI,1500.0,-1500.0,3,1500.0,-1500.0,Passive
SR13LM-PC-SQUAD-03:I,1500.0,-1500.0,3,1500.0,-1500.0,I/O Intr
SR13LM-PC-SQUAD-03:SETI,1500.0,-1500.0,3,1500.0,-1500.0,Passive
SR13LM-PC-SQUAD-05:I,1500.0,-1500.0,3,1500.0,-1500.0,I/O Intr
SR13LM-PC-SQUAD-05:SETI,1500.0,-1500.0,3,1500.0,-1500.0,Passive
SR13LM-PC-SQUAD-06:I,1500.0,-1500.0,3,1500.0,-1500.0,I/O Intr
SR13LM-PC-SQUAD-06:SETI,1500.0,-1500.0,3,1500.0,-1500.0,Passive
SR13LM-PC-SQUAD-07:I,1500.0,-1500.0,3,1500.0,-1500.0,I/O Intr
SR13LM-PC-SQUAD-07:SETI,1500.0,-1500.0,3,1500.0,-1500.0,Passive
SR13LM-PC-VSTR-00:I,1500.0,-1500.0,3,1500.0,-1500.0,I/O Intr
SR13LM-PC-VSTR-00:SETI,1500.0,-1500.0,3,1500.0,-1500.0,Passive
SR13LM-PC-VSTR-01:I,1500.0,-1500.0,3,1500.0,-1500.0,I/O Intr
SR13LM-PC-VSTR-01:SETI,1500.0,-1500.0,3,1500.0,-1500.0,Passive
SR13LM-PC-VSTR-02:I,1500.0,-1500.0,3,1500.0,-1500.0,I/O Intr
SR13LM-PC-VSTR-02:SETI,1500.0,-1500.0,3,1500.0,-1500.0,Passive
SR13LM-PC-VSTR-03:I,1500.0,-1500.0,3,1500.0,-1500.0,I/O Intr
SR13LM-PC-VSTR-03:SETI,1500.0,-1500.0,3,1500.0,-1500.0,Passive
SR13LM-PC-VSTR-05:I,1500.0,-1500.0,3,1500.0,-1500.0,I/O Intr
SR13LM-PC-VSTR-05:SETI,1500.0,-1500.0,3,1500.0,-1500.0,Passive
SR13LM-PC-VSTR-06:I,1500.0,-1500.0,3,1500.0,-1500.0,I/O Intr
SR13LM-PC-VSTR-06:SETI,1500.0,-1500.0,3,1500.0,-1500.0,Passive
SR13LM-PC-VSTR-07:I,1500.0,-1500.0,3,1500.0,-1500.0,I/O Intr
SR13LM-PC-VSTR-07:SETI,1500.0,-1500.0,3,1500.0,-1500.0,Passive
SR13MS-PC-ABQ-03:I,1500.0,-1500.0,3,1500.0,-1500.0,I/O Intr
SR13MS-PC-ABQ-03:SETI,1500.0,-1500.0,3,1500.0,-1500.0,Passive
SR13MS-PC-ABQ-04:I,1500.0,-1500.0,3,1500.0,-1500.0,I/O Intr
SR13MS-PC-ABQ-04:SETI,1500.0,-1500.0,3,1500.0,-1500.0,Passive
SR13MS-PC-DQ-02:I,1500.0,-1500.0,3,1500.0,-1500.0,I/O Intr
SR13MS-PC-DQ-02:SETI,1500.0,-1500.0,3,1500.0,-1500.0,Passive
SR13MS-PC-HSTR-08:I,1500.0,-1500.0,3,1500.0,-1500.0,I/O Intr
SR13MS-PC-HSTR-08:SETI,1500.0,-1500.0,3,1500.0,-1500.0,Passive
SR13MS-PC-HSTR-09:I,1500.0,-1500.0,3,1500.0,-1500.0,I/O Intr
SR13MS-PC-HSTR-09:SETI,1500.0,-1500.0,3,1500.0,-1500.0,Passive
SR13MS-PC-HSTR-10:I,1500.0,-1500.0,3,1500.0,-1500.0,I/O Intr
SR13MS-PC-HSTR-10:SETI,1500.0,-1500.0,3,1500.0,-1500.0,Passive
SR13MS-PC-HSTR-13:I,1500.0,-1500.0,3,1500.0,-1500.0,I/O Intr
SR13MS-PC-HSTR-13:SETI,1500.0,-1500.0,3,1500.0,-1500.0,Passive
SR13MS-PC-HSTR-14:I,1500.0,-1500.0,3,1500.0,-1500.0,I/O Intr
SR13MS-PC-HSTR-14:SETI,1500.0,-1500.0,3,1500.0,-1500.0,Passive
SR13MS-PC-OCT-11:I,1500.0,-1500.0,3,1500.0,-1500.0,I/O Intr
SR13MS-PC-OCT-11:SETI,1500.0,-1500.0,3,1500.0,-1500.0,Passive
SR13MS-PC-QUAD-07:I,1500.0,-1500.0,3,1500.0,-1500.0,I/O Intr
SR13MS-PC-QUAD-07:SETI,1500.0,-1500.0,3,1500.0,-1500.0,Passive
SR13MS-PC-QUAD-08:I,1500.0,-1500.0,3,1500.0,-1500.0,I/O Intr
SR13MS-PC-QUAD-08:SETI,1500.0,-1500.0,3,1500.0,-1500.0,Passive
SR13MS-PC-QUAD-09:I,1500.0,-1500.0,3,1500.0,-1500.0,I/O Intr
SR13MS-PC-QUAD-09:SETI,1500.0,-1500.0,3,1500.0,-1500.0,Passive
SR13MS-PC-QUAD-10:I,1500.0,-1500.0,3,1500.0,-1500.0,I/O Intr
SR13MS-PC-QUAD-10:SETI,1500.0,-1500.0,3,1500.0,-1500.0,Passive
SR13MS-PC-QUAD-11:I,1500.0,-1500.0,3,1500.0,-1500.0,I/O Intr
SR13MS-PC-QUAD-11:SETI,1500.0,-1500.0,3,1500.0,-1500.0,Passive
SR13MS-PC-QUAD-12:I,1500.0,-1500.0,3,1500.0,-1500.0,I/O Intr
SR13MS-PC-QUAD-12:SETI,1500.0,-1500.0,3,1500.0,-1500.0,Passive
SR13MS-PC-SEXT-08:I,1500.0,-1500.0,3,1500.0,-1500.0,I/O Intr
SR13MS-PC-SEXT-08:SETI,1500.0,-1500.0,3,1500.0,-1500.0,Passive
SR13MS-PC-SEXT-09:I,1500.0,-1500.0,3,1500.0,-1500.0,I/O Intr
SR13MS-PC-SEXT-09:SETI,1500.0,-1500.0,3,1500.0,-1500.0,Passive
SR13MS-PC-SEXT-10:I,1500.0,-1500.0,3,1500.0,-1500.0,I/O Intr
SR13MS-PC-SEXT-10:SETI,1500.0,-1500.0,3,1500.0,-1500.0,Passive
SR13MS-PC-SEXT-12:I,1500.0,-1500.0,3,1500.0,-1500.0,I/O Intr
SR13MS-PC-SEXT-12:SETI,1500.0,-1500.0,3,1500.0,-1500.0,Passive
SR13MS-PC-SEXT-13:I,1500.0,-1500.0,3,1500.0,-1500.0,I/O Intr
SR13MS-PC-SEXT-13:SETI,1500.0,-1500.0,3,1500.0,-1500.0,Passive
SR13MS-PC-SEXT-14:I,1500.0,-1500.0,3,1500.0,-1500.0,I/O Intr
SR13MS-PC-SEXT-14:SETI,1500.0,-1500.0,3,1500.0,-1500.0,Passive
SR13MS-PC-SQUAD-08:I,1500.0,-1500.0,3,1500.0,-1500.0,I/O Intr
SR13MS-PC-SQUAD-08:SETI,1500.0,-1500.0,3,1500.0,-1500.0,Passive
SR13MS-PC-SQUAD-09:I,1500.0,-1500.0,3,1500.0,-1500.0,I/O Intr
SR13MS-PC-SQUAD-09:SETI,1500.0,-1500.0,3,1500.0,-1500.0,Passive
SR13MS-PC-SQUAD-10:I,1500.0,-1500.0,3,1500.0,-1500.0,I/O Intr
SR13MS-PC-SQUAD-10:SETI,1500.0,-1500.0,3,1500.0,-1500.0,Passive
SR13MS-PC-SQUAD-12:I,1500.0,-1500.0,3,1500.0,-1500.0,I/O Intr
SR13MS-PC-SQUAD-12:SETI,1500.0,-1500.0,3,1500.0,-1500.0,Passive
SR13MS-PC-SQUAD-13:I,1500.0,-1500.0,3,1500.0,-1500.0,I/O Intr
SR13MS-PC-SQUAD-13:SETI,1500.0,-1500.0,3,1500.0,-1500.0,Passive
SR13MS-PC-SQUAD-14:I,1500.0,-1500.0,3,1500.0,-1500.0,I/O Intr
SR13MS-PC-SQUAD-14:SETI,1500.0,-1500.0,3,1500.0,-1500.0,Passive
SR13MS-PC-VSTR-08:I,1500.0,-1500.0,3,1500.0,-1500.0,I/O Intr
SR13MS-PC-VSTR-08:SETI,1500.0,-1500.0,3,1500.0,-1500.0,Passive
SR13MS-PC-VSTR-09:I,1500.0,-1500.0,3,1500.0,-1500.0,I/O Intr
SR13MS-PC-VSTR-09:SETI,1500.0,-1500.0,3,1500.0,-1500.0,Passive
SR13MS-PC-VSTR-10:I,1500.0,-1500.0,3,1500.0,-1500.0,I/O Intr
SR13MS-PC-VSTR-10:SETI,1500.0,-1500.0,3,1500.0,-1500.0,Passive
SR13MS-PC-VSTR-13:I,1500.0,-1500.0,3,1500.0,-1500.0,I/O Intr
SR13MS-PC-VSTR-13:SETI,1500.0,-1500.0,3,1500.0,-1500.0,Passive
SR13MS-PC-VSTR-14:I,1500.0,-1500.0,3,1500.0,-1500.0,I/O Intr
SR13MS-PC-VSTR-14:SETI,1500.0,-1500.0,3,1500.0,-1500.0,Passive
SR13SI-PC-HSTR-11:I,1500.0,-1500.0,3,1500.0,-1500.0,I/O Intr
SR13SI-PC-HSTR-11:SETI,1500.0,-1500.0,3,1500.0,-1500.0,Passive
SR13SI-PC-HSTR-12:I,1500.0,-1500.0,3,1500.0,-1500.0,I/O Intr
SR13SI-PC-HSTR-12:SETI,1500.0,-1500.0,3,1500.0,-1500.0,Passive
SR13SI-PC-HSTR-21:I,1500.0,-1500.0,3,1500.0,-1500.0,I/O Intr
SR13SI-PC-HSTR-21:SETI,1500.0,-1500.0,3,1500.0,-1500.0,Passive
SR13SI-PC-HSTR-22:I,1500.0,-1500.0,3,1500.0,-1500.0,I/O Intr
SR13SI-PC-HSTR-22:SETI,1500.0,-1500.0,3,1500.0,-1500.0,Passive
SR13SI-PC-VSTR-11:I,1500.0,-1500.0,3,1500.0,-1500.0,I/O Intr
SR13SI-PC-VSTR-11:SETI,1500.0,-1500.0,3,1500.0,-1500.0,Passive
SR13SI-PC-VSTR-12:I,1500.0,-1500.0,3,1500.0,-1500.0,I/O Intr
SR13SI-PC-VSTR-12:SETI,1500.0,-1500.0,3,1500.0,-1500.0,Passive
SR13SI-PC-VSTR-21:I,1500.0,-1500.0,3,1500.0,-1500.0,I/O Intr
SR13SI-PC-VSTR-21:SETI,1500.0,-1500.0,3,1500.0,-1500.0,Passive
SR13SI-PC-VSTR-22:I,1500.0,-1500.0,3,1500.0,-1500.0,I/O Intr
SR13SI-PC-VSTR-22:SETI,1500.0,-1500.0,3,1500.0,-1500.0,Passive
SR14-PC-DL1:I,1500.0,-1500.0,3,1500.0,-1500.0,I/O Intr
SR14-PC-DL1:SETI,1500.0,-1500.0,3,1500.0,-1500.0,Passive
SR14-PC-DL2:I,1500.0,-1500.0,3,1500.0,-1500.0,I/O Intr
SR14-PC-DL2:SETI,1500.0,-1500.0,3,1500.0,-1500.0,Passive
SR14-PC-DL3:I,1500.0,-1500.0,3,1500.0,-1500.0,I/O Intr
SR14-PC-DL3:SETI,1500.0,-1500.0,3,1500.0,-1500.0,Passive
SR14-PC-DL4:I,1500.0,-1500.0,3,1500.0,-1500.0,I/O Intr
SR14-PC-DL4:SETI,1500.0,-1500.0,3,1500.0,-1500.0,Passive
SR14C-DI-EBPM-01:SA:X,1500.0,-1500.0,3,1500.0,-1500.0,I/O Intr
SR14C-DI-EBPM-01:SA:Y,1500.0,-1500.0,3,1500.0,-1500.0,I/O Intr
SR14C-DI-EBPM-02:SA:X,1500.0,-1500.0,3,1500.0,-1500.0,I/O Intr
SR14C-DI-EBPM-02:SA:Y,1500.0,-1500.0,3,1500.0,-1500.0,I/O Intr
SR14C-DI-EBPM-03:SA:X,1500.0,-1500.0,3,1500.0,-1500.0,I/O Intr
SR14C-DI-EBPM-03:SA:Y,1500.0,-1500.0,3,1500.0,-1500.0,I/O Intr
SR14C-DI-EBPM-04:SA:X,1500.0,-1500.0,3,1500.0,-1500.0,I/O Intr
SR14C-DI-EBPM-04:SA:Y,1500.0,-1500.0,3,1500.0,-1500.0,I/O Intr
SR14C-DI-EBPM-05:SA:X,1500.0,-1500.0,3,1500.0,-1500.0,I/O Intr
SR14C-DI-EBPM-05:SA:Y,1500.0,-1500.0,3,1500.0,-1500.0,I/O Intr
SR14C-DI-EBPM-06:SA:X,1500.0,-1500.0,3,1500.0,-1500.0,I/O Intr
SR14C-DI-EBPM-06:SA:Y,1500.0,-1500.0,3,1500.0,-1500.0,I/O Intr
SR14C-DI-EBPM-07:SA:X,1500.0,-1500.0,3,1500.0,-1500.0,I/O Intr
SR14C-DI-EBPM-07:SA:Y,1500.0,-1500.0,3,1500.0,-1500.0,I/O Intr
SR14C-DI-EBPM-08:SA:X,1500.0,-1500.0,3,1500.0,-1500.0,I/O Intr
SR14C-DI-EBPM-08:SA:Y,1500.0,-1500.0,3,1500.0,-1500.0,I/O Intr
SR14C-DI-EBPM-09:SA:X,1500.0,-1500.0,3,1500.0,-1500.0,I/O Intr
SR14C-DI-EBPM-09:SA:Y,1500.0,-1500.0,3,1500.0,-1500.0,I/O Intr
SR14C-DI-EBPM-10:SA:X,1500.0,-1500.0,3,1500.0,-1500.0,I/O Intr
SR14C-DI-EBPM-10:SA:Y,1500.0,-1500.0,3,1500.0,-1500.0,I/O Intr
SR14MS-PC-ABQ-03:I,1500.0,-1500.0,3,1500.0,-1500.0,I/O Intr
SR14MS-PC-ABQ-03:SETI,1500.0,-1500.0,3,1500.0,-1500.0,Passive
SR14MS-PC-ABQ-04:I,1500.0,-1500.0,3,1500.0,-1500.0,I/O Intr
SR14MS-PC-ABQ-04:SETI,1500.0,-1500.0,3,1500.0,-1500.0,Passive
SR14MS-PC-DQ-02:I,1500.0,-1500.0,3,1500.0,-1500.0,I/O Intr
SR14MS-PC-DQ-02:SETI,1500.0,-1500.0,3,1500.0,-1500.0,Passive
SR14MS-PC-HSTR-08:I,1500.0,-1500.0,3,1500.0,-1500.0,I/O Intr
SR14MS-PC-HSTR-08:SETI,1500.0,-1500.0,3,1500.0,-1500.0,Passive
SR14MS-PC-HSTR-09:I,1500.0,-1500.0,3,1500.0,-1500.0,I/O Intr
SR14MS-PC-HSTR-09:SETI,1500.0,-1500.0,3,1500.0,-1500.0,Passive
SR14MS-PC-HSTR-10:I,1500.0,-1500.0,3,1500.0,-1500.0,I/O Intr
SR14MS-PC-HSTR-10:SETI,1500.0,-1500.0,3,1500.0,-1500.0,Passive
SR14MS-PC-HSTR-12:I,1500.0,-1500.0,3,1500.0,-1500.0,I/O Intr
SR14MS-PC-HSTR-12:SETI,1500.0,-1500.0,3,1500.0,-1500.0,Passive
SR14MS-PC-HSTR-13:I,1500.0,-1500.0,3,1500.0,-1500.0,I/O Intr
SR14MS-PC-HSTR-13:SETI,1500.0,-1500.0,3,1500.0,-1500.0,Passive
SR14MS-PC-HSTR-14:I,1500.0,-1500.0,3,1500.0,-1500.0,I/O Intr
SR14MS-PC-HSTR-14:SETI,1500.0,-1500.0,3,1500.0,-1500.0,Passive
SR14MS-PC-OCT-11:I,1500.0,-1500.0,3,1500.0,-1500.0,I/O Intr
SR14MS-PC-OCT-11:SETI,1500.0,-1500.0,3,1500.0,-1500.0,Passive
SR14MS-PC-QUAD-07:I,1500.0,-1500.0,3,1500.0,-1500.0,I/O Intr
SR14MS-PC-QUAD-07:SETI,1500.0,-1500.0,3,1500.0,-1500.0,Passive
SR14MS-PC-QUAD-08:I,1500.0,-1500.0,3,1500.0,-1500.0,I/O Intr
SR14MS-PC-QUAD-08:SETI,1500.0,-1500.0,3,1500.0,-1500.0,Passive
SR14MS-PC-QUAD-09:I,1500.0,-1500.0,3,1500.0,-1500.0,I/O Intr
SR14MS-PC-QUAD-09:SETI,1500.0,-1500.0,3,1500.0,-1500.0,Passive
SR14MS-PC-QUAD-10:I,1500.0,-1500.0,3,1500.0,-1500.0,I/O Intr
SR14MS-PC-QUAD-10:SETI,1500.0,-1500.0,3,1500.0,-1500.0,Passive
SR14MS-PC-QUAD-11:I,1500.0,-1500.0,3,1500.0,-1500.0,I/O Intr
SR14MS-PC-QUAD-11:SETI,1500.0,-1500.0,3,1500.0,-1500.0,Passive
SR14MS-PC-QUAD-12:I,1500.0,-1500.0,3,1500.0,-1500.0,I/O Intr
SR14MS-PC-QUAD-12:SETI,1500.0,-1500.0,3,1500.0,-1500.0,Passive
SR14MS-PC-SEXT-08:I,1500.0,-1500.0,3,1500.0,-1500.0,I/O Intr
SR14MS-PC-SEXT-08:SETI,1500.0,-1500.0,3,1500.0,-1500.0,Passive
SR14MS-PC-SEXT-09:I,1500.0,-1500.0,3,1500.0,-1500.0,I/O Intr
SR14MS-PC-SEXT-09:SETI,1500.0,-1500.0,3,1500.0,-1500.0,Passive
SR14MS-PC-SEXT-10:I,1500.0,-1500.0,3,1500.0,-1500.0,I/O Intr
SR14MS-PC-SEXT-10:SETI,1500.0,-1500.0,3,1500.0,-1500.0,Passive
SR14MS-PC-SEXT-12:I,1500.0,-1500.0,3,1500.0,-1500.0,I/O Intr
SR14MS-PC-SEXT-12:SETI,1500.0,-1500.0,3,1500.0,-1500.0,Passive
SR14MS-PC-SEXT-13:I,1500.0,-1500.0,3,1500.0,-1500.0,I/O Intr
SR14MS-PC-SEXT-13:SETI,1500.0,-1500.0,3,1500.0,-1500.0,Passive
SR14MS-PC-SEXT-14:I,1500.0,-1500.0,3,1500.0,-1500.0,I/O Intr
SR14MS-PC-SEXT-14:SETI,1500.0,-1500.0,3,1500.0,-1500.0,Passive
SR14MS-PC-SQUAD-08:I,1500.0,-1500.0,3,1500.0,-1500.0,I/O Intr
SR14MS-PC-SQUAD-08:SETI,1500.0,-1500.0,3,1500.0,-1500.0,Passive
SR14MS-PC-SQUAD-09:I,1500.0,-1500.0,3,1500.0,-1500.0,I/O Intr
SR14MS-PC-SQUAD-09:SETI,1500.0,-1500.0,3,1500.0,-1500.0,Passive
SR14MS-PC-SQUAD-10:I,1500.0,-1500.0,3,1500.0,-1500.0,I/O Intr
SR14MS-PC-SQUAD-10:SETI,1500.0,-1500.0,3,1500.0,-1500.0,Passive
SR14MS-PC-SQUAD-12:I,1500.0,-1500.0,3,1500.0,-1500.0,I/O Intr
SR14MS-PC-SQUAD-12:SETI,1500.0,-1500.0,3,1500.0,-1500.0,Passive
SR14MS-PC-SQUAD-13:I,1500.0,-1500.0,3,1500.0,-1500.0,I/O Intr
SR14MS-PC-SQUAD-13:SETI,1500.0,-1500.0,3,1500.0,-1500.0,Passive
SR14MS-PC-SQUAD-14:I,1500.0,-1500.0,3,1500.0,-1500.0,I/O Intr
SR14MS-PC-SQUAD-14:SETI,1500.0,-1500.0,3,1500.0,-1500.0,Passive
SR14MS-PC-VSTR-08:I,1500.0,-1500.0,3,1500.0,-1500.0,I/O Intr
SR14MS-PC-VSTR-08:SETI,1500.0,-1500.0,3,1500.0,-1500.0,Passive
SR14MS-PC-VSTR-09:I,1500.0,-1500.0,3,1500.0,-1500.0,I/O Intr
SR14MS-PC-VSTR-09:SETI,1500.0,-1500.0,3,1500.0,-1500.0,Passive
SR14MS-PC-VSTR-10:I,1500.0,-1500.0,3,1500.0,-1500.0,I/O Intr
SR14MS-PC-VSTR-10:SETI,1500.0,-1500.0,3,1500.0,-1500.0,Passive
SR14MS-PC-VSTR-12:I,1500.0,-1500.0,3,1500.0,-1500.0,I/O Intr
SR14MS-PC-VSTR-12:SETI,1500.0,-1500.0,3,1500.0,-1500.0,Passive
SR14MS-PC-VSTR-13:I,1500.0,-1500.0,3,1500.0,-1500.0,I/O Intr
SR14MS-PC-VSTR-13:SETI,1500.0,-1500.0,3,1500.0,-1500.0,Passive
SR14MS-PC-VSTR-14:I,1500.0,-1500.0,3,1500.0,-1500.0,I/O Intr
SR14MS-PC-VSTR-14:SETI,1500.0,-1500.0,3,1500.0,-1500.0,Passive
SR14SI-PC-HSTR-11:I,1500.0,-1500.0,3,1500.0,-1500.0,I/O Intr
SR14SI-PC-HSTR-11:SETI,1500.0,-1500.0,3,1500.0,-1500.0,Passive
SR14SI-PC-HSTR-12:I,1500.0,-1500.0,3,1500.0,-1500.0,I/O Intr
SR14SI-PC-HSTR-12:SETI,1500.0,-1500.0,3,1500.0,-1500.0,Passive
SR14SI-PC-VSTR-11:I,1500.0,-1500.0,3,1500.0,-1500.0,I/O Intr
SR14SI-PC-VSTR-11:SETI,1500.0,-1500.0,3,1500.0,-1500.0,Passive
SR14SI-PC-VSTR-12:I,1500.0,-1500.0,3,1500.0,-1500.0,I/O Intr
SR14SI-PC-VSTR-12:SETI,1500.0,-1500.0,3,1500.0,-1500.0,Passive
SR14SK-PC-HSTR-11:I,1500.0,-1500.0,3,1500.0,-1500.0,I/O Intr
SR14SK-PC-HSTR-11:SETI,1500.0,-1500.0,3,1500.0,-1500.0,Passive
SR14SK-PC-HSTR-12:I,1500.0,-1500.0,3,1500.0,-1500.0,I/O Intr
SR14SK-PC-HSTR-12:SETI,1500.0,-1500.0,3,1500.0,-1500.0,Passive
SR14SK-PC-VSTR-11:I,1500.0,-1500.0,3,1500.0,-1500.0,I/O Intr
SR14SK-PC-VSTR-11:SETI,1500.0,-1500.0,3,1500.0,-1500.0,Passive
SR14SK-PC-VSTR-12:I,1500.0,-1500.0,3,1500.0,-1500.0,I/O Intr
SR14SK-PC-VSTR-12:SETI,1500.0,-1500.0,3,1500.0,-1500.0,Passive
SR14SM-PC-ABQ-01:I,1500.0,-1500.0,3,1500.0,-1500.0,I/O Intr
SR14SM-PC-ABQ-01:SETI,1500.0,-1500.0,3,1500.0,-1500.0,Passive
SR14SM-PC-ABQ-02:I,1500.0,-1500.0,3,1500.0,-1500.0,I/O Intr
SR14SM-PC-ABQ-02:SETI,1500.0,-1500.0,3,1500.0,-1500.0,Passive
SR14SM-PC-DQ-01:I,1500.0,-1500.0,3,1500.0,-1500.0,I/O Intr
SR14SM-PC-DQ-01:SETI,1500.0,-1500.0,3,1500.0,-1500.0,Passive
SR14SM-PC-HSTR-01:I,1500.0,-1500.0,3,1500.0,-1500.0,I/O Intr
SR14SM-PC-HSTR-01:SETI,1500.0,-1500.0,3,1500.0,-1500.0,Passive
SR14SM-PC-HSTR-02:I,1500.0,-1500.0,3,1500.0,-1500.0,I/O Intr
SR14SM-PC-HSTR-02:SETI,1500.0,-1500.0,3,1500.0,-1500.0,Passive
SR14SM-PC-HSTR-03:I,1500.0,-1500.0,3,1500.0,-1500.0,I/O Intr
SR14SM-PC-HSTR-03:SETI,1500.0,-1500.0,3,1500.0,-1500.0,Passive
SR14SM-PC-HSTR-05:I,1500.0,-1500.0,3,1500.0,-1500.0,I/O Intr
SR14SM-PC-HSTR-05:SETI,1500.0,-1500.0,3,1500.0,-1500.0,Passive
SR14SM-PC-HSTR-06:I,1500.0,-1500.0,3,1500.0,-1500.0,I/O Intr
SR14SM-PC-HSTR-06:SETI,1500.0,-1500.0,3,1500.0,-1500.0,Passive
SR14SM-PC-HSTR-07:I,1500.0,-1500.0,3,1500.0,-1500.0,I/O Intr
SR14SM-PC-HSTR-07:SETI,1500.0,-1500.0,3,1500.0,-1500.0,Passive
SR14SM-PC-OCT-04:I,1500.0,-1500.0,3,1500.0,-1500.0,I/O Intr
SR14SM-PC-OCT-04:SETI,1500.0,-1500.0,3,1500.0,-1500.0,Passive
SR14SM-PC-QUAD-01:I,1500.0,-1500.0,3,1500.0,-1500.0,I/O Intr
SR14SM-PC-QUAD-01:SETI,1500.0,-1500.0,3,1500.0,-1500.0,Passive
SR14SM-PC-QUAD-02:I,1500.0,-1500.0,3,1500.0,-1500.0,I/O Intr
SR14SM-PC-QUAD-02:SETI,1500.0,-1500.0,3,1500.0,-1500.0,Passive
SR14SM-PC-QUAD-03:I,1500.0,-1500.0,3,1500.0,-1500.0,I/O Intr
SR14SM-PC-QUAD-03:SETI,1500.0,-1500.0,3,1500.0,-1500.0,Passive
SR14SM-PC-QUAD-04:I,1500.0,-1500.0,3,1500.0,-1500.0,I/O Intr
SR14SM-PC-QUAD-04:SETI,1500.0,-1500.0,3,1500.0,-1500.0,Passive
SR14SM-PC-QUAD-05:I,1500.0,-1500.0,3,1500.0,-1500.0,I/O Intr
SR14SM-PC-QUAD-05:SETI,1500.0,-1500.0,3,1500.0,-1500.0,Passive
SR14SM-PC-QUAD-06:I,1500.0,-1500.0,3,1500.0,-1500.0,I/O Intr
SR14SM-PC-QUAD-06:SETI,1500.0,-1500.0,3,1500.0,-1500.0,Passive
SR14SM-PC-SEXT-01:I,1500.0,-1500.0,3,1500.0,-1500.0,I/O Intr
SR14SM-PC-SEXT-01:SETI,1500.0,-1500.0,3,1500.0,-1500.0,Passive
SR14SM-PC-SEXT-02:I,1500.0,-1500.0,3,1500.0,-1500.0,I/O Intr
SR14SM-PC-SEXT-02:SETI,1500.0,-1500.0,3,1500.0,-1500.0,Passive
SR14SM-PC-SEXT-03:I,1500.0,-1500.0,3,1500.0,-1500.0,I/O Intr
SR14SM-PC-SEXT-03:SETI,1500.0,-1500.0,3,1500.0,-1500.0,Passive
SR14SM-PC-SEXT-05:I,1500.0,-1500.0,3,1500.0,-1500.0,I/O Intr
SR14SM-PC-SEXT-05:SETI,1500.0,-1500.0,3,1500.0,-1500.0,Passive
SR14SM-PC-SEXT-06:I,1500.0,-1500.0,3,1500.0,-1500.0,I/O Intr
SR14SM-PC-SEXT-06:SETI,1500.0,-1500.0,3,1500.0,-1500.0,Passive
SR14SM-PC-SEXT-07:I,1500.0,-1500.0,3,1500.0,-1500.0,I/O Intr
SR14SM-PC-SEXT-07:SETI,1500.0,-1500.0,3,1500.0,-1500.0,Passive
SR14SM-PC-SQUAD-01:I,1500.0,-1500.0,3,1500.0,-1500.0,I/O Intr
SR14SM-PC-SQUAD-01:SETI,1500.0,-1500.0,3,1500.0,-1500.0,Passive
SR14SM-PC-SQUAD-02:I,1500.0,-1500.0,3,1500.0,-1500.0,I/O Intr
SR14SM-PC-SQUAD-02:SETI,1500.0,-1500.0,3,1500.0,-1500.0,Passive
SR14SM-PC-SQUAD-03:I,1500.0,-1500.0,3,1500.0,-1500.0,I/O Intr
SR14SM-PC-SQUAD-03:SETI,1500.0,-1500.0,3,1500.0,-1500.0,Passive
SR14SM-PC-SQUAD-05:I,1500.0,-1500.0,3,1500.0,-1500.0,I/O Intr
SR14SM-PC-SQUAD-05:SETI,1500.0,-1500.0,3,1500.0,-1500.0,Passive
SR14SM-PC-SQUAD-06:I,1500.0,-1500.0,3,1500.0,-1500.0,I/O Intr
SR14SM-PC-SQUAD-06:SETI,1500.0,-1500.0,3,1500.0,-1500.0,Passive
SR14SM-PC-SQUAD-07:I,1500.0,-1500.0,3,1500.0,-1500.0,I/O Intr
SR14SM-PC-SQUAD-07:SETI,1500.0,-1500.0,3,1500.0,-1500.0,Passive
SR14SM-PC-VSTR-01:I,1500.0,-1500.0,3,1500.0,-1500.0,I/O Intr
SR14SM-PC-VSTR-01:SETI,1500.0,-1500.0,3,1500.0,-1500.0,Passive
SR14SM-PC-VSTR-02:I,1500.0,-1500.0,3,1500.0,-1500.0,I/O Intr
SR14SM-PC-VSTR-02:SETI,1500.0,-1500.0,3,1500.0,-1500.0,Passive
SR14SM-PC-VSTR-03:I,1500.0,-1500.0,3,1500.0,-1500.0,I/O Intr
SR14SM-PC-VSTR-03:SETI,1500.0,-1500.0,3,1500.0,-1500.0,Passive
SR14SM-PC-VSTR-05:I,1500.0,-1500.0,3,1500.0,-1500.0,I/O Intr
SR14SM-PC-VSTR-05:SETI,1500.0,-1500.0,3,1500.0,-1500.0,Passive
SR14SM-PC-VSTR-06:I,1500.0,-1500.0,3,1500.0,-1500.0,I/O Intr
SR14SM-PC-VSTR-06:SETI,1500.0,-1500.0,3,1500.0,-1500.0,Passive
SR14SM-PC-VSTR-07:I,1500.0,-1500.0,3,1500.0,-1500.0,I/O Intr
SR14SM-PC-VSTR-07:SETI,1500.0,-1500.0,3,1500.0,-1500.0,Passive
SR15-PC-DL1:I,1500.0,-1500.0,3,1500.0,-1500.0,I/O Intr
SR15-PC-DL1:SETI,1500.0,-1500.0,3,1500.0,-1500.0,Passive
SR15-PC-DL2:I,1500.0,-1500.0,3,1500.0,-1500.0,I/O Intr
SR15-PC-DL2:SETI,1500.0,-1500.0,3,1500.0,-1500.0,Passive
SR15-PC-DL3:I,1500.0,-1500.0,3,1500.0,-1500.0,I/O Intr
SR15-PC-DL3:SETI,1500.0,-1500.0,3,1500.0,-1500.0,Passive
SR15-PC-DL4:I,1500.0,-1500.0,3,1500.0,-1500.0,I/O Intr
SR15-PC-DL4:SETI,1500.0,-1500.0,3,1500.0,-1500.0,Passive
SR15C-DI-EBPM-01:SA:X,1500.0,-1500.0,3,1500.0,-1500.0,I/O Intr
SR15C-DI-EBPM-01:SA:Y,1500.0,-1500.0,3,1500.0,-1500.0,I/O Intr
SR15C-DI-EBPM-02:SA:X,1500.0,-1500.0,3,1500.0,-1500.0,I/O Intr
SR15C-DI-EBPM-02:SA:Y,1500.0,-1500.0,3,1500.0,-1500.0,I/O Intr
SR15C-DI-EBPM-03:SA:X,1500.0,-1500.0,3,1500.0,-1500.0,I/O Intr
SR15C-DI-EBPM-03:SA:Y,1500.0,-1500.0,3,1500.0,-1500.0,I/O Intr
SR15C-DI-EBPM-04:SA:X,1500.0,-1500.0,3,1500.0,-1500.0,I/O Intr
SR15C-DI-EBPM-04:SA:Y,1500.0,-1500.0,3,1500.0,-1500.0,I/O Intr
SR15C-DI-EBPM-05:SA:X,1500.0,-1500.0,3,1500.0,-1500.0,I/O Intr
SR15C-DI-EBPM-05:SA:Y,1500.0,-1500.0,3,1500.0,-1500.0,I/O Intr
SR15C-DI-EBPM-06:SA:X,1500.0,-1500.0,3,1500.0,-1500.0,I/O Intr
SR15C-DI-EBPM-06:SA:Y,1500.0,-1500.0,3,1500.0,-1500.0,I/O Intr
SR15C-DI-EBPM-07:SA:X,1500.0,-1500.0,3,1500.0,-1500.0,I/O Intr
SR15C-DI-EBPM-07:SA:Y,1500.0,-1500.0,3,1500.0,-1500.0,I/O Intr
SR15C-DI-EBPM-08:SA:X,1500.0,-1500.0,3,1500.0,-1500.0,I/O Intr
SR15C-DI-EBPM-08:SA:Y,1500.0,-1500.0,3,1500.0,-1500.0,I/O Intr
SR15C-DI-EBPM-09:SA:X,1500.0,-1500.0,3,1500.0,-1500.0,I/O Intr
SR15C-DI-EBPM-09:SA:Y,1500.0,-1500.0,3,1500.0,-1500.0,I/O Intr
SR15C-DI-EBPM-10:SA:X,1500.0,-1500.0,3,1500.0,-1500.0,I/O Intr
SR15C-DI-EBPM-10:SA:Y,1500.0,-1500.0,3,1500.0,-1500.0,I/O Intr
SR15MS-PC-ABQ-03:I,1500.0,-1500.0,3,1500.0,-1500.0,I/O Intr
SR15MS-PC-ABQ-03:SETI,1500.0,-1500.0,3,1500.0,-1500.0,Passive
SR15MS-PC-ABQ-04:I,1500.0,-1500.0,3,1500.0,-1500.0,I/O Intr
SR15MS-PC-ABQ-04:SETI,1500.0,-1500.0,3,1500.0,-1500.0,Passive
SR15MS-PC-DQ-02:I,1500.0,-1500.0,3,1500.0,-1500.0,I/O Intr
SR15MS-PC-DQ-02:SETI,1500.0,-1500.0,3,1500.0,-1500.0,Passive
SR15MS-PC-HSTR-08:I,1500.0,-1500.0,3,1500.0,-1500.0,I/O Intr
SR15MS-PC-HSTR-08:SETI,1500.0,-1500.0,3,1500.0,-1500.0,Passive
SR15MS-PC-HSTR-09:I,1500.0,-1500.0,3,1500.0,-1500.0,I/O Intr
SR15MS-PC-HSTR-09:SETI,1500.0,-1500.0,3,1500.0,-1500.0,Passive
SR15MS-PC-HSTR-10:I,1500.0,-1500.0,3,1500.0,-1500.0,I/O Intr
SR15MS-PC-HSTR-10:SETI,1500.0,-1500.0,3,1500.0,-1500.0,Passive
SR15MS-PC-HSTR-12:I,1500.0,-1500.0,3,1500.0,-1500.0,I/O Intr
SR15MS-PC-HSTR-12:SETI,1500.0,-1500.0,3,1500.0,-1500.0,Passive
SR15MS-PC-HSTR-13:I,1500.0,-1500.0,3,1500.0,-1500.0,I/O Intr
SR15MS-PC-HSTR-13:SETI,1500.0,-1500.0,3,1500.0,-1500.0,Passive
SR15MS-PC-HSTR-14:I,1500.0,-1500.0,3,1500.0,-1500.0,I/O Intr
SR15MS-PC-HSTR-14:SETI,1500.0,-1500.0,3,1500.0,-1500.0,Passive
SR15MS-PC-OCT-11:I,1500.0,-1500.0,3,1500.0,-1500.0,I/O Intr
SR15MS-PC-OCT-11:SETI,1500.0,-1500.0,3,1500.0,-1500.0,Passive
SR15MS-PC-QUAD-07:I,1500.0,-1500.0,3,1500.0,-1500.0,I/O Intr
SR15MS-PC-QUAD-07:SETI,1500.0,-1500.0,3,1500.0,-1500.0,Passive
SR15MS-PC-QUAD-08:I,1500.0,-1500.0,3,1500.0,-1500.0,I/O Intr
SR15MS-PC-QUAD-08:SETI,1500.0,-1500.0,3,1500.0,-1500.0,Passive
SR15MS-PC-QUAD-09:I,1500.0,-1500.0,3,1500.0,-1500.0,I/O Intr
SR15MS-PC-QUAD-09:SETI,1500.0,-1500.0,3,1500.0,-1500.0,Passive
SR15MS-PC-QUAD-10:I,1500.0,-1500.0,3,1500.0,-1500.0,I/O Intr
SR15MS-PC-QUAD-10:SETI,1500.0,-1500.0,3,1500.0,-1500.0,Passive
SR15MS-PC-QUAD-11:I,1500.0,-1500.0,3,1500.0,-1500.0,I/O Intr
SR15MS-PC-QUAD-11:SETI,1500.0,-1500.0,3,1500.0,-1500.0,Passive
SR15MS-PC-QUAD-12:I,1500.0,-1500.0,3,1500.0,-1500.0,I/O Intr
SR15MS-PC-QUAD-12:SETI,1500.0,-1500.0,3,1500.0,-1500.0,Passive
SR15MS-PC-SEXT-08:I,1500.0,-1500.0,3,1500.0,-1500.0,I/O Intr
SR15MS-PC-SEXT-08:SETI,1500.0,-1500.0,3,1500.0,-1500.0,Passive
SR15MS-PC-SEXT-09:I,1500.0,-1500.0,3,1500.0,-1500.0,I/O Intr
SR15MS-PC-SEXT-09:SETI,1500.0,-1500.0,3,1500.0,-1500.0,Passive
SR15MS-PC-SEXT-10:I,1500.0,-1500.0,3,1500.0,-1500.0,I/O Intr
SR15MS-PC-SEXT-10:SETI,1500.0,-1500.0,3,1500.0,-1500.0,Passive
SR15MS-PC-SEXT-12:I,1500.0,-1500.0,3,1500.0,-1500.0,I/O Intr
SR15MS-PC-SEXT-12:SETI,1500.0,-1500.0,3,1500.0,-1500.0,Passive
SR15MS-PC-SEXT-13:I,1500.0,-1500.0,3,1500.0,-1500.0,I/O Intr
SR15MS-PC-SEXT-13:SETI,1500.0,-1500.0,3,1500.0,-1500.0,Passive
SR15MS-PC-SEXT-14:I,1500.0,-1500.0,3,1500.0,-1500.0,I/O Intr
SR15MS-PC-SEXT-14:SETI,1500.0,-1500.0,3,1500.0,-1500.0,Passive
SR15MS-PC-SQUAD-08:I,1500.0,-1500.0,3,1500.0,-1500.0,I/O Intr
SR15MS-PC-SQUAD-08:SETI,1500.0,-1500.0,3,1500.0,-1500.0,Passive
SR15MS-PC-SQUAD-09:I,1500.0,-1500.0,3,1500.0,-1500.0,I/O Intr
SR15MS-PC-SQUAD-09:SETI,1500.0,-1500.0,3,1500.0,-1500.0,Passive
SR15MS-PC-SQUAD-10:I,1500.0,-1500.0,3,1500.0,-1500.0,I/O Intr
SR15MS-PC-SQUAD-10:SETI,1500.0,-1500.0,3,1500.0,-1500.0,Passive
SR15MS-PC-SQUAD-12:I,1500.0,-1500.0,3,1500.0,-1500.0,I/O Intr
SR15MS-PC-SQUAD-12:SETI,1500.0,-1500.0,3,1500.0,-1500.0,Passive
SR15MS-PC-SQUAD-13:I,1500.0,-1500.0,3,1500.0,-1500.0,I/O Intr
SR15MS-PC-SQUAD-13:SETI,1500.0,-1500.0,3,1500.0,-1500.0,Passive
SR15MS-PC-SQUAD-14:I,1500.0,-1500.0,3,1500.0,-1500.0,I/O Intr
SR15MS-PC-SQUAD-14:SETI,1500.0,-1500.0,3,1500.0,-1500.0,Passive
SR15MS-PC-VSTR-08:I,1500.0,-1500.0,3,1500.0,-1500.0,I/O Intr
SR15MS-PC-VSTR-08:SETI,1500.0,-1500.0,3,1500.0,-1500.0,Passive
SR15MS-PC-VSTR-09:I,1500.0,-1500.0,3,1500.0,-1500.0,I/O Intr
SR15MS-PC-VSTR-09:SETI,1500.0,-1500.0,3,1500.0,-1500.0,Passive
SR15MS-PC-VSTR-10:I,1500.0,-1500.0,3,1500.0,-1500.0,I/O Intr
SR15MS-PC-VSTR-10:SETI,1500.0,-1500.0,3,1500.0,-1500.0,Passive
SR15MS-PC-VSTR-12:I,1500.0,-1500.0,3,1500.0,-1500.0,I/O Intr
SR15MS-PC-VSTR-12:SETI,1500.0,-1500.0,3,1500.0,-1500.0,Passive
SR15MS-PC-VSTR-13:I,1500.0,-1500.0,3,1500.0,-1500.0,I/O Intr
SR15MS-PC-VSTR-13:SETI,1500.0,-1500.0,3,1500.0,-1500.0,Passive
SR15MS-PC-VSTR-14:I,1500.0,-1500.0,3,1500.0,-1500.0,I/O Intr
SR15MS-PC-VSTR-14:SETI,1500.0,-1500.0,3,1500.0,-1500.0,Passive
SR15SI-PC-HSTR-11:I,1500.0,-1500.0,3,1500.0,-1500.0,I/O Intr
SR15SI-PC-HSTR-11:SETI,1500.0,-1500.0,3,1500.0,-1500.0,Passive
SR15SI-PC-HSTR-12:I,1500.0,-1500.0,3,1500.0,-1500.0,I/O Intr
SR15SI-PC-HSTR-12:SETI,1500.0,-1500.0,3,1500.0,-1500.0,Passive
SR15SI-PC-VSTR-11:I,1500.0,-1500.0,3,1500.0,-1500.0,I/O Intr
SR15SI-PC-VSTR-11:SETI,1500.0,-1500.0,3,1500.0,-1500.0,Passive
SR15SI-PC-VSTR-12:I,1500.0,-1500.0,3,1500.0,-1500.0,I/O Intr
SR15SI-PC-VSTR-12:SETI,1500.0,-1500.0,3,1500.0,-1500.0,Passive
SR15SM-PC-ABQ-01:I,1500.0,-1500.0,3,1500.0,-1500.0,I/O Intr
SR15SM-PC-ABQ-01:SETI,1500.0,-1500.0,3,1500.0,-1500.0,Passive
SR15SM-PC-ABQ-02:I,1500.0,-1500.0,3,1500.0,-1500.0,I/O Intr
SR15SM-PC-ABQ-02:SETI,1500.0,-1500.0,3,1500.0,-1500.0,Passive
SR15SM-PC-DQ-01:I,1500.0,-1500.0,3,1500.0,-1500.0,I/O Intr
SR15SM-PC-DQ-01:SETI,1500.0,-1500.0,3,1500.0,-1500.0,Passive
SR15SM-PC-HSTR-01:I,1500.0,-1500.0,3,1500.0,-1500.0,I/O Intr
SR15SM-PC-HSTR-01:SETI,1500.0,-1500.0,3,1500.0,-1500.0,Passive
SR15SM-PC-HSTR-02:I,1500.0,-1500.0,3,1500.0,-1500.0,I/O Intr
SR15SM-PC-HSTR-02:SETI,1500.0,-1500.0,3,1500.0,-1500.0,Passive
SR15SM-PC-HSTR-03:I,1500.0,-1500.0,3,1500.0,-1500.0,I/O Intr
SR15SM-PC-HSTR-03:SETI,1500.0,-1500.0,3,1500.0,-1500.0,Passive
SR15SM-PC-HSTR-05:I,1500.0,-1500.0,3,1500.0,-1500.0,I/O Intr
SR15SM-PC-HSTR-05:SETI,1500.0,-1500.0,3,1500.0,-1500.0,Passive
SR15SM-PC-HSTR-06:I,1500.0,-1500.0,3,1500.0,-1500.0,I/O Intr
SR15SM-PC-HSTR-06:SETI,1500.0,-1500.0,3,1500.0,-1500.0,Passive
SR15SM-PC-HSTR-07:I,1500.0,-1500.0,3,1500.0,-1500.0,I/O Intr
SR15SM-PC-HSTR-07:SETI,1500.0,-1500.0,3,1500.0,-1500.0,Passive
SR15SM-PC-OCT-04:I,1500.0,-1500.0,3,1500.0,-1500.0,I/O Intr
SR15SM-PC-OCT-04:SETI,1500.0,-1500.0,3,1500.0,-1500.0,Passive
SR15SM-PC-QUAD-01:I,1500.0,-1500.0,3,1500.0,-1500.0,I/O Intr
SR15SM-PC-QUAD-01:SETI,1500.0,-1500.0,3,1500.0,-1500.0,Passive
SR15SM-PC-QUAD-02:I,1500.0,-1500.0,3,1500.0,-1500.0,I/O Intr
SR15SM-PC-QUAD-02:SETI,1500.0,-1500.0,3,1500.0,-1500.0,Passive
SR15SM-PC-QUAD-03:I,1500.0,-1500.0,3,1500.0,-1500.0,I/O Intr
SR15SM-PC-QUAD-03:SETI,1500.0,-1500.0,3,1500.0,-1500.0,Passive
SR15SM-PC-QUAD-04:I,1500.0,-1500.0,3,1500.0,-1500.0,I/O Intr
SR15SM-PC-QUAD-04:SETI,1500.0,-1500.0,3,1500.0,-1500.0,Passive
SR15SM-PC-QUAD-05:I,1500.0,-1500.0,3,1500.0,-1500.0,I/O Intr
SR15SM-PC-QUAD-05:SETI,1500.0,-1500.0,3,1500.0,-1500.0,Passive
SR15SM-PC-QUAD-06:I,1500.0,-1500.0,3,1500.0,-1500.0,I/O Intr
SR15SM-PC-QUAD-06:SETI,1500.0,-1500.0,3,1500.0,-1500.0,Passive
SR15SM-PC-SEXT-01:I,1500.0,-1500.0,3,1500.0,-1500.0,I/O Intr
SR15SM-PC-SEXT-01:SETI,1500.0,-1500.0,3,1500.0,-1500.0,Passive
SR15SM-PC-SEXT-02:I,1500.0,-1500.0,3,1500.0,-1500.0,I/O Intr
SR15SM-PC-SEXT-02:SETI,1500.0,-1500.0,3,1500.0,-1500.0,Passive
SR15SM-PC-SEXT-03:I,1500.0,-1500.0,3,1500.0,-1500.0,I/O Intr
SR15SM-PC-SEXT-03:SETI,1500.0,-1500.0,3,1500.0,-1500.0,Passive
SR15SM-PC-SEXT-05:I,1500.0,-1500.0,3,1500.0,-1500.0,I/O Intr
SR15SM-PC-SEXT-05:SETI,1500.0,-1500.0,3,1500.0,-1500.0,Passive
SR15SM-PC-SEXT-06:I,1500.0,-1500.0,3,1500.0,-1500.0,I/O Intr
SR15SM-PC-SEXT-06:SETI,1500.0,-1500.0,3,1500.0,-1500.0,Passive
SR15SM-PC-SEXT-07:I,1500.0,-1500.0,3,1500.0,-1500.0,I/O Intr
SR15SM-PC-SEXT-07:SETI,1500.0,-1500.0,3,1500.0,-1500.0,Passive
SR15SM-PC-SQUAD-01:I,1500.0,-1500.0,3,1500.0,-1500.0,I/O Intr
SR15SM-PC-SQUAD-01:SETI,1500.0,-1500.0,3,1500.0,-1500.0,Passive
SR15SM-PC-SQUAD-02:I,1500.0,-1500.0,3,1500.0,-1500.0,I/O Intr
SR15SM-PC-SQUAD-02:SETI,1500.0,-1500.0,3,1500.0,-1500.0,Passive
SR15SM-PC-SQUAD-03:I,1500.0,-1500.0,3,1500.0,-1500.0,I/O Intr
SR15SM-PC-SQUAD-03:SETI,1500.0,-1500.0,3,1500.0,-1500.0,Passive
SR15SM-PC-SQUAD-05:I,1500.0,-1500.0,3,1500.0,-1500.0,I/O Intr
SR15SM-PC-SQUAD-05:SETI,1500.0,-1500.0,3,1500.0,-1500.0,Passive
SR15SM-PC-SQUAD-06:I,1500.0,-1500.0,3,1500.0,-1500.0,I/O Intr
SR15SM-PC-SQUAD-06:SETI,1500.0,-1500.0,3,1500.0,-1500.0,Passive
SR15SM-PC-SQUAD-07:I,1500.0,-1500.0,3,1500.0,-1500.0,I/O Intr
SR15SM-PC-SQUAD-07:SETI,1500.0,-1500.0,3,1500.0,-1500.0,Passive
SR15SM-PC-VSTR-01:I,1500.0,-1500.0,3,1500.0,-1500.0,I/O Intr
SR15SM-PC-VSTR-01:SETI,1500.0,-1500.0,3,1500.0,-1500.0,Passive
SR15SM-PC-VSTR-02:I,1500.0,-1500.0,3,1500.0,-1500.0,I/O Intr
SR15SM-PC-VSTR-02:SETI,1500.0,-1500.0,3,1500.0,-1500.0,Passive
SR15SM-PC-VSTR-03:I,1500.0,-1500.0,3,1500.0,-1500.0,I/O Intr
SR15SM-PC-VSTR-03:SETI,1500.0,-1500.0,3,1500.0,-1500.0,Passive
SR15SM-PC-VSTR-05:I,1500.0,-1500.0,3,1500.0,-1500.0,I/O Intr
SR15SM-PC-VSTR-05:SETI,1500.0,-1500.0,3,1500.0,-1500.0,Passive
SR15SM-PC-VSTR-06:I,1500.0,-1500.0,3,1500.0,-1500.0,I/O Intr
SR15SM-PC-VSTR-06:SETI,1500.0,-1500.0,3,1500.0,-1500.0,Passive
SR15SM-PC-VSTR-07:I,1500.0,-1500.0,3,1500.0,-1500.0,I/O Intr
SR15SM-PC-VSTR-07:SETI,1500.0,-1500.0,3,1500.0,-1500.0,Passive
SR16-PC-DL1:I,1500.0,-1500.0,3,1500.0,-1500.0,I/O Intr
SR16-PC-DL1:SETI,1500.0,-1500.0,3,1500.0,-1500.0,Passive
SR16-PC-DL2:I,1500.0,-1500.0,3,1500.0,-1500.0,I/O Intr
SR16-PC-DL2:SETI,1500.0,-1500.0,3,1500.0,-1500.0,Passive
SR16-PC-DL3:I,1500.0,-1500.0,3,1500.0,-1500.0,I/O Intr
SR16-PC-DL3:SETI,1500.0,-1500.0,3,1500.0,-1500.0,Passive
SR16-PC-DL4:I,1500.0,-1500.0,3,1500.0,-1500.0,I/O Intr
SR16-PC-DL4:SETI,1500.0,-1500.0,3,1500.0,-1500.0,Passive
SR16C-DI-EBPM-01:SA:X,1500.0,-1500.0,3,1500.0,-1500.0,I/O Intr
SR16C-DI-EBPM-01:SA:Y,1500.0,-1500.0,3,1500.0,-1500.0,I/O Intr
SR16C-DI-EBPM-02:SA:X,1500.0,-1500.0,3,1500.0,-1500.0,I/O Intr
SR16C-DI-EBPM-02:SA:Y,1500.0,-1500.0,3,1500.0,-1500.0,I/O Intr
SR16C-DI-EBPM-03:SA:X,1500.0,-1500.0,3,1500.0,-1500.0,I/O Intr
SR16C-DI-EBPM-03:SA:Y,1500.0,-1500.0,3,1500.0,-1500.0,I/O Intr
SR16C-DI-EBPM-04:SA:X,1500.0,-1500.0,3,1500.0,-1500.0,I/O Intr
SR16C-DI-EBPM-04:SA:Y,1500.0,-1500.0,3,1500.0,-1500.0,I/O Intr
SR16C-DI-EBPM-05:SA:X,1500.0,-1500.0,3,1500.0,-1500.0,I/O Intr
SR16C-DI-EBPM-05:SA:Y,1500.0,-1500.0,3,1500.0,-1500.0,I/O Intr
SR16C-DI-EBPM-06:SA:X,1500.0,-1500.0,3,1500.0,-1500.0,I/O Intr
SR16C-DI-EBPM-06:SA:Y,1500.0,-1500.0,3,1500.0,-1500.0,I/O Intr
SR16C-DI-EBPM-07:SA:X,1500.0,-1500.0,3,1500.0,-1500.0,I/O Intr
SR16C-DI-EBPM-07:SA:Y,1500.0,-1500.0,3,1500.0,-1500.0,I/O Intr
SR16C-DI-EBPM-08:SA:X,1500.0,-1500.0,3,1500.0,-1500.0,I/O Intr
SR16C-DI-EBPM-08:SA:Y,1500.0,-1500.0,3,1500.0,-1500.0,I/O Intr
SR16C-DI-EBPM-09:SA:X,1500.0,-1500.0,3,1500.0,-1500.0,I/O Intr
SR16C-DI-EBPM-09:SA:Y,1500.0,-1500.0,3,1500.0,-1500.0,I/O Intr
SR16C-DI-EBPM-10:SA:X,1500.0,-1500.0,3,1500.0,-1500.0,I/O Intr
SR16C-DI-EBPM-10:SA:Y,1500.0,-1500.0,3,1500.0,-1500.0,I/O Intr
SR16C-DI-EBPM-11:SA:X,1500.0,-1500.0,3,1500.0,-1500.0,I/O Intr
SR16C-DI-EBPM-11:SA:Y,1500.0,-1500.0,3,1500.0,-1500.0,I/O Intr
SR16ML-PC-ABQ-03:I,1500.0,-1500.0,3,1500.0,-1500.0,I/O Intr
SR16ML-PC-ABQ-03:SETI,1500.0,-1500.0,3,1500.0,-1500.0,Passive
SR16ML-PC-ABQ-04:I,1500.0,-1500.0,3,1500.0,-1500.0,I/O Intr
SR16ML-PC-ABQ-04:SETI,1500.0,-1500.0,3,1500.0,-1500.0,Passive
SR16ML-PC-DQ-02:I,1500.0,-1500.0,3,1500.0,-1500.0,I/O Intr
SR16ML-PC-DQ-02:SETI,1500.0,-1500.0,3,1500.0,-1500.0,Passive
SR16ML-PC-HSTR-08:I,1500.0,-1500.0,3,1500.0,-1500.0,I/O Intr
SR16ML-PC-HSTR-08:SETI,1500.0,-1500.0,3,1500.0,-1500.0,Passive
SR16ML-PC-HSTR-09:I,1500.0,-1500.0,3,1500.0,-1500.0,I/O Intr
SR16ML-PC-HSTR-09:SETI,1500.0,-1500.0,3,1500.0,-1500.0,Passive
SR16ML-PC-HSTR-10:I,1500.0,-1500.0,3,1500.0,-1500.0,I/O Intr
SR16ML-PC-HSTR-10:SETI,1500.0,-1500.0,3,1500.0,-1500.0,Passive
SR16ML-PC-HSTR-13:I,1500.0,-1500.0,3,1500.0,-1500.0,I/O Intr
SR16ML-PC-HSTR-13:SETI,1500.0,-1500.0,3,1500.0,-1500.0,Passive
SR16ML-PC-HSTR-14:I,1500.0,-1500.0,3,1500.0,-1500.0,I/O Intr
SR16ML-PC-HSTR-14:SETI,1500.0,-1500.0,3,1500.0,-1500.0,Passive
SR16ML-PC-HSTR-15:I,1500.0,-1500.0,3,1500.0,-1500.0,I/O Intr
SR16ML-PC-HSTR-15:SETI,1500.0,-1500.0,3,1500.0,-1500.0,Passive
SR16ML-PC-OCT-11:I,1500.0,-1500.0,3,1500.0,-1500.0,I/O Intr
SR16ML-PC-OCT-11:SETI,1500.0,-1500.0,3,1500.0,-1500.0,Passive
SR16ML-PC-OCT-15:I,1500.0,-1500.0,3,1500.0,-1500.0,I/O Intr
SR16ML-PC-OCT-15:SETI,1500.0,-1500.0,3,1500.0,-1500.0,Passive
SR16ML-PC-QUAD-07:I,1500.0,-1500.0,3,1500.0,-1500.0,I/O Intr
SR16ML-PC-QUAD-07:SETI,1500.0,-1500.0,3,1500.0,-1500.0,Passive
SR16ML-PC-QUAD-08:I,1500.0,-1500.0,3,1500.0,-1500.0,I/O Intr
SR16ML-PC-QUAD-08:SETI,1500.0,-1500.0,3,1500.0,-1500.0,Passive
SR16ML-PC-QUAD-09:I,1500.0,-1500.0,3,1500.0,-1500.0,I/O Intr
SR16ML-PC-QUAD-09:SETI,1500.0,-1500.0,3,1500.0,-1500.0,Passive
SR16ML-PC-QUAD-10:I,1500.0,-1500.0,3,1500.0,-1500.0,I/O Intr
SR16ML-PC-QUAD-10:SETI,1500.0,-1500.0,3,1500.0,-1500.0,Passive
SR16ML-PC-QUAD-11:I,1500.0,-1500.0,3,1500.0,-1500.0,I/O Intr
SR16ML-PC-QUAD-11:SETI,1500.0,-1500.0,3,1500.0,-1500.0,Passive
SR16ML-PC-QUAD-12:I,1500.0,-1500.0,3,1500.0,-1500.0,I/O Intr
SR16ML-PC-QUAD-12:SETI,1500.0,-1500.0,3,1500.0,-1500.0,Passive
SR16ML-PC-QUAD-13:I,1500.0,-1500.0,3,1500.0,-1500.0,I/O Intr
SR16ML-PC-QUAD-13:SETI,1500.0,-1500.0,3,1500.0,-1500.0,Passive
SR16ML-PC-SEXT-08:I,1500.0,-1500.0,3,1500.0,-1500.0,I/O Intr
SR16ML-PC-SEXT-08:SETI,1500.0,-1500.0,3,1500.0,-1500.0,Passive
SR16ML-PC-SEXT-09:I,1500.0,-1500.0,3,1500.0,-1500.0,I/O Intr
SR16ML-PC-SEXT-09:SETI,1500.0,-1500.0,3,1500.0,-1500.0,Passive
SR16ML-PC-SEXT-10:I,1500.0,-1500.0,3,1500.0,-1500.0,I/O Intr
SR16ML-PC-SEXT-10:SETI,1500.0,-1500.0,3,1500.0,-1500.0,Passive
SR16ML-PC-SEXT-12:I,1500.0,-1500.0,3,1500.0,-1500.0,I/O Intr
SR16ML-PC-SEXT-12:SETI,1500.0,-1500.0,3,1500.0,-1500.0,Passive
SR16ML-PC-SEXT-13:I,1500.0,-1500.0,3,1500.0,-1500.0,I/O Intr
SR16ML-PC-SEXT-13:SETI,1500.0,-1500.0,3,1500.0,-1500.0,Passive
SR16ML-PC-SEXT-14:I,1500.0,-1500.0,3,1500.0,-1500.0,I/O Intr
SR16ML-PC-SEXT-14:SETI,1500.0,-1500.0,3,1500.0,-1500.0,Passive
SR16ML-PC-SQUAD-08:I,1500.0,-1500.0,3,1500.0,-1500.0,I/O Intr
SR16ML-PC-SQUAD-08:SETI,1500.0,-1500.0,3,1500.0,-1500.0,Passive
SR16ML-PC-SQUAD-09:I,1500.0,-1500.0,3,1500.0,-1500.0,I/O Intr
SR16ML-PC-SQUAD-09:SETI,1500.0,-1500.0,3,1500.0,-1500.0,Passive
SR16ML-PC-SQUAD-10:I,1500.0,-1500.0,3,1500.0,-1500.0,I/O Intr
SR16ML-PC-SQUAD-10:SETI,1500.0,-1500.0,3,1500.0,-1500.0,Passive
SR16ML-PC-SQUAD-12:I,1500.0,-1500.0,3,1500.0,-1500.0,I/O Intr
SR16ML-PC-SQUAD-12:SETI,1500.0,-1500.0,3,1500.0,-1500.0,Passive
SR16ML-PC-SQUAD-13:I,1500.0,-1500.0,3,1500.0,-1500.0,I/O Intr
SR16ML-PC-SQUAD-13:SETI,1500.0,-1500.0,3,1500.0,-1500.0,Passive
SR16ML-PC-SQUAD-14:I,1500.0,-1500.0,3,1500.0,-1500.0,I/O Intr
SR16ML-PC-SQUAD-14:SETI,1500.0,-1500.0,3,1500.0,-1500.0,Passive
SR16ML-PC-VSTR-08:I,1500.0,-1500.0,3,1500.0,-1500.0,I/O Intr
SR16ML-PC-VSTR-08:SETI,1500.0,-1500.0,3,1500.0,-1500.0,Passive
SR16ML-PC-VSTR-09:I,1500.0,-1500.0,3,1500.0,-1500.0,I/O Intr
SR16ML-PC-VSTR-09:SETI,1500.0,-1500.0,3,1500.0,-1500.0,Passive
SR16ML-PC-VSTR-10:I,1500.0,-1500.0,3,1500.0,-1500.0,I/O Intr
SR16ML-PC-VSTR-10:SETI,1500.0,-1500.0,3,1500.0,-1500.0,Passive
SR16ML-PC-VSTR-13:I,1500.0,-1500.0,3,1500.0,-1500.0,I/O Intr
SR16ML-PC-VSTR-13:SETI,1500.0,-1500.0,3,1500.0,-1500.0,Passive
SR16ML-PC-VSTR-14:I,1500.0,-1500.0,3,1500.0,-1500.0,I/O Intr
SR16ML-PC-VSTR-14:SETI,1500.0,-1500.0,3,1500.0,-1500.0,Passive
SR16ML-PC-VSTR-15:I,1500.0,-1500.0,3,1500.0,-1500.0,I/O Intr
SR16ML-PC-VSTR-15:SETI,1500.0,-1500.0,3,1500.0,-1500.0,Passive
SR16SI-PC-HSTR-11:I,1500.0,-1500.0,3,1500.0,-1500.0,I/O Intr
SR16SI-PC-HSTR-11:SETI,1500.0,-1500.0,3,1500.0,-1500.0,Passive
SR16SI-PC-HSTR-12:I,1500.0,-1500.0,3,1500.0,-1500.0,I/O Intr
SR16SI-PC-HSTR-12:SETI,1500.0,-1500.0,3,1500.0,-1500.0,Passive
SR16SI-PC-VSTR-11:I,1500.0,-1500.0,3,1500.0,-1500.0,I/O Intr
SR16SI-PC-VSTR-11:SETI,1500.0,-1500.0,3,1500.0,-1500.0,Passive
SR16SI-PC-VSTR-12:I,1500.0,-1500.0,3,1500.0,-1500.0,I/O Intr
SR16SI-PC-VSTR-12:SETI,1500.0,-1500.0,3,1500.0,-1500.0,Passive
SR16SK-PC-HSTR-11:I,1500.0,-1500.0,3,1500.0,-1500.0,I/O Intr
SR16SK-PC-HSTR-11:SETI,1500.0,-1500.0,3,1500.0,-1500.0,Passive
SR16SK-PC-HSTR-12:I,1500.0,-1500.0,3,1500.0,-1500.0,I/O Intr
SR16SK-PC-HSTR-12:SETI,1500.0,-1500.0,3,1500.0,-1500.0,Passive
SR16SK-PC-VSTR-11:I,1500.0,-1500.0,3,1500.0,-1500.0,I/O Intr
SR16SK-PC-VSTR-11:SETI,1500.0,-1500.0,3,1500.0,-1500.0,Passive
SR16SK-PC-VSTR-12:I,1500.0,-1500.0,3,1500.0,-1500.0,I/O Intr
SR16SK-PC-VSTR-12:SETI,1500.0,-1500.0,3,1500.0,-1500.0,Passive
SR16SM-PC-ABQ-01:I,1500.0,-1500.0,3,1500.0,-1500.0,I/O Intr
SR16SM-PC-ABQ-01:SETI,1500.0,-1500.0,3,1500.0,-1500.0,Passive
SR16SM-PC-ABQ-02:I,1500.0,-1500.0,3,1500.0,-1500.0,I/O Intr
SR16SM-PC-ABQ-02:SETI,1500.0,-1500.0,3,1500.0,-1500.0,Passive
SR16SM-PC-DQ-01:I,1500.0,-1500.0,3,1500.0,-1500.0,I/O Intr
SR16SM-PC-DQ-01:SETI,1500.0,-1500.0,3,1500.0,-1500.0,Passive
SR16SM-PC-HSTR-01:I,1500.0,-1500.0,3,1500.0,-1500.0,I/O Intr
SR16SM-PC-HSTR-01:SETI,1500.0,-1500.0,3,1500.0,-1500.0,Passive
SR16SM-PC-HSTR-02:I,1500.0,-1500.0,3,1500.0,-1500.0,I/O Intr
SR16SM-PC-HSTR-02:SETI,1500.0,-1500.0,3,1500.0,-1500.0,Passive
SR16SM-PC-HSTR-03:I,1500.0,-1500.0,3,1500.0,-1500.0,I/O Intr
SR16SM-PC-HSTR-03:SETI,1500.0,-1500.0,3,1500.0,-1500.0,Passive
SR16SM-PC-HSTR-05:I,1500.0,-1500.0,3,1500.0,-1500.0,I/O Intr
SR16SM-PC-HSTR-05:SETI,1500.0,-1500.0,3,1500.0,-1500.0,Passive
SR16SM-PC-HSTR-06:I,1500.0,-1500.0,3,1500.0,-1500.0,I/O Intr
SR16SM-PC-HSTR-06:SETI,1500.0,-1500.0,3,1500.0,-1500.0,Passive
SR16SM-PC-HSTR-07:I,1500.0,-1500.0,3,1500.0,-1500.0,I/O Intr
SR16SM-PC-HSTR-07:SETI,1500.0,-1500.0,3,1500.0,-1500.0,Passive
SR16SM-PC-OCT-04:I,1500.0,-1500.0,3,1500.0,-1500.0,I/O Intr
SR16SM-PC-OCT-04:SETI,1500.0,-1500.0,3,1500.0,-1500.0,Passive
SR16SM-PC-QUAD-01:I,1500.0,-1500.0,3,1500.0,-1500.0,I/O Intr
SR16SM-PC-QUAD-01:SETI,1500.0,-1500.0,3,1500.0,-1500.0,Passive
SR16SM-PC-QUAD-02:I,1500.0,-1500.0,3,1500.0,-1500.0,I/O Intr
SR16SM-PC-QUAD-02:SETI,1500.0,-1500.0,3,1500.0,-1500.0,Passive
SR16SM-PC-QUAD-03:I,1500.0,-1500.0,3,1500.0,-1500.0,I/O Intr
SR16SM-PC-QUAD-03:SETI,1500.0,-1500.0,3,1500.0,-1500.0,Passive
SR16SM-PC-QUAD-04:I,1500.0,-1500.0,3,1500.0,-1500.0,I/O Intr
SR16SM-PC-QUAD-04:SETI,1500.0,-1500.0,3,1500.0,-1500.0,Passive
SR16SM-PC-QUAD-05:I,1500.0,-1500.0,3,1500.0,-1500.0,I/O Intr
SR16SM-PC-QUAD-05:SETI,1500.0,-1500.0,3,1500.0,-1500.0,Passive
SR16SM-PC-QUAD-06:I,1500.0,-1500.0,3,1500.0,-1500.0,I/O Intr
SR16SM-PC-QUAD-06:SETI,1500.0,-1500.0,3,1500.0,-1500.0,Passive
SR16SM-PC-SEXT-01:I,1500.0,-1500.0,3,1500.0,-1500.0,I/O Intr
SR16SM-PC-SEXT-01:SETI,1500.0,-1500.0,3,1500.0,-1500.0,Passive
SR16SM-PC-SEXT-02:I,1500.0,-1500.0,3,1500.0,-1500.0,I/O Intr
SR16SM-PC-SEXT-02:SETI,1500.0,-1500.0,3,1500.0,-1500.0,Passive
SR16SM-PC-SEXT-03:I,1500.0,-1500.0,3,1500.0,-1500.0,I/O Intr
SR16SM-PC-SEXT-03:SETI,1500.0,-1500.0,3,1500.0,-1500.0,Passive
SR16SM-PC-SEXT-05:I,1500.0,-1500.0,3,1500.0,-1500.0,I/O Intr
SR16SM-PC-SEXT-05:SETI,1500.0,-1500.0,3,1500.0,-1500.0,Passive
SR16SM-PC-SEXT-06:I,1500.0,-1500.0,3,1500.0,-1500.0,I/O Intr
SR16SM-PC-SEXT-06:SETI,1500.0,-1500.0,3,1500.0,-1500.0,Passive
SR16SM-PC-SEXT-07:I,1500.0,-1500.0,3,1500.0,-1500.0,I/O Intr
SR16SM-PC-SEXT-07:SETI,1500.0,-1500.0,3,1500.0,-1500.0,Passive
SR16SM-PC-SQUAD-01:I,1500.0,-1500.0,3,1500.0,-1500.0,I/O Intr
SR16SM-PC-SQUAD-01:SETI,1500.0,-1500.0,3,1500.0,-1500.0,Passive
SR16SM-PC-SQUAD-02:I,1500.0,-1500.0,3,1500.0,-1500.0,I/O Intr
SR16SM-PC-SQUAD-02:SETI,1500.0,-1500.0,3,1500.0,-1500.0,Passive
SR16SM-PC-SQUAD-03:I,1500.0,-1500.0,3,1500.0,-1500.0,I/O Intr
SR16SM-PC-SQUAD-03:SETI,1500.0,-1500.0,3,1500.0,-1500.0,Passive
SR16SM-PC-SQUAD-05:I,1500.0,-1500.0,3,1500.0,-1500.0,I/O Intr
SR16SM-PC-SQUAD-05:SETI,1500.0,-1500.0,3,1500.0,-1500.0,Passive
SR16SM-PC-SQUAD-06:I,1500.0,-1500.0,3,1500.0,-1500.0,I/O Intr
SR16SM-PC-SQUAD-06:SETI,1500.0,-1500.0,3,1500.0,-1500.0,Passive
SR16SM-PC-SQUAD-07:I,1500.0,-1500.0,3,1500.0,-1500.0,I/O Intr
SR16SM-PC-SQUAD-07:SETI,1500.0,-1500.0,3,1500.0,-1500.0,Passive
SR16SM-PC-VSTR-01:I,1500.0,-1500.0,3,1500.0,-1500.0,I/O Intr
SR16SM-PC-VSTR-01:SETI,1500.0,-1500.0,3,1500.0,-1500.0,Passive
SR16SM-PC-VSTR-02:I,1500.0,-1500.0,3,1500.0,-1500.0,I/O Intr
SR16SM-PC-VSTR-02:SETI,1500.0,-1500.0,3,1500.0,-1500.0,Passive
SR16SM-PC-VSTR-03:I,1500.0,-1500.0,3,1500.0,-1500.0,I/O Intr
SR16SM-PC-VSTR-03:SETI,1500.0,-1500.0,3,1500.0,-1500.0,Passive
SR16SM-PC-VSTR-05:I,1500.0,-1500.0,3,1500.0,-1500.0,I/O Intr
SR16SM-PC-VSTR-05:SETI,1500.0,-1500.0,3,1500.0,-1500.0,Passive
SR16SM-PC-VSTR-06:I,1500.0,-1500.0,3,1500.0,-1500.0,I/O Intr
SR16SM-PC-VSTR-06:SETI,1500.0,-1500.0,3,1500.0,-1500.0,Passive
SR16SM-PC-VSTR-07:I,1500.0,-1500.0,3,1500.0,-1500.0,I/O Intr
SR16SM-PC-VSTR-07:SETI,1500.0,-1500.0,3,1500.0,-1500.0,Passive
SR17-PC-DL1:I,1500.0,-1500.0,3,1500.0,-1500.0,I/O Intr
SR17-PC-DL1:SETI,1500.0,-1500.0,3,1500.0,-1500.0,Passive
SR17-PC-DL2:I,1500.0,-1500.0,3,1500.0,-1500.0,I/O Intr
SR17-PC-DL2:SETI,1500.0,-1500.0,3,1500.0,-1500.0,Passive
SR17-PC-DL3:I,1500.0,-1500.0,3,1500.0,-1500.0,I/O Intr
SR17-PC-DL3:SETI,1500.0,-1500.0,3,1500.0,-1500.0,Passive
SR17-PC-DL4:I,1500.0,-1500.0,3,1500.0,-1500.0,I/O Intr
SR17-PC-DL4:SETI,1500.0,-1500.0,3,1500.0,-1500.0,Passive
SR17C-DI-EBPM-00:SA:X,1500.0,-1500.0,3,1500.0,-1500.0,I/O Intr
SR17C-DI-EBPM-00:SA:Y,1500.0,-1500.0,3,1500.0,-1500.0,I/O Intr
SR17C-DI-EBPM-01:SA:X,1500.0,-1500.0,3,1500.0,-1500.0,I/O Intr
SR17C-DI-EBPM-01:SA:Y,1500.0,-1500.0,3,1500.0,-1500.0,I/O Intr
SR17C-DI-EBPM-02:SA:X,1500.0,-1500.0,3,1500.0,-1500.0,I/O Intr
SR17C-DI-EBPM-02:SA:Y,1500.0,-1500.0,3,1500.0,-1500.0,I/O Intr
SR17C-DI-EBPM-03:SA:X,1500.0,-1500.0,3,1500.0,-1500.0,I/O Intr
SR17C-DI-EBPM-03:SA:Y,1500.0,-1500.0,3,1500.0,-1500.0,I/O Intr
SR17C-DI-EBPM-04:SA:X,1500.0,-1500.0,3,1500.0,-1500.0,I/O Intr
SR17C-DI-EBPM-04:SA:Y,1500.0,-1500.0,3,1500.0,-1500.0,I/O Intr
SR17C-DI-EBPM-05:SA:X,1500.0,-1500.0,3,1500.0,-1500.0,I/O Intr
SR17C-DI-EBPM-05:SA:Y,1500.0,-1500.0,3,1500.0,-1500.0,I/O Intr
SR17C-DI-EBPM-06:SA:X,1500.0,-1500.0,3,1500.0,-1500.0,I/O Intr
SR17C-DI-EBPM-06:SA:Y,1500.0,-1500.0,3,1500.0,-1500.0,I/O Intr
SR17C-DI-EBPM-07:SA:X,1500.0,-1500.0,3,1500.0,-1500.0,I/O Intr
SR17C-DI-EBPM-07:SA:Y,1500.0,-1500.0,3,1500.0,-1500.0,I/O Intr
SR17C-DI-EBPM-08:SA:X,1500.0,-1500.0,3,1500.0,-1500.0,I/O Intr
SR17C-DI-EBPM-08:SA:Y,1500.0,-1500.0,3,1500.0,-1500.0,I/O Intr
SR17C-DI-EBPM-09:SA:X,1500.0,-1500.0,3,1500.0,-1500.0,I/O Intr
SR17C-DI-EBPM-09:SA:Y,1500.0,-1500.0,3,1500.0,-1500.0,I/O Intr
SR17C-DI-EBPM-10:SA:X,1500.0,-1500.0,3,1500.0,-1500.0,I/O Intr
SR17C-DI-EBPM-10:SA:Y,1500.0,-1500.0,3,1500.0,-1500.0,I/O Intr
SR17LM-PC-ABQ-01:I,1500.0,-1500.0,3,1500.0,-1500.0,I/O Intr
SR17LM-PC-ABQ-01:SETI,1500.0,-1500.0,3,1500.0,-1500.0,Passive
SR17LM-PC-ABQ-02:I,1500.0,-1500.0,3,1500.0,-1500.0,I/O Intr
SR17LM-PC-ABQ-02:SETI,1500.0,-1500.0,3,1500.0,-1500.0,Passive
SR17LM-PC-DQ-01:I,1500.0,-1500.0,3,1500.0,-1500.0,I/O Intr
SR17LM-PC-DQ-01:SETI,1500.0,-1500.0,3,1500.0,-1500.0,Passive
SR17LM-PC-HSTR-00:I,1500.0,-1500.0,3,1500.0,-1500.0,I/O Intr
SR17LM-PC-HSTR-00:SETI,1500.0,-1500.0,3,1500.0,-1500.0,Passive
SR17LM-PC-HSTR-01:I,1500.0,-1500.0,3,1500.0,-1500.0,I/O Intr
SR17LM-PC-HSTR-01:SETI,1500.0,-1500.0,3,1500.0,-1500.0,Passive
SR17LM-PC-HSTR-02:I,1500.0,-1500.0,3,1500.0,-1500.0,I/O Intr
SR17LM-PC-HSTR-02:SETI,1500.0,-1500.0,3,1500.0,-1500.0,Passive
SR17LM-PC-HSTR-03:I,1500.0,-1500.0,3,1500.0,-1500.0,I/O Intr
SR17LM-PC-HSTR-03:SETI,1500.0,-1500.0,3,1500.0,-1500.0,Passive
SR17LM-PC-HSTR-05:I,1500.0,-1500.0,3,1500.0,-1500.0,I/O Intr
SR17LM-PC-HSTR-05:SETI,1500.0,-1500.0,3,1500.0,-1500.0,Passive
SR17LM-PC-HSTR-06:I,1500.0,-1500.0,3,1500.0,-1500.0,I/O Intr
SR17LM-PC-HSTR-06:SETI,1500.0,-1500.0,3,1500.0,-1500.0,Passive
SR17LM-PC-HSTR-07:I,1500.0,-1500.0,3,1500.0,-1500.0,I/O Intr
SR17LM-PC-HSTR-07:SETI,1500.0,-1500.0,3,1500.0,-1500.0,Passive
SR17LM-PC-OCT-00:I,1500.0,-1500.0,3,1500.0,-1500.0,I/O Intr
SR17LM-PC-OCT-00:SETI,1500.0,-1500.0,3,1500.0,-1500.0,Passive
SR17LM-PC-OCT-04:I,1500.0,-1500.0,3,1500.0,-1500.0,I/O Intr
SR17LM-PC-OCT-04:SETI,1500.0,-1500.0,3,1500.0,-1500.0,Passive
SR17LM-PC-QUAD-00:I,1500.0,-1500.0,3,1500.0,-1500.0,I/O Intr
SR17LM-PC-QUAD-00:SETI,1500.0,-1500.0,3,1500.0,-1500.0,Passive
SR17LM-PC-QUAD-01:I,1500.0,-1500.0,3,1500.0,-1500.0,I/O Intr
SR17LM-PC-QUAD-01:SETI,1500.0,-1500.0,3,1500.0,-1500.0,Passive
SR17LM-PC-QUAD-02:I,1500.0,-1500.0,3,1500.0,-1500.0,I/O Intr
SR17LM-PC-QUAD-02:SETI,1500.0,-1500.0,3,1500.0,-1500.0,Passive
SR17LM-PC-QUAD-03:I,1500.0,-1500.0,3,1500.0,-1500.0,I/O Intr
SR17LM-PC-QUAD-03:SETI,1500.0,-1500.0,3,1500.0,-1500.0,Passive
SR17LM-PC-QUAD-04:I,1500.0,-1500.0,3,1500.0,-1500.0,I/O Intr
SR17LM-PC-QUAD-04:SETI,1500.0,-1500.0,3,1500.0,-1500.0,Passive
SR17LM-PC-QUAD-05:I,1500.0,-1500.0,3,1500.0,-1500.0,I/O Intr
SR17LM-PC-QUAD-05:SETI,1500.0,-1500.0,3,1500.0,-1500.0,Passive
SR17LM-PC-QUAD-06:I,1500.0,-1500.0,3,1500.0,-1500.0,I/O Intr
SR17LM-PC-QUAD-06:SETI,1500.0,-1500.0,3,1500.0,-1500.0,Passive
SR17LM-PC-SEXT-01:I,1500.0,-1500.0,3,1500.0,-1500.0,I/O Intr
SR17LM-PC-SEXT-01:SETI,1500.0,-1500.0,3,1500.0,-1500.0,Passive
SR17LM-PC-SEXT-02:I,1500.0,-1500.0,3,1500.0,-1500.0,I/O Intr
SR17LM-PC-SEXT-02:SETI,1500.0,-1500.0,3,1500.0,-1500.0,Passive
SR17LM-PC-SEXT-03:I,1500.0,-1500.0,3,1500.0,-1500.0,I/O Intr
SR17LM-PC-SEXT-03:SETI,1500.0,-1500.0,3,1500.0,-1500.0,Passive
SR17LM-PC-SEXT-05:I,1500.0,-1500.0,3,1500.0,-1500.0,I/O Intr
SR17LM-PC-SEXT-05:SETI,1500.0,-1500.0,3,1500.0,-1500.0,Passive
SR17LM-PC-SEXT-06:I,1500.0,-1500.0,3,1500.0,-1500.0,I/O Intr
SR17LM-PC-SEXT-06:SETI,1500.0,-1500.0,3,1500.0,-1500.0,Passive
SR17LM-PC-SEXT-07:I,1500.0,-1500.0,3,1500.0,-1500.0,I/O Intr
SR17LM-PC-SEXT-07:SETI,1500.0,-1500.0,3,1500.0,-1500.0,Passive
SR17LM-PC-SQUAD-01:I,1500.0,-1500.0,3,1500.0,-1500.0,I/O Intr
SR17LM-PC-SQUAD-01:SETI,1500.0,-1500.0,3,1500.0,-1500.0,Passive
SR17LM-PC-SQUAD-02:I,1500.0,-1500.0,3,1500.0,-1500.0,I/O Intr
SR17LM-PC-SQUAD-02:SETI,1500.0,-1500.0,3,1500.0,-1500.0,Passive
SR17LM-PC-SQUAD-03:I,1500.0,-1500.0,3,1500.0,-1500.0,I/O Intr
SR17LM-PC-SQUAD-03:SETI,1500.0,-1500.0,3,1500.0,-1500.0,Passive
SR17LM-PC-SQUAD-05:I,1500.0,-1500.0,3,1500.0,-1500.0,I/O Intr
SR17LM-PC-SQUAD-05:SETI,1500.0,-1500.0,3,1500.0,-1500.0,Passive
SR17LM-PC-SQUAD-06:I,1500.0,-1500.0,3,1500.0,-1500.0,I/O Intr
SR17LM-PC-SQUAD-06:SETI,1500.0,-1500.0,3,1500.0,-1500.0,Passive
SR17LM-PC-SQUAD-07:I,1500.0,-1500.0,3,1500.0,-1500.0,I/O Intr
SR17LM-PC-SQUAD-07:SETI,1500.0,-1500.0,3,1500.0,-1500.0,Passive
SR17LM-PC-VSTR-00:I,1500.0,-1500.0,3,1500.0,-1500.0,I/O Intr
SR17LM-PC-VSTR-00:SETI,1500.0,-1500.0,3,1500.0,-1500.0,Passive
SR17LM-PC-VSTR-01:I,1500.0,-1500.0,3,1500.0,-1500.0,I/O Intr
SR17LM-PC-VSTR-01:SETI,1500.0,-1500.0,3,1500.0,-1500.0,Passive
SR17LM-PC-VSTR-02:I,1500.0,-1500.0,3,1500.0,-1500.0,I/O Intr
SR17LM-PC-VSTR-02:SETI,1500.0,-1500.0,3,1500.0,-1500.0,Passive
SR17LM-PC-VSTR-03:I,1500.0,-1500.0,3,1500.0,-1500.0,I/O Intr
SR17LM-PC-VSTR-03:SETI,1500.0,-1500.0,3,1500.0,-1500.0,Passive
SR17LM-PC-VSTR-05:I,1500.0,-1500.0,3,1500.0,-1500.0,I/O Intr
SR17LM-PC-VSTR-05:SETI,1500.0,-1500.0,3,1500.0,-1500.0,Passive
SR17LM-PC-VSTR-06:I,1500.0,-1500.0,3,1500.0,-1500.0,I/O Intr
SR17LM-PC-VSTR-06:SETI,1500.0,-1500.0,3,1500.0,-1500.0,Passive
SR17LM-PC-VSTR-07:I,1500.0,-1500.0,3,1500.0,-1500.0,I/O Intr
SR17LM-PC-VSTR-07:SETI,1500.0,-1500.0,3,1500.0,-1500.0,Passive
SR17MS-PC-ABQ-03:I,1500.0,-1500.0,3,1500.0,-1500.0,I/O Intr
SR17MS-PC-ABQ-03:SETI,1500.0,-1500.0,3,1500.0,-1500.0,Passive
SR17MS-PC-ABQ-04:I,1500.0,-1500.0,3,1500.0,-1500.0,I/O Intr
SR17MS-PC-ABQ-04:SETI,1500.0,-1500.0,3,1500.0,-1500.0,Passive
SR17MS-PC-DQ-02:I,1500.0,-1500.0,3,1500.0,-1500.0,I/O Intr
SR17MS-PC-DQ-02:SETI,1500.0,-1500.0,3,1500.0,-1500.0,Passive
SR17MS-PC-HSTR-08:I,1500.0,-1500.0,3,1500.0,-1500.0,I/O Intr
SR17MS-PC-HSTR-08:SETI,1500.0,-1500.0,3,1500.0,-1500.0,Passive
SR17MS-PC-HSTR-09:I,1500.0,-1500.0,3,1500.0,-1500.0,I/O Intr
SR17MS-PC-HSTR-09:SETI,1500.0,-1500.0,3,1500.0,-1500.0,Passive
SR17MS-PC-HSTR-10:I,1500.0,-1500.0,3,1500.0,-1500.0,I/O Intr
SR17MS-PC-HSTR-10:SETI,1500.0,-1500.0,3,1500.0,-1500.0,Passive
SR17MS-PC-HSTR-13:I,1500.0,-1500.0,3,1500.0,-1500.0,I/O Intr
SR17MS-PC-HSTR-13:SETI,1500.0,-1500.0,3,1500.0,-1500.0,Passive
SR17MS-PC-HSTR-14:I,1500.0,-1500.0,3,1500.0,-1500.0,I/O Intr
SR17MS-PC-HSTR-14:SETI,1500.0,-1500.0,3,1500.0,-1500.0,Passive
SR17MS-PC-OCT-11:I,1500.0,-1500.0,3,1500.0,-1500.0,I/O Intr
SR17MS-PC-OCT-11:SETI,1500.0,-1500.0,3,1500.0,-1500.0,Passive
SR17MS-PC-QUAD-07:I,1500.0,-1500.0,3,1500.0,-1500.0,I/O Intr
SR17MS-PC-QUAD-07:SETI,1500.0,-1500.0,3,1500.0,-1500.0,Passive
SR17MS-PC-QUAD-08:I,1500.0,-1500.0,3,1500.0,-1500.0,I/O Intr
SR17MS-PC-QUAD-08:SETI,1500.0,-1500.0,3,1500.0,-1500.0,Passive
SR17MS-PC-QUAD-09:I,1500.0,-1500.0,3,1500.0,-1500.0,I/O Intr
SR17MS-PC-QUAD-09:SETI,1500.0,-1500.0,3,1500.0,-1500.0,Passive
SR17MS-PC-QUAD-10:I,1500.0,-1500.0,3,1500.0,-1500.0,I/O Intr
SR17MS-PC-QUAD-10:SETI,1500.0,-1500.0,3,1500.0,-1500.0,Passive
SR17MS-PC-QUAD-11:I,1500.0,-1500.0,3,1500.0,-1500.0,I/O Intr
SR17MS-PC-QUAD-11:SETI,1500.0,-1500.0,3,1500.0,-1500.0,Passive
SR17MS-PC-QUAD-12:I,1500.0,-1500.0,3,1500.0,-1500.0,I/O Intr
SR17MS-PC-QUAD-12:SETI,1500.0,-1500.0,3,1500.0,-1500.0,Passive
SR17MS-PC-SEXT-08:I,1500.0,-1500.0,3,1500.0,-1500.0,I/O Intr
SR17MS-PC-SEXT-08:SETI,1500.0,-1500.0,3,1500.0,-1500.0,Passive
SR17MS-PC-SEXT-09:I,1500.0,-1500.0,3,1500.0,-1500.0,I/O Intr
SR17MS-PC-SEXT-09:SETI,1500.0,-1500.0,3,1500.0,-1500.0,Passive
SR17MS-PC-SEXT-10:I,1500.0,-1500.0,3,1500.0,-1500.0,I/O Intr
SR17MS-PC-SEXT-10:SETI,1500.0,-1500.0,3,1500.0,-1500.0,Passive
SR17MS-PC-SEXT-12:I,1500.0,-1500.0,3,1500.0,-1500.0,I/O Intr
SR17MS-PC-SEXT-12:SETI,1500.0,-1500.0,3,1500.0,-1500.0,Passive
SR17MS-PC-SEXT-13:I,1500.0,-1500.0,3,1500.0,-1500.0,I/O Intr
SR17MS-PC-SEXT-13:SETI,1500.0,-1500.0,3,1500.0,-1500.0,Passive
SR17MS-PC-SEXT-14:I,1500.0,-1500.0,3,1500.0,-1500.0,I/O Intr
SR17MS-PC-SEXT-14:SETI,1500.0,-1500.0,3,1500.0,-1500.0,Passive
SR17MS-PC-SQUAD-08:I,1500.0,-1500.0,3,1500.0,-1500.0,I/O Intr
SR17MS-PC-SQUAD-08:SETI,1500.0,-1500.0,3,1500.0,-1500.0,Passive
SR17MS-PC-SQUAD-09:I,1500.0,-1500.0,3,1500.0,-1500.0,I/O Intr
SR17MS-PC-SQUAD-09:SETI,1500.0,-1500.0,3,1500.0,-1500.0,Passive
SR17MS-PC-SQUAD-10:I,1500.0,-1500.0,3,1500.0,-1500.0,I/O Intr
SR17MS-PC-SQUAD-10:SETI,1500.0,-1500.0,3,1500.0,-1500.0,Passive
SR17MS-PC-SQUAD-12:I,1500.0,-1500.0,3,1500.0,-1500.0,I/O Intr
SR17MS-PC-SQUAD-12:SETI,1500.0,-1500.0,3,1500.0,-1500.0,Passive
SR17MS-PC-SQUAD-13:I,1500.0,-1500.0,3,1500.0,-1500.0,I/O Intr
SR17MS-PC-SQUAD-13:SETI,1500.0,-1500.0,3,1500.0,-1500.0,Passive
SR17MS-PC-SQUAD-14:I,1500.0,-1500.0,3,1500.0,-1500.0,I/O Intr
SR17MS-PC-SQUAD-14:SETI,1500.0,-1500.0,3,1500.0,-1500.0,Passive
SR17MS-PC-VSTR-08:I,1500.0,-1500.0,3,1500.0,-1500.0,I/O Intr
SR17MS-PC-VSTR-08:SETI,1500.0,-1500.0,3,1500.0,-1500.0,Passive
SR17MS-PC-VSTR-09:I,1500.0,-1500.0,3,1500.0,-1500.0,I/O Intr
SR17MS-PC-VSTR-09:SETI,1500.0,-1500.0,3,1500.0,-1500.0,Passive
SR17MS-PC-VSTR-10:I,1500.0,-1500.0,3,1500.0,-1500.0,I/O Intr
SR17MS-PC-VSTR-10:SETI,1500.0,-1500.0,3,1500.0,-1500.0,Passive
SR17MS-PC-VSTR-13:I,1500.0,-1500.0,3,1500.0,-1500.0,I/O Intr
SR17MS-PC-VSTR-13:SETI,1500.0,-1500.0,3,1500.0,-1500.0,Passive
SR17MS-PC-VSTR-14:I,1500.0,-1500.0,3,1500.0,-1500.0,I/O Intr
SR17MS-PC-VSTR-14:SETI,1500.0,-1500.0,3,1500.0,-1500.0,Passive
SR17SI-PC-HSTR-11:I,1500.0,-1500.0,3,1500.0,-1500.0,I/O Intr
SR17SI-PC-HSTR-11:SETI,1500.0,-1500.0,3,1500.0,-1500.0,Passive
SR17SI-PC-HSTR-12:I,1500.0,-1500.0,3,1500.0,-1500.0,I/O Intr
SR17SI-PC-HSTR-12:SETI,1500.0,-1500.0,3,1500.0,-1500.0,Passive
SR17SI-PC-VSTR-11:I,1500.0,-1500.0,3,1500.0,-1500.0,I/O Intr
SR17SI-PC-VSTR-11:SETI,1500.0,-1500.0,3,1500.0,-1500.0,Passive
SR17SI-PC-VSTR-12:I,1500.0,-1500.0,3,1500.0,-1500.0,I/O Intr
SR17SI-PC-VSTR-12:SETI,1500.0,-1500.0,3,1500.0,-1500.0,Passive
SR18-PC-DL1:I,1500.0,-1500.0,3,1500.0,-1500.0,I/O Intr
SR18-PC-DL1:SETI,1500.0,-1500.0,3,1500.0,-1500.0,Passive
SR18-PC-DL2:I,1500.0,-1500.0,3,1500.0,-1500.0,I/O Intr
SR18-PC-DL2:SETI,1500.0,-1500.0,3,1500.0,-1500.0,Passive
SR18-PC-DL3:I,1500.0,-1500.0,3,1500.0,-1500.0,I/O Intr
SR18-PC-DL3:SETI,1500.0,-1500.0,3,1500.0,-1500.0,Passive
SR18-PC-DL4:I,1500.0,-1500.0,3,1500.0,-1500.0,I/O Intr
SR18-PC-DL4:SETI,1500.0,-1500.0,3,1500.0,-1500.0,Passive
SR18C-DI-EBPM-01:SA:X,1500.0,-1500.0,3,1500.0,-1500.0,I/O Intr
SR18C-DI-EBPM-01:SA:Y,1500.0,-1500.0,3,1500.0,-1500.0,I/O Intr
SR18C-DI-EBPM-02:SA:X,1500.0,-1500.0,3,1500.0,-1500.0,I/O Intr
SR18C-DI-EBPM-02:SA:Y,1500.0,-1500.0,3,1500.0,-1500.0,I/O Intr
SR18C-DI-EBPM-03:SA:X,1500.0,-1500.0,3,1500.0,-1500.0,I/O Intr
SR18C-DI-EBPM-03:SA:Y,1500.0,-1500.0,3,1500.0,-1500.0,I/O Intr
SR18C-DI-EBPM-04:SA:X,1500.0,-1500.0,3,1500.0,-1500.0,I/O Intr
SR18C-DI-EBPM-04:SA:Y,1500.0,-1500.0,3,1500.0,-1500.0,I/O Intr
SR18C-DI-EBPM-05:SA:X,1500.0,-1500.0,3,1500.0,-1500.0,I/O Intr
SR18C-DI-EBPM-05:SA:Y,1500.0,-1500.0,3,1500.0,-1500.0,I/O Intr
SR18C-DI-EBPM-06:SA:X,1500.0,-1500.0,3,1500.0,-1500.0,I/O Intr
SR18C-DI-EBPM-06:SA:Y,1500.0,-1500.0,3,1500.0,-1500.0,I/O Intr
SR18C-DI-EBPM-07:SA:X,1500.0,-1500.0,3,1500.0,-1500.0,I/O Intr
SR18C-DI-EBPM-07:SA:Y,1500.0,-1500.0,3,1500.0,-1500.0,I/O Intr
SR18C-DI-EBPM-08:SA:X,1500.0,-1500.0,3,1500.0,-1500.0,I/O Intr
SR18C-DI-EBPM-08:SA:Y,1500.0,-1500.0,3,1500.0,-1500.0,I/O Intr
SR18C-DI-EBPM-09:SA:X,1500.0,-1500.0,3,1500.0,-1500.0,I/O Intr
SR18C-DI-EBPM-09:SA:Y,1500.0,-1500.0,3,1500.0,-1500.0,I/O Intr
SR18C-DI-EBPM-10:SA:X,1500.0,-1500.0,3,1500.0,-1500.0,I/O Intr
SR18C-DI-EBPM-10:SA:Y,1500.0,-1500.0,3,1500.0,-1500.0,I/O Intr
SR18MS-PC-ABQ-03:I,1500.0,-1500.0,3,1500.0,-1500.0,I/O Intr
SR18MS-PC-ABQ-03:SETI,1500.0,-1500.0,3,1500.0,-1500.0,Passive
SR18MS-PC-ABQ-04:I,1500.0,-1500.0,3,1500.0,-1500.0,I/O Intr
SR18MS-PC-ABQ-04:SETI,1500.0,-1500.0,3,1500.0,-1500.0,Passive
SR18MS-PC-DQ-02:I,1500.0,-1500.0,3,1500.0,-1500.0,I/O Intr
SR18MS-PC-DQ-02:SETI,1500.0,-1500.0,3,1500.0,-1500.0,Passive
SR18MS-PC-HSTR-08:I,1500.0,-1500.0,3,1500.0,-1500.0,I/O Intr
SR18MS-PC-HSTR-08:SETI,1500.0,-1500.0,3,1500.0,-1500.0,Passive
SR18MS-PC-HSTR-09:I,1500.0,-1500.0,3,1500.0,-1500.0,I/O Intr
SR18MS-PC-HSTR-09:SETI,1500.0,-1500.0,3,1500.0,-1500.0,Passive
SR18MS-PC-HSTR-10:I,1500.0,-1500.0,3,1500.0,-1500.0,I/O Intr
SR18MS-PC-HSTR-10:SETI,1500.0,-1500.0,3,1500.0,-1500.0,Passive
SR18MS-PC-HSTR-12:I,1500.0,-1500.0,3,1500.0,-1500.0,I/O Intr
SR18MS-PC-HSTR-12:SETI,1500.0,-1500.0,3,1500.0,-1500.0,Passive
SR18MS-PC-HSTR-13:I,1500.0,-1500.0,3,1500.0,-1500.0,I/O Intr
SR18MS-PC-HSTR-13:SETI,1500.0,-1500.0,3,1500.0,-1500.0,Passive
SR18MS-PC-HSTR-14:I,1500.0,-1500.0,3,1500.0,-1500.0,I/O Intr
SR18MS-PC-HSTR-14:SETI,1500.0,-1500.0,3,1500.0,-1500.0,Passive
SR18MS-PC-OCT-11:I,1500.0,-1500.0,3,1500.0,-1500.0,I/O Intr
SR18MS-PC-OCT-11:SETI,1500.0,-1500.0,3,1500.0,-1500.0,Passive
SR18MS-PC-QUAD-07:I,1500.0,-1500.0,3,1500.0,-1500.0,I/O Intr
SR18MS-PC-QUAD-07:SETI,1500.0,-1500.0,3,1500.0,-1500.0,Passive
SR18MS-PC-QUAD-08:I,1500.0,-1500.0,3,1500.0,-1500.0,I/O Intr
SR18MS-PC-QUAD-08:SETI,1500.0,-1500.0,3,1500.0,-1500.0,Passive
SR18MS-PC-QUAD-09:I,1500.0,-1500.0,3,1500.0,-1500.0,I/O Intr
SR18MS-PC-QUAD-09:SETI,1500.0,-1500.0,3,1500.0,-1500.0,Passive
SR18MS-PC-QUAD-10:I,1500.0,-1500.0,3,1500.0,-1500.0,I/O Intr
SR18MS-PC-QUAD-10:SETI,1500.0,-1500.0,3,1500.0,-1500.0,Passive
SR18MS-PC-QUAD-11:I,1500.0,-1500.0,3,1500.0,-1500.0,I/O Intr
SR18MS-PC-QUAD-11:SETI,1500.0,-1500.0,3,1500.0,-1500.0,Passive
SR18MS-PC-QUAD-12:I,1500.0,-1500.0,3,1500.0,-1500.0,I/O Intr
SR18MS-PC-QUAD-12:SETI,1500.0,-1500.0,3,1500.0,-1500.0,Passive
SR18MS-PC-SEXT-08:I,1500.0,-1500.0,3,1500.0,-1500.0,I/O Intr
SR18MS-PC-SEXT-08:SETI,1500.0,-1500.0,3,1500.0,-1500.0,Passive
SR18MS-PC-SEXT-09:I,1500.0,-1500.0,3,1500.0,-1500.0,I/O Intr
SR18MS-PC-SEXT-09:SETI,1500.0,-1500.0,3,1500.0,-1500.0,Passive
SR18MS-PC-SEXT-10:I,1500.0,-1500.0,3,1500.0,-1500.0,I/O Intr
SR18MS-PC-SEXT-10:SETI,1500.0,-1500.0,3,1500.0,-1500.0,Passive
SR18MS-PC-SEXT-12:I,1500.0,-1500.0,3,1500.0,-1500.0,I/O Intr
SR18MS-PC-SEXT-12:SETI,1500.0,-1500.0,3,1500.0,-1500.0,Passive
SR18MS-PC-SEXT-13:I,1500.0,-1500.0,3,1500.0,-1500.0,I/O Intr
SR18MS-PC-SEXT-13:SETI,1500.0,-1500.0,3,1500.0,-1500.0,Passive
SR18MS-PC-SEXT-14:I,1500.0,-1500.0,3,1500.0,-1500.0,I/O Intr
SR18MS-PC-SEXT-14:SETI,1500.0,-1500.0,3,1500.0,-1500.0,Passive
SR18MS-PC-SQUAD-08:I,1500.0,-1500.0,3,1500.0,-1500.0,I/O Intr
SR18MS-PC-SQUAD-08:SETI,1500.0,-1500.0,3,1500.0,-1500.0,Passive
SR18MS-PC-SQUAD-09:I,1500.0,-1500.0,3,1500.0,-1500.0,I/O Intr
SR18MS-PC-SQUAD-09:SETI,1500.0,-1500.0,3,1500.0,-1500.0,Passive
SR18MS-PC-SQUAD-10:I,1500.0,-1500.0,3,1500.0,-1500.0,I/O Intr
SR18MS-PC-SQUAD-10:SETI,1500.0,-1500.0,3,1500.0,-1500.0,Passive
SR18MS-PC-SQUAD-12:I,1500.0,-1500.0,3,1500.0,-1500.0,I/O Intr
SR18MS-PC-SQUAD-12:SETI,1500.0,-1500.0,3,1500.0,-1500.0,Passive
SR18MS-PC-SQUAD-13:I,1500.0,-1500.0,3,1500.0,-1500.0,I/O Intr
SR18MS-PC-SQUAD-13:SETI,1500.0,-1500.0,3,1500.0,-1500.0,Passive
SR18MS-PC-SQUAD-14:I,1500.0,-1500.0,3,1500.0,-1500.0,I/O Intr
SR18MS-PC-SQUAD-14:SETI,1500.0,-1500.0,3,1500.0,-1500.0,Passive
SR18MS-PC-VSTR-08:I,1500.0,-1500.0,3,1500.0,-1500.0,I/O Intr
SR18MS-PC-VSTR-08:SETI,1500.0,-1500.0,3,1500.0,-1500.0,Passive
SR18MS-PC-VSTR-09:I,1500.0,-1500.0,3,1500.0,-1500.0,I/O Intr
SR18MS-PC-VSTR-09:SETI,1500.0,-1500.0,3,1500.0,-1500.0,Passive
SR18MS-PC-VSTR-10:I,1500.0,-1500.0,3,1500.0,-1500.0,I/O Intr
SR18MS-PC-VSTR-10:SETI,1500.0,-1500.0,3,1500.0,-1500.0,Passive
SR18MS-PC-VSTR-12:I,1500.0,-1500.0,3,1500.0,-1500.0,I/O Intr
SR18MS-PC-VSTR-12:SETI,1500.0,-1500.0,3,1500.0,-1500.0,Passive
SR18MS-PC-VSTR-13:I,1500.0,-1500.0,3,1500.0,-1500.0,I/O Intr
SR18MS-PC-VSTR-13:SETI,1500.0,-1500.0,3,1500.0,-1500.0,Passive
SR18MS-PC-VSTR-14:I,1500.0,-1500.0,3,1500.0,-1500.0,I/O Intr
SR18MS-PC-VSTR-14:SETI,1500.0,-1500.0,3,1500.0,-1500.0,Passive
SR18SI-PC-HSTR-11:I,1500.0,-1500.0,3,1500.0,-1500.0,I/O Intr
SR18SI-PC-HSTR-11:SETI,1500.0,-1500.0,3,1500.0,-1500.0,Passive
SR18SI-PC-HSTR-12:I,1500.0,-1500.0,3,1500.0,-1500.0,I/O Intr
SR18SI-PC-HSTR-12:SETI,1500.0,-1500.0,3,1500.0,-1500.0,Passive
SR18SI-PC-VSTR-11:I,1500.0,-1500.0,3,1500.0,-1500.0,I/O Intr
SR18SI-PC-VSTR-11:SETI,1500.0,-1500.0,3,1500.0,-1500.0,Passive
SR18SI-PC-VSTR-12:I,1500.0,-1500.0,3,1500.0,-1500.0,I/O Intr
SR18SI-PC-VSTR-12:SETI,1500.0,-1500.0,3,1500.0,-1500.0,Passive
SR18SM-PC-ABQ-01:I,1500.0,-1500.0,3,1500.0,-1500.0,I/O Intr
SR18SM-PC-ABQ-01:SETI,1500.0,-1500.0,3,1500.0,-1500.0,Passive
SR18SM-PC-ABQ-02:I,1500.0,-1500.0,3,1500.0,-1500.0,I/O Intr
SR18SM-PC-ABQ-02:SETI,1500.0,-1500.0,3,1500.0,-1500.0,Passive
SR18SM-PC-DQ-01:I,1500.0,-1500.0,3,1500.0,-1500.0,I/O Intr
SR18SM-PC-DQ-01:SETI,1500.0,-1500.0,3,1500.0,-1500.0,Passive
SR18SM-PC-HSTR-01:I,1500.0,-1500.0,3,1500.0,-1500.0,I/O Intr
SR18SM-PC-HSTR-01:SETI,1500.0,-1500.0,3,1500.0,-1500.0,Passive
SR18SM-PC-HSTR-02:I,1500.0,-1500.0,3,1500.0,-1500.0,I/O Intr
SR18SM-PC-HSTR-02:SETI,1500.0,-1500.0,3,1500.0,-1500.0,Passive
SR18SM-PC-HSTR-03:I,1500.0,-1500.0,3,1500.0,-1500.0,I/O Intr
SR18SM-PC-HSTR-03:SETI,1500.0,-1500.0,3,1500.0,-1500.0,Passive
SR18SM-PC-HSTR-05:I,1500.0,-1500.0,3,1500.0,-1500.0,I/O Intr
SR18SM-PC-HSTR-05:SETI,1500.0,-1500.0,3,1500.0,-1500.0,Passive
SR18SM-PC-HSTR-06:I,1500.0,-1500.0,3,1500.0,-1500.0,I/O Intr
SR18SM-PC-HSTR-06:SETI,1500.0,-1500.0,3,1500.0,-1500.0,Passive
SR18SM-PC-HSTR-07:I,1500.0,-1500.0,3,1500.0,-1500.0,I/O Intr
SR18SM-PC-HSTR-07:SETI,1500.0,-1500.0,3,1500.0,-1500.0,Passive
SR18SM-PC-OCT-04:I,1500.0,-1500.0,3,1500.0,-1500.0,I/O Intr
SR18SM-PC-OCT-04:SETI,1500.0,-1500.0,3,1500.0,-1500.0,Passive
SR18SM-PC-QUAD-01:I,1500.0,-1500.0,3,1500.0,-1500.0,I/O Intr
SR18SM-PC-QUAD-01:SETI,1500.0,-1500.0,3,1500.0,-1500.0,Passive
SR18SM-PC-QUAD-02:I,1500.0,-1500.0,3,1500.0,-1500.0,I/O Intr
SR18SM-PC-QUAD-02:SETI,1500.0,-1500.0,3,1500.0,-1500.0,Passive
SR18SM-PC-QUAD-03:I,1500.0,-1500.0,3,1500.0,-1500.0,I/O Intr
SR18SM-PC-QUAD-03:SETI,1500.0,-1500.0,3,1500.0,-1500.0,Passive
SR18SM-PC-QUAD-04:I,1500.0,-1500.0,3,1500.0,-1500.0,I/O Intr
SR18SM-PC-QUAD-04:SETI,1500.0,-1500.0,3,1500.0,-1500.0,Passive
SR18SM-PC-QUAD-05:I,1500.0,-1500.0,3,1500.0,-1500.0,I/O Intr
SR18SM-PC-QUAD-05:SETI,1500.0,-1500.0,3,1500.0,-1500.0,Passive
SR18SM-PC-QUAD-06:I,1500.0,-1500.0,3,1500.0,-1500.0,I/O Intr
SR18SM-PC-QUAD-06:SETI,1500.0,-1500.0,3,1500.0,-1500.0,Passive
SR18SM-PC-SEXT-01:I,1500.0,-1500.0,3,1500.0,-1500.0,I/O Intr
SR18SM-PC-SEXT-01:SETI,1500.0,-1500.0,3,1500.0,-1500.0,Passive
SR18SM-PC-SEXT-02:I,1500.0,-1500.0,3,1500.0,-1500.0,I/O Intr
SR18SM-PC-SEXT-02:SETI,1500.0,-1500.0,3,1500.0,-1500.0,Passive
SR18SM-PC-SEXT-03:I,1500.0,-1500.0,3,1500.0,-1500.0,I/O Intr
SR18SM-PC-SEXT-03:SETI,1500.0,-1500.0,3,1500.0,-1500.0,Passive
SR18SM-PC-SEXT-05:I,1500.0,-1500.0,3,1500.0,-1500.0,I/O Intr
SR18SM-PC-SEXT-05:SETI,1500.0,-1500.0,3,1500.0,-1500.0,Passive
SR18SM-PC-SEXT-06:I,1500.0,-1500.0,3,1500.0,-1500.0,I/O Intr
SR18SM-PC-SEXT-06:SETI,1500.0,-1500.0,3,1500.0,-1500.0,Passive
SR18SM-PC-SEXT-07:I,1500.0,-1500.0,3,1500.0,-1500.0,I/O Intr
SR18SM-PC-SEXT-07:SETI,1500.0,-1500.0,3,1500.0,-1500.0,Passive
SR18SM-PC-SQUAD-01:I,1500.0,-1500.0,3,1500.0,-1500.0,I/O Intr
SR18SM-PC-SQUAD-01:SETI,1500.0,-1500.0,3,1500.0,-1500.0,Passive
SR18SM-PC-SQUAD-02:I,1500.0,-1500.0,3,1500.0,-1500.0,I/O Intr
SR18SM-PC-SQUAD-02:SETI,1500.0,-1500.0,3,1500.0,-1500.0,Passive
SR18SM-PC-SQUAD-03:I,1500.0,-1500.0,3,1500.0,-1500.0,I/O Intr
SR18SM-PC-SQUAD-03:SETI,1500.0,-1500.0,3,1500.0,-1500.0,Passive
SR18SM-PC-SQUAD-05:I,1500.0,-1500.0,3,1500.0,-1500.0,I/O Intr
SR18SM-PC-SQUAD-05:SETI,1500.0,-1500.0,3,1500.0,-1500.0,Passive
SR18SM-PC-SQUAD-06:I,1500.0,-1500.0,3,1500.0,-1500.0,I/O Intr
SR18SM-PC-SQUAD-06:SETI,1500.0,-1500.0,3,1500.0,-1500.0,Passive
SR18SM-PC-SQUAD-07:I,1500.0,-1500.0,3,1500.0,-1500.0,I/O Intr
SR18SM-PC-SQUAD-07:SETI,1500.0,-1500.0,3,1500.0,-1500.0,Passive
SR18SM-PC-VSTR-01:I,1500.0,-1500.0,3,1500.0,-1500.0,I/O Intr
SR18SM-PC-VSTR-01:SETI,1500.0,-1500.0,3,1500.0,-1500.0,Passive
SR18SM-PC-VSTR-02:I,1500.0,-1500.0,3,1500.0,-1500.0,I/O Intr
SR18SM-PC-VSTR-02:SETI,1500.0,-1500.0,3,1500.0,-1500.0,Passive
SR18SM-PC-VSTR-03:I,1500.0,-1500.0,3,1500.0,-1500.0,I/O Intr
SR18SM-PC-VSTR-03:SETI,1500.0,-1500.0,3,1500.0,-1500.0,Passive
SR18SM-PC-VSTR-05:I,1500.0,-1500.0,3,1500.0,-1500.0,I/O Intr
SR18SM-PC-VSTR-05:SETI,1500.0,-1500.0,3,1500.0,-1500.0,Passive
SR18SM-PC-VSTR-06:I,1500.0,-1500.0,3,1500.0,-1500.0,I/O Intr
SR18SM-PC-VSTR-06:SETI,1500.0,-1500.0,3,1500.0,-1500.0,Passive
SR18SM-PC-VSTR-07:I,1500.0,-1500.0,3,1500.0,-1500.0,I/O Intr
SR18SM-PC-VSTR-07:SETI,1500.0,-1500.0,3,1500.0,-1500.0,Passive
SR19-PC-DL1:I,1500.0,-1500.0,3,1500.0,-1500.0,I/O Intr
SR19-PC-DL1:SETI,1500.0,-1500.0,3,1500.0,-1500.0,Passive
SR19-PC-DL2:I,1500.0,-1500.0,3,1500.0,-1500.0,I/O Intr
SR19-PC-DL2:SETI,1500.0,-1500.0,3,1500.0,-1500.0,Passive
SR19-PC-DL3:I,1500.0,-1500.0,3,1500.0,-1500.0,I/O Intr
SR19-PC-DL3:SETI,1500.0,-1500.0,3,1500.0,-1500.0,Passive
SR19-PC-DL4:I,1500.0,-1500.0,3,1500.0,-1500.0,I/O Intr
SR19-PC-DL4:SETI,1500.0,-1500.0,3,1500.0,-1500.0,Passive
SR19C-DI-EBPM-01:SA:X,1500.0,-1500.0,3,1500.0,-1500.0,I/O Intr
SR19C-DI-EBPM-01:SA:Y,1500.0,-1500.0,3,1500.0,-1500.0,I/O Intr
SR19C-DI-EBPM-02:SA:X,1500.0,-1500.0,3,1500.0,-1500.0,I/O Intr
SR19C-DI-EBPM-02:SA:Y,1500.0,-1500.0,3,1500.0,-1500.0,I/O Intr
SR19C-DI-EBPM-03:SA:X,1500.0,-1500.0,3,1500.0,-1500.0,I/O Intr
SR19C-DI-EBPM-03:SA:Y,1500.0,-1500.0,3,1500.0,-1500.0,I/O Intr
SR19C-DI-EBPM-04:SA:X,1500.0,-1500.0,3,1500.0,-1500.0,I/O Intr
SR19C-DI-EBPM-04:SA:Y,1500.0,-1500.0,3,1500.0,-1500.0,I/O Intr
SR19C-DI-EBPM-05:SA:X,1500.0,-1500.0,3,1500.0,-1500.0,I/O Intr
SR19C-DI-EBPM-05:SA:Y,1500.0,-1500.0,3,1500.0,-1500.0,I/O Intr
SR19C-DI-EBPM-06:SA:X,1500.0,-1500.0,3,1500.0,-1500.0,I/O Intr
SR19C-DI-EBPM-06:SA:Y,1500.0,-1500.0,3,1500.0,-1500.0,I/O Intr
SR19C-DI-EBPM-07:SA:X,1500.0,-1500.0,3,1500.0,-1500.0,I/O Intr
SR19C-DI-EBPM-07:SA:Y,1500.0,-1500.0,3,1500.0,-1500.0,I/O Intr
SR19C-DI-EBPM-08:SA:X,1500.0,-1500.0,3,1500.0,-1500.0,I/O Intr
SR19C-DI-EBPM-08:SA:Y,1500.0,-1500.0,3,1500.0,-1500.0,I/O Intr
SR19C-DI-EBPM-09:SA:X,1500.0,-1500.0,3,1500.0,-1500.0,I/O Intr
SR19C-DI-EBPM-09:SA:Y,1500.0,-1500.0,3,1500.0,-1500.0,I/O Intr
SR19C-DI-EBPM-10:SA:X,1500.0,-1500.0,3,1500.0,-1500.0,I/O Intr
SR19C-DI-EBPM-10:SA:Y,1500.0,-1500.0,3,1500.0,-1500.0,I/O Intr
SR19MS-PC-ABQ-03:I,1500.0,-1500.0,3,1500.0,-1500.0,I/O Intr
SR19MS-PC-ABQ-03:SETI,1500.0,-1500.0,3,1500.0,-1500.0,Passive
SR19MS-PC-ABQ-04:I,1500.0,-1500.0,3,1500.0,-1500.0,I/O Intr
SR19MS-PC-ABQ-04:SETI,1500.0,-1500.0,3,1500.0,-1500.0,Passive
SR19MS-PC-DQ-02:I,1500.0,-1500.0,3,1500.0,-1500.0,I/O Intr
SR19MS-PC-DQ-02:SETI,1500.0,-1500.0,3,1500.0,-1500.0,Passive
SR19MS-PC-HSTR-08:I,1500.0,-1500.0,3,1500.0,-1500.0,I/O Intr
SR19MS-PC-HSTR-08:SETI,1500.0,-1500.0,3,1500.0,-1500.0,Passive
SR19MS-PC-HSTR-09:I,1500.0,-1500.0,3,1500.0,-1500.0,I/O Intr
SR19MS-PC-HSTR-09:SETI,1500.0,-1500.0,3,1500.0,-1500.0,Passive
SR19MS-PC-HSTR-10:I,1500.0,-1500.0,3,1500.0,-1500.0,I/O Intr
SR19MS-PC-HSTR-10:SETI,1500.0,-1500.0,3,1500.0,-1500.0,Passive
SR19MS-PC-HSTR-12:I,1500.0,-1500.0,3,1500.0,-1500.0,I/O Intr
SR19MS-PC-HSTR-12:SETI,1500.0,-1500.0,3,1500.0,-1500.0,Passive
SR19MS-PC-HSTR-13:I,1500.0,-1500.0,3,1500.0,-1500.0,I/O Intr
SR19MS-PC-HSTR-13:SETI,1500.0,-1500.0,3,1500.0,-1500.0,Passive
SR19MS-PC-HSTR-14:I,1500.0,-1500.0,3,1500.0,-1500.0,I/O Intr
SR19MS-PC-HSTR-14:SETI,1500.0,-1500.0,3,1500.0,-1500.0,Passive
SR19MS-PC-OCT-11:I,1500.0,-1500.0,3,1500.0,-1500.0,I/O Intr
SR19MS-PC-OCT-11:SETI,1500.0,-1500.0,3,1500.0,-1500.0,Passive
SR19MS-PC-QUAD-07:I,1500.0,-1500.0,3,1500.0,-1500.0,I/O Intr
SR19MS-PC-QUAD-07:SETI,1500.0,-1500.0,3,1500.0,-1500.0,Passive
SR19MS-PC-QUAD-08:I,1500.0,-1500.0,3,1500.0,-1500.0,I/O Intr
SR19MS-PC-QUAD-08:SETI,1500.0,-1500.0,3,1500.0,-1500.0,Passive
SR19MS-PC-QUAD-09:I,1500.0,-1500.0,3,1500.0,-1500.0,I/O Intr
SR19MS-PC-QUAD-09:SETI,1500.0,-1500.0,3,1500.0,-1500.0,Passive
SR19MS-PC-QUAD-10:I,1500.0,-1500.0,3,1500.0,-1500.0,I/O Intr
SR19MS-PC-QUAD-10:SETI,1500.0,-1500.0,3,1500.0,-1500.0,Passive
SR19MS-PC-QUAD-11:I,1500.0,-1500.0,3,1500.0,-1500.0,I/O Intr
SR19MS-PC-QUAD-11:SETI,1500.0,-1500.0,3,1500.0,-1500.0,Passive
SR19MS-PC-QUAD-12:I,1500.0,-1500.0,3,1500.0,-1500.0,I/O Intr
SR19MS-PC-QUAD-12:SETI,1500.0,-1500.0,3,1500.0,-1500.0,Passive
SR19MS-PC-SEXT-08:I,1500.0,-1500.0,3,1500.0,-1500.0,I/O Intr
SR19MS-PC-SEXT-08:SETI,1500.0,-1500.0,3,1500.0,-1500.0,Passive
SR19MS-PC-SEXT-09:I,1500.0,-1500.0,3,1500.0,-1500.0,I/O Intr
SR19MS-PC-SEXT-09:SETI,1500.0,-1500.0,3,1500.0,-1500.0,Passive
SR19MS-PC-SEXT-10:I,1500.0,-1500.0,3,1500.0,-1500.0,I/O Intr
SR19MS-PC-SEXT-10:SETI,1500.0,-1500.0,3,1500.0,-1500.0,Passive
SR19MS-PC-SEXT-12:I,1500.0,-1500.0,3,1500.0,-1500.0,I/O Intr
SR19MS-PC-SEXT-12:SETI,1500.0,-1500.0,3,1500.0,-1500.0,Passive
SR19MS-PC-SEXT-13:I,1500.0,-1500.0,3,1500.0,-1500.0,I/O Intr
SR19MS-PC-SEXT-13:SETI,1500.0,-1500.0,3,1500.0,-1500.0,Passive
SR19MS-PC-SEXT-14:I,1500.0,-1500.0,3,1500.0,-1500.0,I/O Intr
SR19MS-PC-SEXT-14:SETI,1500.0,-1500.0,3,1500.0,-1500.0,Passive
SR19MS-PC-SQUAD-08:I,1500.0,-1500.0,3,1500.0,-1500.0,I/O Intr
SR19MS-PC-SQUAD-08:SETI,1500.0,-1500.0,3,1500.0,-1500.0,Passive
SR19MS-PC-SQUAD-09:I,1500.0,-1500.0,3,1500.0,-1500.0,I/O Intr
SR19MS-PC-SQUAD-09:SETI,1500.0,-1500.0,3,1500.0,-1500.0,Passive
SR19MS-PC-SQUAD-10:I,1500.0,-1500.0,3,1500.0,-1500.0,I/O Intr
SR19MS-PC-SQUAD-10:SETI,1500.0,-1500.0,3,1500.0,-1500.0,Passive
SR19MS-PC-SQUAD-12:I,1500.0,-1500.0,3,1500.0,-1500.0,I/O Intr
SR19MS-PC-SQUAD-12:SETI,1500.0,-1500.0,3,1500.0,-1500.0,Passive
SR19MS-PC-SQUAD-13:I,1500.0,-1500.0,3,1500.0,-1500.0,I/O Intr
SR19MS-PC-SQUAD-13:SETI,1500.0,-1500.0,3,1500.0,-1500.0,Passive
SR19MS-PC-SQUAD-14:I,1500.0,-1500.0,3,1500.0,-1500.0,I/O Intr
SR19MS-PC-SQUAD-14:SETI,1500.0,-1500.0,3,1500.0,-1500.0,Passive
SR19MS-PC-VSTR-08:I,1500.0,-1500.0,3,1500.0,-1500.0,I/O Intr
SR19MS-PC-VSTR-08:SETI,1500.0,-1500.0,3,1500.0,-1500.0,Passive
SR19MS-PC-VSTR-09:I,1500.0,-1500.0,3,1500.0,-1500.0,I/O Intr
SR19MS-PC-VSTR-09:SETI,1500.0,-1500.0,3,1500.0,-1500.0,Passive
SR19MS-PC-VSTR-10:I,1500.0,-1500.0,3,1500.0,-1500.0,I/O Intr
SR19MS-PC-VSTR-10:SETI,1500.0,-1500.0,3,1500.0,-1500.0,Passive
SR19MS-PC-VSTR-12:I,1500.0,-1500.0,3,1500.0,-1500.0,I/O Intr
SR19MS-PC-VSTR-12:SETI,1500.0,-1500.0,3,1500.0,-1500.0,Passive
SR19MS-PC-VSTR-13:I,1500.0,-1500.0,3,1500.0,-1500.0,I/O Intr
SR19MS-PC-VSTR-13:SETI,1500.0,-1500.0,3,1500.0,-1500.0,Passive
SR19MS-PC-VSTR-14:I,1500.0,-1500.0,3,1500.0,-1500.0,I/O Intr
SR19MS-PC-VSTR-14:SETI,1500.0,-1500.0,3,1500.0,-1500.0,Passive
SR19SI-PC-HSTR-11:I,1500.0,-1500.0,3,1500.0,-1500.0,I/O Intr
SR19SI-PC-HSTR-11:SETI,1500.0,-1500.0,3,1500.0,-1500.0,Passive
SR19SI-PC-HSTR-12:I,1500.0,-1500.0,3,1500.0,-1500.0,I/O Intr
SR19SI-PC-HSTR-12:SETI,1500.0,-1500.0,3,1500.0,-1500.0,Passive
SR19SI-PC-VSTR-11:I,1500.0,-1500.0,3,1500.0,-1500.0,I/O Intr
SR19SI-PC-VSTR-11:SETI,1500.0,-1500.0,3,1500.0,-1500.0,Passive
SR19SI-PC-VSTR-12:I,1500.0,-1500.0,3,1500.0,-1500.0,I/O Intr
SR19SI-PC-VSTR-12:SETI,1500.0,-1500.0,3,1500.0,-1500.0,Passive
SR19SM-PC-ABQ-01:I,1500.0,-1500.0,3,1500.0,-1500.0,I/O Intr
SR19SM-PC-ABQ-01:SETI,1500.0,-1500.0,3,1500.0,-1500.0,Passive
SR19SM-PC-ABQ-02:I,1500.0,-1500.0,3,1500.0,-1500.0,I/O Intr
SR19SM-PC-ABQ-02:SETI,1500.0,-1500.0,3,1500.0,-1500.0,Passive
SR19SM-PC-DQ-01:I,1500.0,-1500.0,3,1500.0,-1500.0,I/O Intr
SR19SM-PC-DQ-01:SETI,1500.0,-1500.0,3,1500.0,-1500.0,Passive
SR19SM-PC-HSTR-01:I,1500.0,-1500.0,3,1500.0,-1500.0,I/O Intr
SR19SM-PC-HSTR-01:SETI,1500.0,-1500.0,3,1500.0,-1500.0,Passive
SR19SM-PC-HSTR-02:I,1500.0,-1500.0,3,1500.0,-1500.0,I/O Intr
SR19SM-PC-HSTR-02:SETI,1500.0,-1500.0,3,1500.0,-1500.0,Passive
SR19SM-PC-HSTR-03:I,1500.0,-1500.0,3,1500.0,-1500.0,I/O Intr
SR19SM-PC-HSTR-03:SETI,1500.0,-1500.0,3,1500.0,-1500.0,Passive
SR19SM-PC-HSTR-05:I,1500.0,-1500.0,3,1500.0,-1500.0,I/O Intr
SR19SM-PC-HSTR-05:SETI,1500.0,-1500.0,3,1500.0,-1500.0,Passive
SR19SM-PC-HSTR-06:I,1500.0,-1500.0,3,1500.0,-1500.0,I/O Intr
SR19SM-PC-HSTR-06:SETI,1500.0,-1500.0,3,1500.0,-1500.0,Passive
SR19SM-PC-HSTR-07:I,1500.0,-1500.0,3,1500.0,-1500.0,I/O Intr
SR19SM-PC-HSTR-07:SETI,1500.0,-1500.0,3,1500.0,-1500.0,Passive
SR19SM-PC-OCT-04:I,1500.0,-1500.0,3,1500.0,-1500.0,I/O Intr
SR19SM-PC-OCT-04:SETI,1500.0,-1500.0,3,1500.0,-1500.0,Passive
SR19SM-PC-QUAD-01:I,1500.0,-1500.0,3,1500.0,-1500.0,I/O Intr
SR19SM-PC-QUAD-01:SETI,1500.0,-1500.0,3,1500.0,-1500.0,Passive
SR19SM-PC-QUAD-02:I,1500.0,-1500.0,3,1500.0,-1500.0,I/O Intr
SR19SM-PC-QUAD-02:SETI,1500.0,-1500.0,3,1500.0,-1500.0,Passive
SR19SM-PC-QUAD-03:I,1500.0,-1500.0,3,1500.0,-1500.0,I/O Intr
SR19SM-PC-QUAD-03:SETI,1500.0,-1500.0,3,1500.0,-1500.0,Passive
SR19SM-PC-QUAD-04:I,1500.0,-1500.0,3,1500.0,-1500.0,I/O Intr
SR19SM-PC-QUAD-04:SETI,1500.0,-1500.0,3,1500.0,-1500.0,Passive
SR19SM-PC-QUAD-05:I,1500.0,-1500.0,3,1500.0,-1500.0,I/O Intr
SR19SM-PC-QUAD-05:SETI,1500.0,-1500.0,3,1500.0,-1500.0,Passive
SR19SM-PC-QUAD-06:I,1500.0,-1500.0,3,1500.0,-1500.0,I/O Intr
SR19SM-PC-QUAD-06:SETI,1500.0,-1500.0,3,1500.0,-1500.0,Passive
SR19SM-PC-SEXT-01:I,1500.0,-1500.0,3,1500.0,-1500.0,I/O Intr
SR19SM-PC-SEXT-01:SETI,1500.0,-1500.0,3,1500.0,-1500.0,Passive
SR19SM-PC-SEXT-02:I,1500.0,-1500.0,3,1500.0,-1500.0,I/O Intr
SR19SM-PC-SEXT-02:SETI,1500.0,-1500.0,3,1500.0,-1500.0,Passive
SR19SM-PC-SEXT-03:I,1500.0,-1500.0,3,1500.0,-1500.0,I/O Intr
SR19SM-PC-SEXT-03:SETI,1500.0,-1500.0,3,1500.0,-1500.0,Passive
SR19SM-PC-SEXT-05:I,1500.0,-1500.0,3,1500.0,-1500.0,I/O Intr
SR19SM-PC-SEXT-05:SETI,1500.0,-1500.0,3,1500.0,-1500.0,Passive
SR19SM-PC-SEXT-06:I,1500.0,-1500.0,3,1500.0,-1500.0,I/O Intr
SR19SM-PC-SEXT-06:SETI,1500.0,-1500.0,3,1500.0,-1500.0,Passive
SR19SM-PC-SEXT-07:I,1500.0,-1500.0,3,1500.0,-1500.0,I/O Intr
SR19SM-PC-SEXT-07:SETI,1500.0,-1500.0,3,1500.0,-1500.0,Passive
SR19SM-PC-SQUAD-01:I,1500.0,-1500.0,3,1500.0,-1500.0,I/O Intr
SR19SM-PC-SQUAD-01:SETI,1500.0,-1500.0,3,1500.0,-1500.0,Passive
SR19SM-PC-SQUAD-02:I,1500.0,-1500.0,3,1500.0,-1500.0,I/O Intr
SR19SM-PC-SQUAD-02:SETI,1500.0,-1500.0,3,1500.0,-1500.0,Passive
SR19SM-PC-SQUAD-03:I,1500.0,-1500.0,3,1500.0,-1500.0,I/O Intr
SR19SM-PC-SQUAD-03:SETI,1500.0,-1500.0,3,1500.0,-1500.0,Passive
SR19SM-PC-SQUAD-05:I,1500.0,-1500.0,3,1500.0,-1500.0,I/O Intr
SR19SM-PC-SQUAD-05:SETI,1500.0,-1500.0,3,1500.0,-1500.0,Passive
SR19SM-PC-SQUAD-06:I,1500.0,-1500.0,3,1500.0,-1500.0,I/O Intr
SR19SM-PC-SQUAD-06:SETI,1500.0,-1500.0,3,1500.0,-1500.0,Passive
SR19SM-PC-SQUAD-07:I,1500.0,-1500.0,3,1500.0,-1500.0,I/O Intr
SR19SM-PC-SQUAD-07:SETI,1500.0,-1500.0,3,1500.0,-1500.0,Passive
SR19SM-PC-VSTR-01:I,1500.0,-1500.0,3,1500.0,-1500.0,I/O Intr
SR19SM-PC-VSTR-01:SETI,1500.0,-1500.0,3,1500.0,-1500.0,Passive
SR19SM-PC-VSTR-02:I,1500.0,-1500.0,3,1500.0,-1500.0,I/O Intr
SR19SM-PC-VSTR-02:SETI,1500.0,-1500.0,3,1500.0,-1500.0,Passive
SR19SM-PC-VSTR-03:I,1500.0,-1500.0,3,1500.0,-1500.0,I/O Intr
SR19SM-PC-VSTR-03:SETI,1500.0,-1500.0,3,1500.0,-1500.0,Passive
SR19SM-PC-VSTR-05:I,1500.0,-1500.0,3,1500.0,-1500.0,I/O Intr
SR19SM-PC-VSTR-05:SETI,1500.0,-1500.0,3,1500.0,-1500.0,Passive
SR19SM-PC-VSTR-06:I,1500.0,-1500.0,3,1500.0,-1500.0,I/O Intr
SR19SM-PC-VSTR-06:SETI,1500.0,-1500.0,3,1500.0,-1500.0,Passive
SR19SM-PC-VSTR-07:I,1500.0,-1500.0,3,1500.0,-1500.0,I/O Intr
SR19SM-PC-VSTR-07:SETI,1500.0,-1500.0,3,1500.0,-1500.0,Passive
SR20-PC-DL1:I,1500.0,-1500.0,3,1500.0,-1500.0,I/O Intr
SR20-PC-DL1:SETI,1500.0,-1500.0,3,1500.0,-1500.0,Passive
SR20-PC-DL2:I,1500.0,-1500.0,3,1500.0,-1500.0,I/O Intr
SR20-PC-DL2:SETI,1500.0,-1500.0,3,1500.0,-1500.0,Passive
SR20-PC-DL3:I,1500.0,-1500.0,3,1500.0,-1500.0,I/O Intr
SR20-PC-DL3:SETI,1500.0,-1500.0,3,1500.0,-1500.0,Passive
SR20-PC-DL4:I,1500.0,-1500.0,3,1500.0,-1500.0,I/O Intr
SR20-PC-DL4:SETI,1500.0,-1500.0,3,1500.0,-1500.0,Passive
SR20C-DI-EBPM-01:SA:X,1500.0,-1500.0,3,1500.0,-1500.0,I/O Intr
SR20C-DI-EBPM-01:SA:Y,1500.0,-1500.0,3,1500.0,-1500.0,I/O Intr
SR20C-DI-EBPM-02:SA:X,1500.0,-1500.0,3,1500.0,-1500.0,I/O Intr
SR20C-DI-EBPM-02:SA:Y,1500.0,-1500.0,3,1500.0,-1500.0,I/O Intr
SR20C-DI-EBPM-03:SA:X,1500.0,-1500.0,3,1500.0,-1500.0,I/O Intr
SR20C-DI-EBPM-03:SA:Y,1500.0,-1500.0,3,1500.0,-1500.0,I/O Intr
SR20C-DI-EBPM-04:SA:X,1500.0,-1500.0,3,1500.0,-1500.0,I/O Intr
SR20C-DI-EBPM-04:SA:Y,1500.0,-1500.0,3,1500.0,-1500.0,I/O Intr
SR20C-DI-EBPM-05:SA:X,1500.0,-1500.0,3,1500.0,-1500.0,I/O Intr
SR20C-DI-EBPM-05:SA:Y,1500.0,-1500.0,3,1500.0,-1500.0,I/O Intr
SR20C-DI-EBPM-06:SA:X,1500.0,-1500.0,3,1500.0,-1500.0,I/O Intr
SR20C-DI-EBPM-06:SA:Y,1500.0,-1500.0,3,1500.0,-1500.0,I/O Intr
SR20C-DI-EBPM-07:SA:X,1500.0,-1500.0,3,1500.0,-1500.0,I/O Intr
SR20C-DI-EBPM-07:SA:Y,1500.0,-1500.0,3,1500.0,-1500.0,I/O Intr
SR20C-DI-EBPM-08:SA:X,1500.0,-1500.0,3,1500.0,-1500.0,I/O Intr
SR20C-DI-EBPM-08:SA:Y,1500.0,-1500.0,3,1500.0,-1500.0,I/O Intr
SR20C-DI-EBPM-09:SA:X,1500.0,-1500.0,3,1500.0,-1500.0,I/O Intr
SR20C-DI-EBPM-09:SA:Y,1500.0,-1500.0,3,1500.0,-1500.0,I/O Intr
SR20C-DI-EBPM-10:SA:X,1500.0,-1500.0,3,1500.0,-1500.0,I/O Intr
SR20C-DI-EBPM-10:SA:Y,1500.0,-1500.0,3,1500.0,-1500.0,I/O Intr
SR20C-DI-EBPM-11:SA:X,1500.0,-1500.0,3,1500.0,-1500.0,I/O Intr
SR20C-DI-EBPM-11:SA:Y,1500.0,-1500.0,3,1500.0,-1500.0,I/O Intr
SR20ML-PC-ABQ-03:I,1500.0,-1500.0,3,1500.0,-1500.0,I/O Intr
SR20ML-PC-ABQ-03:SETI,1500.0,-1500.0,3,1500.0,-1500.0,Passive
SR20ML-PC-ABQ-04:I,1500.0,-1500.0,3,1500.0,-1500.0,I/O Intr
SR20ML-PC-ABQ-04:SETI,1500.0,-1500.0,3,1500.0,-1500.0,Passive
SR20ML-PC-DQ-02:I,1500.0,-1500.0,3,1500.0,-1500.0,I/O Intr
SR20ML-PC-DQ-02:SETI,1500.0,-1500.0,3,1500.0,-1500.0,Passive
SR20ML-PC-HSTR-08:I,1500.0,-1500.0,3,1500.0,-1500.0,I/O Intr
SR20ML-PC-HSTR-08:SETI,1500.0,-1500.0,3,1500.0,-1500.0,Passive
SR20ML-PC-HSTR-09:I,1500.0,-1500.0,3,1500.0,-1500.0,I/O Intr
SR20ML-PC-HSTR-09:SETI,1500.0,-1500.0,3,1500.0,-1500.0,Passive
SR20ML-PC-HSTR-10:I,1500.0,-1500.0,3,1500.0,-1500.0,I/O Intr
SR20ML-PC-HSTR-10:SETI,1500.0,-1500.0,3,1500.0,-1500.0,Passive
SR20ML-PC-HSTR-13:I,1500.0,-1500.0,3,1500.0,-1500.0,I/O Intr
SR20ML-PC-HSTR-13:SETI,1500.0,-1500.0,3,1500.0,-1500.0,Passive
SR20ML-PC-HSTR-14:I,1500.0,-1500.0,3,1500.0,-1500.0,I/O Intr
SR20ML-PC-HSTR-14:SETI,1500.0,-1500.0,3,1500.0,-1500.0,Passive
SR20ML-PC-HSTR-15:I,1500.0,-1500.0,3,1500.0,-1500.0,I/O Intr
SR20ML-PC-HSTR-15:SETI,1500.0,-1500.0,3,1500.0,-1500.0,Passive
SR20ML-PC-OCT-11:I,1500.0,-1500.0,3,1500.0,-1500.0,I/O Intr
SR20ML-PC-OCT-11:SETI,1500.0,-1500.0,3,1500.0,-1500.0,Passive
SR20ML-PC-OCT-15:I,1500.0,-1500.0,3,1500.0,-1500.0,I/O Intr
SR20ML-PC-OCT-15:SETI,1500.0,-1500.0,3,1500.0,-1500.0,Passive
SR20ML-PC-QUAD-07:I,1500.0,-1500.0,3,1500.0,-1500.0,I/O Intr
SR20ML-PC-QUAD-07:SETI,1500.0,-1500.0,3,1500.0,-1500.0,Passive
SR20ML-PC-QUAD-08:I,1500.0,-1500.0,3,1500.0,-1500.0,I/O Intr
SR20ML-PC-QUAD-08:SETI,1500.0,-1500.0,3,1500.0,-1500.0,Passive
SR20ML-PC-QUAD-09:I,1500.0,-1500.0,3,1500.0,-1500.0,I/O Intr
SR20ML-PC-QUAD-09:SETI,1500.0,-1500.0,3,1500.0,-1500.0,Passive
SR20ML-PC-QUAD-10:I,1500.0,-1500.0,3,1500.0,-1500.0,I/O Intr
SR20ML-PC-QUAD-10:SETI,1500.0,-1500.0,3,1500.0,-1500.0,Passive
SR20ML-PC-QUAD-11:I,1500.0,-1500.0,3,1500.0,-1500.0,I/O Intr
SR20ML-PC-QUAD-11:SETI,1500.0,-1500.0,3,1500.0,-1500.0,Passive
SR20ML-PC-QUAD-12:I,1500.0,-1500.0,3,1500.0,-1500.0,I/O Intr
SR20ML-PC-QUAD-12:SETI,1500.0,-1500.0,3,1500.0,-1500.0,Passive
SR20ML-PC-QUAD-13:I,1500.0,-1500.0,3,1500.0,-1500.0,I/O Intr
SR20ML-PC-QUAD-13:SETI,1500.0,-1500.0,3,1500.0,-1500.0,Passive
SR20ML-PC-SEXT-08:I,1500.0,-1500.0,3,1500.0,-1500.0,I/O Intr
SR20ML-PC-SEXT-08:SETI,1500.0,-1500.0,3,1500.0,-1500.0,Passive
SR20ML-PC-SEXT-09:I,1500.0,-1500.0,3,1500.0,-1500.0,I/O Intr
SR20ML-PC-SEXT-09:SETI,1500.0,-1500.0,3,1500.0,-1500.0,Passive
SR20ML-PC-SEXT-10:I,1500.0,-1500.0,3,1500.0,-1500.0,I/O Intr
SR20ML-PC-SEXT-10:SETI,1500.0,-1500.0,3,1500.0,-1500.0,Passive
SR20ML-PC-SEXT-12:I,1500.0,-1500.0,3,1500.0,-1500.0,I/O Intr
SR20ML-PC-SEXT-12:SETI,1500.0,-1500.0,3,1500.0,-1500.0,Passive
SR20ML-PC-SEXT-13:I,1500.0,-1500.0,3,1500.0,-1500.0,I/O Intr
SR20ML-PC-SEXT-13:SETI,1500.0,-1500.0,3,1500.0,-1500.0,Passive
SR20ML-PC-SEXT-14:I,1500.0,-1500.0,3,1500.0,-1500.0,I/O Intr
SR20ML-PC-SEXT-14:SETI,1500.0,-1500.0,3,1500.0,-1500.0,Passive
SR20ML-PC-SQUAD-08:I,1500.0,-1500.0,3,1500.0,-1500.0,I/O Intr
SR20ML-PC-SQUAD-08:SETI,1500.0,-1500.0,3,1500.0,-1500.0,Passive
SR20ML-PC-SQUAD-09:I,1500.0,-1500.0,3,1500.0,-1500.0,I/O Intr
SR20ML-PC-SQUAD-09:SETI,1500.0,-1500.0,3,1500.0,-1500.0,Passive
SR20ML-PC-SQUAD-10:I,1500.0,-1500.0,3,1500.0,-1500.0,I/O Intr
SR20ML-PC-SQUAD-10:SETI,1500.0,-1500.0,3,1500.0,-1500.0,Passive
SR20ML-PC-SQUAD-12:I,1500.0,-1500.0,3,1500.0,-1500.0,I/O Intr
SR20ML-PC-SQUAD-12:SETI,1500.0,-1500.0,3,1500.0,-1500.0,Passive
SR20ML-PC-SQUAD-13:I,1500.0,-1500.0,3,1500.0,-1500.0,I/O Intr
SR20ML-PC-SQUAD-13:SETI,1500.0,-1500.0,3,1500.0,-1500.0,Passive
SR20ML-PC-SQUAD-14:I,1500.0,-1500.0,3,1500.0,-1500.0,I/O Intr
SR20ML-PC-SQUAD-14:SETI,1500.0,-1500.0,3,1500.0,-1500.0,Passive
SR20ML-PC-VSTR-08:I,1500.0,-1500.0,3,1500.0,-1500.0,I/O Intr
SR20ML-PC-VSTR-08:SETI,1500.0,-1500.0,3,1500.0,-1500.0,Passive
SR20ML-PC-VSTR-09:I,1500.0,-1500.0,3,1500.0,-1500.0,I/O Intr
SR20ML-PC-VSTR-09:SETI,1500.0,-1500.0,3,1500.0,-1500.0,Passive
SR20ML-PC-VSTR-10:I,1500.0,-1500.0,3,1500.0,-1500.0,I/O Intr
SR20ML-PC-VSTR-10:SETI,1500.0,-1500.0,3,1500.0,-1500.0,Passive
SR20ML-PC-VSTR-13:I,1500.0,-1500.0,3,1500.0,-1500.0,I/O Intr
SR20ML-PC-VSTR-13:SETI,1500.0,-1500.0,3,1500.0,-1500.0,Passive
SR20ML-PC-VSTR-14:I,1500.0,-1500.0,3,1500.0,-1500.0,I/O Intr
SR20ML-PC-VSTR-14:SETI,1500.0,-1500.0,3,1500.0,-1500.0,Passive
SR20ML-PC-VSTR-15:I,1500.0,-1500.0,3,1500.0,-1500.0,I/O Intr
SR20ML-PC-VSTR-15:SETI,1500.0,-1500.0,3,1500.0,-1500.0,Passive
SR20SI-PC-HSTR-11:I,1500.0,-1500.0,3,1500.0,-1500.0,I/O Intr
SR20SI-PC-HSTR-11:SETI,1500.0,-1500.0,3,1500.0,-1500.0,Passive
SR20SI-PC-HSTR-12:I,1500.0,-1500.0,3,1500.0,-1500.0,I/O Intr
SR20SI-PC-HSTR-12:SETI,1500.0,-1500.0,3,1500.0,-1500.0,Passive
SR20SI-PC-VSTR-11:I,1500.0,-1500.0,3,1500.0,-1500.0,I/O Intr
SR20SI-PC-VSTR-11:SETI,1500.0,-1500.0,3,1500.0,-1500.0,Passive
SR20SI-PC-VSTR-12:I,1500.0,-1500.0,3,1500.0,-1500.0,I/O Intr
SR20SI-PC-VSTR-12:SETI,1500.0,-1500.0,3,1500.0,-1500.0,Passive
SR20SM-PC-ABQ-01:I,1500.0,-1500.0,3,1500.0,-1500.0,I/O Intr
SR20SM-PC-ABQ-01:SETI,1500.0,-1500.0,3,1500.0,-1500.0,Passive
SR20SM-PC-ABQ-02:I,1500.0,-1500.0,3,1500.0,-1500.0,I/O Intr
SR20SM-PC-ABQ-02:SETI,1500.0,-1500.0,3,1500.0,-1500.0,Passive
SR20SM-PC-DQ-01:I,1500.0,-1500.0,3,1500.0,-1500.0,I/O Intr
SR20SM-PC-DQ-01:SETI,1500.0,-1500.0,3,1500.0,-1500.0,Passive
SR20SM-PC-HSTR-01:I,1500.0,-1500.0,3,1500.0,-1500.0,I/O Intr
SR20SM-PC-HSTR-01:SETI,1500.0,-1500.0,3,1500.0,-1500.0,Passive
SR20SM-PC-HSTR-02:I,1500.0,-1500.0,3,1500.0,-1500.0,I/O Intr
SR20SM-PC-HSTR-02:SETI,1500.0,-1500.0,3,1500.0,-1500.0,Passive
SR20SM-PC-HSTR-03:I,1500.0,-1500.0,3,1500.0,-1500.0,I/O Intr
SR20SM-PC-HSTR-03:SETI,1500.0,-1500.0,3,1500.0,-1500.0,Passive
SR20SM-PC-HSTR-05:I,1500.0,-1500.0,3,1500.0,-1500.0,I/O Intr
SR20SM-PC-HSTR-05:SETI,1500.0,-1500.0,3,1500.0,-1500.0,Passive
SR20SM-PC-HSTR-06:I,1500.0,-1500.0,3,1500.0,-1500.0,I/O Intr
SR20SM-PC-HSTR-06:SETI,1500.0,-1500.0,3,1500.0,-1500.0,Passive
SR20SM-PC-HSTR-07:I,1500.0,-1500.0,3,1500.0,-1500.0,I/O Intr
SR20SM-PC-HSTR-07:SETI,1500.0,-1500.0,3,1500.0,-1500.0,Passive
SR20SM-PC-OCT-04:I,1500.0,-1500.0,3,1500.0,-1500.0,I/O Intr
SR20SM-PC-OCT-04:SETI,1500.0,-1500.0,3,1500.0,-1500.0,Passive
SR20SM-PC-QUAD-01:I,1500.0,-1500.0,3,1500.0,-1500.0,I/O Intr
SR20SM-PC-QUAD-01:SETI,1500.0,-1500.0,3,1500.0,-1500.0,Passive
SR20SM-PC-QUAD-02:I,1500.0,-1500.0,3,1500.0,-1500.0,I/O Intr
SR20SM-PC-QUAD-02:SETI,1500.0,-1500.0,3,1500.0,-1500.0,Passive
SR20SM-PC-QUAD-03:I,1500.0,-1500.0,3,1500.0,-1500.0,I/O Intr
SR20SM-PC-QUAD-03:SETI,1500.0,-1500.0,3,1500.0,-1500.0,Passive
SR20SM-PC-QUAD-04:I,1500.0,-1500.0,3,1500.0,-1500.0,I/O Intr
SR20SM-PC-QUAD-04:SETI,1500.0,-1500.0,3,1500.0,-1500.0,Passive
SR20SM-PC-QUAD-05:I,1500.0,-1500.0,3,1500.0,-1500.0,I/O Intr
SR20SM-PC-QUAD-05:SETI,1500.0,-1500.0,3,1500.0,-1500.0,Passive
SR20SM-PC-QUAD-06:I,1500.0,-1500.0,3,1500.0,-1500.0,I/O Intr
SR20SM-PC-QUAD-06:SETI,1500.0,-1500.0,3,1500.0,-1500.0,Passive
SR20SM-PC-SEXT-01:I,1500.0,-1500.0,3,1500.0,-1500.0,I/O Intr
SR20SM-PC-SEXT-01:SETI,1500.0,-1500.0,3,1500.0,-1500.0,Passive
SR20SM-PC-SEXT-02:I,1500.0,-1500.0,3,1500.0,-1500.0,I/O Intr
SR20SM-PC-SEXT-02:SETI,1500.0,-1500.0,3,1500.0,-1500.0,Passive
SR20SM-PC-SEXT-03:I,1500.0,-1500.0,3,1500.0,-1500.0,I/O Intr
SR20SM-PC-SEXT-03:SETI,1500.0,-1500.0,3,1500.0,-1500.0,Passive
SR20SM-PC-SEXT-05:I,1500.0,-1500.0,3,1500.0,-1500.0,I/O Intr
SR20SM-PC-SEXT-05:SETI,1500.0,-1500.0,3,1500.0,-1500.0,Passive
SR20SM-PC-SEXT-06:I,1500.0,-1500.0,3,1500.0,-1500.0,I/O Intr
SR20SM-PC-SEXT-06:SETI,1500.0,-1500.0,3,1500.0,-1500.0,Passive
SR20SM-PC-SEXT-07:I,1500.0,-1500.0,3,1500.0,-1500.0,I/O Intr
SR20SM-PC-SEXT-07:SETI,1500.0,-1500.0,3,1500.0,-1500.0,Passive
SR20SM-PC-SQUAD-01:I,1500.0,-1500.0,3,1500.0,-1500.0,I/O Intr
SR20SM-PC-SQUAD-01:SETI,1500.0,-1500.0,3,1500.0,-1500.0,Passive
SR20SM-PC-SQUAD-02:I,1500.0,-1500.0,3,1500.0,-1500.0,I/O Intr
SR20SM-PC-SQUAD-02:SETI,1500.0,-1500.0,3,1500.0,-1500.0,Passive
SR20SM-PC-SQUAD-03:I,1500.0,-1500.0,3,1500.0,-1500.0,I/O Intr
SR20SM-PC-SQUAD-03:SETI,1500.0,-1500.0,3,1500.0,-1500.0,Passive
SR20SM-PC-SQUAD-05:I,1500.0,-1500.0,3,1500.0,-1500.0,I/O Intr
SR20SM-PC-SQUAD-05:SETI,1500.0,-1500.0,3,1500.0,-1500.0,Passive
SR20SM-PC-SQUAD-06:I,1500.0,-1500.0,3,1500.0,-1500.0,I/O Intr
SR20SM-PC-SQUAD-06:SETI,1500.0,-1500.0,3,1500.0,-1500.0,Passive
SR20SM-PC-SQUAD-07:I,1500.0,-1500.0,3,1500.0,-1500.0,I/O Intr
SR20SM-PC-SQUAD-07:SETI,1500.0,-1500.0,3,1500.0,-1500.0,Passive
SR20SM-PC-VSTR-01:I,1500.0,-1500.0,3,1500.0,-1500.0,I/O Intr
SR20SM-PC-VSTR-01:SETI,1500.0,-1500.0,3,1500.0,-1500.0,Passive
SR20SM-PC-VSTR-02:I,1500.0,-1500.0,3,1500.0,-1500.0,I/O Intr
SR20SM-PC-VSTR-02:SETI,1500.0,-1500.0,3,1500.0,-1500.0,Passive
SR20SM-PC-VSTR-03:I,1500.0,-1500.0,3,1500.0,-1500.0,I/O Intr
SR20SM-PC-VSTR-03:SETI,1500.0,-1500.0,3,1500.0,-1500.0,Passive
SR20SM-PC-VSTR-05:I,1500.0,-1500.0,3,1500.0,-1500.0,I/O Intr
SR20SM-PC-VSTR-05:SETI,1500.0,-1500.0,3,1500.0,-1500.0,Passive
SR20SM-PC-VSTR-06:I,1500.0,-1500.0,3,1500.0,-1500.0,I/O Intr
SR20SM-PC-VSTR-06:SETI,1500.0,-1500.0,3,1500.0,-1500.0,Passive
SR20SM-PC-VSTR-07:I,1500.0,-1500.0,3,1500.0,-1500.0,I/O Intr
SR20SM-PC-VSTR-07:SETI,1500.0,-1500.0,3,1500.0,-1500.0,Passive
SR21-PC-DL1:I,1500.0,-1500.0,3,1500.0,-1500.0,I/O Intr
SR21-PC-DL1:SETI,1500.0,-1500.0,3,1500.0,-1500.0,Passive
SR21-PC-DL2:I,1500.0,-1500.0,3,1500.0,-1500.0,I/O Intr
SR21-PC-DL2:SETI,1500.0,-1500.0,3,1500.0,-1500.0,Passive
SR21-PC-DL3:I,1500.0,-1500.0,3,1500.0,-1500.0,I/O Intr
SR21-PC-DL3:SETI,1500.0,-1500.0,3,1500.0,-1500.0,Passive
SR21-PC-DL4:I,1500.0,-1500.0,3,1500.0,-1500.0,I/O Intr
SR21-PC-DL4:SETI,1500.0,-1500.0,3,1500.0,-1500.0,Passive
SR21C-DI-EBPM-00:SA:X,1500.0,-1500.0,3,1500.0,-1500.0,I/O Intr
SR21C-DI-EBPM-00:SA:Y,1500.0,-1500.0,3,1500.0,-1500.0,I/O Intr
SR21C-DI-EBPM-01:SA:X,1500.0,-1500.0,3,1500.0,-1500.0,I/O Intr
SR21C-DI-EBPM-01:SA:Y,1500.0,-1500.0,3,1500.0,-1500.0,I/O Intr
SR21C-DI-EBPM-02:SA:X,1500.0,-1500.0,3,1500.0,-1500.0,I/O Intr
SR21C-DI-EBPM-02:SA:Y,1500.0,-1500.0,3,1500.0,-1500.0,I/O Intr
SR21C-DI-EBPM-03:SA:X,1500.0,-1500.0,3,1500.0,-1500.0,I/O Intr
SR21C-DI-EBPM-03:SA:Y,1500.0,-1500.0,3,1500.0,-1500.0,I/O Intr
SR21C-DI-EBPM-04:SA:X,1500.0,-1500.0,3,1500.0,-1500.0,I/O Intr
SR21C-DI-EBPM-04:SA:Y,1500.0,-1500.0,3,1500.0,-1500.0,I/O Intr
SR21C-DI-EBPM-05:SA:X,1500.0,-1500.0,3,1500.0,-1500.0,I/O Intr
SR21C-DI-EBPM-05:SA:Y,1500.0,-1500.0,3,1500.0,-1500.0,I/O Intr
SR21C-DI-EBPM-06:SA:X,1500.0,-1500.0,3,1500.0,-1500.0,I/O Intr
SR21C-DI-EBPM-06:SA:Y,1500.0,-1500.0,3,1500.0,-1500.0,I/O Intr
SR21C-DI-EBPM-07:SA:X,1500.0,-1500.0,3,1500.0,-1500.0,I/O Intr
SR21C-DI-EBPM-07:SA:Y,1500.0,-1500.0,3,1500.0,-1500.0,I/O Intr
SR21C-DI-EBPM-08:SA:X,1500.0,-1500.0,3,1500.0,-1500.0,I/O Intr
SR21C-DI-EBPM-08:SA:Y,1500.0,-1500.0,3,1500.0,-1500.0,I/O Intr
SR21C-DI-EBPM-09:SA:X,1500.0,-1500.0,3,1500.0,-1500.0,I/O Intr
SR21C-DI-EBPM-09:SA:Y,1500.0,-1500.0,3,1500.0,-1500.0,I/O Intr
SR21C-DI-EBPM-10:SA:X,1500.0,-1500.0,3,1500.0,-1500.0,I/O Intr
SR21C-DI-EBPM-10:SA:Y,1500.0,-1500.0,3,1500.0,-1500.0,I/O Intr
SR21LM-PC-ABQ-01:I,1500.0,-1500.0,3,1500.0,-1500.0,I/O Intr
SR21LM-PC-ABQ-01:SETI,1500.0,-1500.0,3,1500.0,-1500.0,Passive
SR21LM-PC-ABQ-02:I,1500.0,-1500.0,3,1500.0,-1500.0,I/O Intr
SR21LM-PC-ABQ-02:SETI,1500.0,-1500.0,3,1500.0,-1500.0,Passive
SR21LM-PC-DQ-01:I,1500.0,-1500.0,3,1500.0,-1500.0,I/O Intr
SR21LM-PC-DQ-01:SETI,1500.0,-1500.0,3,1500.0,-1500.0,Passive
SR21LM-PC-HSTR-00:I,1500.0,-1500.0,3,1500.0,-1500.0,I/O Intr
SR21LM-PC-HSTR-00:SETI,1500.0,-1500.0,3,1500.0,-1500.0,Passive
SR21LM-PC-HSTR-01:I,1500.0,-1500.0,3,1500.0,-1500.0,I/O Intr
SR21LM-PC-HSTR-01:SETI,1500.0,-1500.0,3,1500.0,-1500.0,Passive
SR21LM-PC-HSTR-02:I,1500.0,-1500.0,3,1500.0,-1500.0,I/O Intr
SR21LM-PC-HSTR-02:SETI,1500.0,-1500.0,3,1500.0,-1500.0,Passive
SR21LM-PC-HSTR-03:I,1500.0,-1500.0,3,1500.0,-1500.0,I/O Intr
SR21LM-PC-HSTR-03:SETI,1500.0,-1500.0,3,1500.0,-1500.0,Passive
SR21LM-PC-HSTR-05:I,1500.0,-1500.0,3,1500.0,-1500.0,I/O Intr
SR21LM-PC-HSTR-05:SETI,1500.0,-1500.0,3,1500.0,-1500.0,Passive
SR21LM-PC-HSTR-06:I,1500.0,-1500.0,3,1500.0,-1500.0,I/O Intr
SR21LM-PC-HSTR-06:SETI,1500.0,-1500.0,3,1500.0,-1500.0,Passive
SR21LM-PC-HSTR-07:I,1500.0,-1500.0,3,1500.0,-1500.0,I/O Intr
SR21LM-PC-HSTR-07:SETI,1500.0,-1500.0,3,1500.0,-1500.0,Passive
SR21LM-PC-OCT-00:I,1500.0,-1500.0,3,1500.0,-1500.0,I/O Intr
SR21LM-PC-OCT-00:SETI,1500.0,-1500.0,3,1500.0,-1500.0,Passive
SR21LM-PC-OCT-04:I,1500.0,-1500.0,3,1500.0,-1500.0,I/O Intr
SR21LM-PC-OCT-04:SETI,1500.0,-1500.0,3,1500.0,-1500.0,Passive
SR21LM-PC-QUAD-00:I,1500.0,-1500.0,3,1500.0,-1500.0,I/O Intr
SR21LM-PC-QUAD-00:SETI,1500.0,-1500.0,3,1500.0,-1500.0,Passive
SR21LM-PC-QUAD-01:I,1500.0,-1500.0,3,1500.0,-1500.0,I/O Intr
SR21LM-PC-QUAD-01:SETI,1500.0,-1500.0,3,1500.0,-1500.0,Passive
SR21LM-PC-QUAD-02:I,1500.0,-1500.0,3,1500.0,-1500.0,I/O Intr
SR21LM-PC-QUAD-02:SETI,1500.0,-1500.0,3,1500.0,-1500.0,Passive
SR21LM-PC-QUAD-03:I,1500.0,-1500.0,3,1500.0,-1500.0,I/O Intr
SR21LM-PC-QUAD-03:SETI,1500.0,-1500.0,3,1500.0,-1500.0,Passive
SR21LM-PC-QUAD-04:I,1500.0,-1500.0,3,1500.0,-1500.0,I/O Intr
SR21LM-PC-QUAD-04:SETI,1500.0,-1500.0,3,1500.0,-1500.0,Passive
SR21LM-PC-QUAD-05:I,1500.0,-1500.0,3,1500.0,-1500.0,I/O Intr
SR21LM-PC-QUAD-05:SETI,1500.0,-1500.0,3,1500.0,-1500.0,Passive
SR21LM-PC-QUAD-06:I,1500.0,-1500.0,3,1500.0,-1500.0,I/O Intr
SR21LM-PC-QUAD-06:SETI,1500.0,-1500.0,3,1500.0,-1500.0,Passive
SR21LM-PC-SEXT-01:I,1500.0,-1500.0,3,1500.0,-1500.0,I/O Intr
SR21LM-PC-SEXT-01:SETI,1500.0,-1500.0,3,1500.0,-1500.0,Passive
SR21LM-PC-SEXT-02:I,1500.0,-1500.0,3,1500.0,-1500.0,I/O Intr
SR21LM-PC-SEXT-02:SETI,1500.0,-1500.0,3,1500.0,-1500.0,Passive
SR21LM-PC-SEXT-03:I,1500.0,-1500.0,3,1500.0,-1500.0,I/O Intr
SR21LM-PC-SEXT-03:SETI,1500.0,-1500.0,3,1500.0,-1500.0,Passive
SR21LM-PC-SEXT-05:I,1500.0,-1500.0,3,1500.0,-1500.0,I/O Intr
SR21LM-PC-SEXT-05:SETI,1500.0,-1500.0,3,1500.0,-1500.0,Passive
SR21LM-PC-SEXT-06:I,1500.0,-1500.0,3,1500.0,-1500.0,I/O Intr
SR21LM-PC-SEXT-06:SETI,1500.0,-1500.0,3,1500.0,-1500.0,Passive
SR21LM-PC-SEXT-07:I,1500.0,-1500.0,3,1500.0,-1500.0,I/O Intr
SR21LM-PC-SEXT-07:SETI,1500.0,-1500.0,3,1500.0,-1500.0,Passive
SR21LM-PC-SQUAD-01:I,1500.0,-1500.0,3,1500.0,-1500.0,I/O Intr
SR21LM-PC-SQUAD-01:SETI,1500.0,-1500.0,3,1500.0,-1500.0,Passive
SR21LM-PC-SQUAD-02:I,1500.0,-1500.0,3,1500.0,-1500.0,I/O Intr
SR21LM-PC-SQUAD-02:SETI,1500.0,-1500.0,3,1500.0,-1500.0,Passive
SR21LM-PC-SQUAD-03:I,1500.0,-1500.0,3,1500.0,-1500.0,I/O Intr
SR21LM-PC-SQUAD-03:SETI,1500.0,-1500.0,3,1500.0,-1500.0,Passive
SR21LM-PC-SQUAD-05:I,1500.0,-1500.0,3,1500.0,-1500.0,I/O Intr
SR21LM-PC-SQUAD-05:SETI,1500.0,-1500.0,3,1500.0,-1500.0,Passive
SR21LM-PC-SQUAD-06:I,1500.0,-1500.0,3,1500.0,-1500.0,I/O Intr
SR21LM-PC-SQUAD-06:SETI,1500.0,-1500.0,3,1500.0,-1500.0,Passive
SR21LM-PC-SQUAD-07:I,1500.0,-1500.0,3,1500.0,-1500.0,I/O Intr
SR21LM-PC-SQUAD-07:SETI,1500.0,-1500.0,3,1500.0,-1500.0,Passive
SR21LM-PC-VSTR-00:I,1500.0,-1500.0,3,1500.0,-1500.0,I/O Intr
SR21LM-PC-VSTR-00:SETI,1500.0,-1500.0,3,1500.0,-1500.0,Passive
SR21LM-PC-VSTR-01:I,1500.0,-1500.0,3,1500.0,-1500.0,I/O Intr
SR21LM-PC-VSTR-01:SETI,1500.0,-1500.0,3,1500.0,-1500.0,Passive
SR21LM-PC-VSTR-02:I,1500.0,-1500.0,3,1500.0,-1500.0,I/O Intr
SR21LM-PC-VSTR-02:SETI,1500.0,-1500.0,3,1500.0,-1500.0,Passive
SR21LM-PC-VSTR-03:I,1500.0,-1500.0,3,1500.0,-1500.0,I/O Intr
SR21LM-PC-VSTR-03:SETI,1500.0,-1500.0,3,1500.0,-1500.0,Passive
SR21LM-PC-VSTR-05:I,1500.0,-1500.0,3,1500.0,-1500.0,I/O Intr
SR21LM-PC-VSTR-05:SETI,1500.0,-1500.0,3,1500.0,-1500.0,Passive
SR21LM-PC-VSTR-06:I,1500.0,-1500.0,3,1500.0,-1500.0,I/O Intr
SR21LM-PC-VSTR-06:SETI,1500.0,-1500.0,3,1500.0,-1500.0,Passive
SR21LM-PC-VSTR-07:I,1500.0,-1500.0,3,1500.0,-1500.0,I/O Intr
SR21LM-PC-VSTR-07:SETI,1500.0,-1500.0,3,1500.0,-1500.0,Passive
SR21MS-PC-ABQ-03:I,1500.0,-1500.0,3,1500.0,-1500.0,I/O Intr
SR21MS-PC-ABQ-03:SETI,1500.0,-1500.0,3,1500.0,-1500.0,Passive
SR21MS-PC-ABQ-04:I,1500.0,-1500.0,3,1500.0,-1500.0,I/O Intr
SR21MS-PC-ABQ-04:SETI,1500.0,-1500.0,3,1500.0,-1500.0,Passive
SR21MS-PC-DQ-02:I,1500.0,-1500.0,3,1500.0,-1500.0,I/O Intr
SR21MS-PC-DQ-02:SETI,1500.0,-1500.0,3,1500.0,-1500.0,Passive
SR21MS-PC-HSTR-08:I,1500.0,-1500.0,3,1500.0,-1500.0,I/O Intr
SR21MS-PC-HSTR-08:SETI,1500.0,-1500.0,3,1500.0,-1500.0,Passive
SR21MS-PC-HSTR-09:I,1500.0,-1500.0,3,1500.0,-1500.0,I/O Intr
SR21MS-PC-HSTR-09:SETI,1500.0,-1500.0,3,1500.0,-1500.0,Passive
SR21MS-PC-HSTR-10:I,1500.0,-1500.0,3,1500.0,-1500.0,I/O Intr
SR21MS-PC-HSTR-10:SETI,1500.0,-1500.0,3,1500.0,-1500.0,Passive
SR21MS-PC-HSTR-13:I,1500.0,-1500.0,3,1500.0,-1500.0,I/O Intr
SR21MS-PC-HSTR-13:SETI,1500.0,-1500.0,3,1500.0,-1500.0,Passive
SR21MS-PC-HSTR-14:I,1500.0,-1500.0,3,1500.0,-1500.0,I/O Intr
SR21MS-PC-HSTR-14:SETI,1500.0,-1500.0,3,1500.0,-1500.0,Passive
SR21MS-PC-OCT-11:I,1500.0,-1500.0,3,1500.0,-1500.0,I/O Intr
SR21MS-PC-OCT-11:SETI,1500.0,-1500.0,3,1500.0,-1500.0,Passive
SR21MS-PC-QUAD-07:I,1500.0,-1500.0,3,1500.0,-1500.0,I/O Intr
SR21MS-PC-QUAD-07:SETI,1500.0,-1500.0,3,1500.0,-1500.0,Passive
SR21MS-PC-QUAD-08:I,1500.0,-1500.0,3,1500.0,-1500.0,I/O Intr
SR21MS-PC-QUAD-08:SETI,1500.0,-1500.0,3,1500.0,-1500.0,Passive
SR21MS-PC-QUAD-09:I,1500.0,-1500.0,3,1500.0,-1500.0,I/O Intr
SR21MS-PC-QUAD-09:SETI,1500.0,-1500.0,3,1500.0,-1500.0,Passive
SR21MS-PC-QUAD-10:I,1500.0,-1500.0,3,1500.0,-1500.0,I/O Intr
SR21MS-PC-QUAD-10:SETI,1500.0,-1500.0,3,1500.0,-1500.0,Passive
SR21MS-PC-QUAD-11:I,1500.0,-1500.0,3,1500.0,-1500.0,I/O Intr
SR21MS-PC-QUAD-11:SETI,1500.0,-1500.0,3,1500.0,-1500.0,Passive
SR21MS-PC-QUAD-12:I,1500.0,-1500.0,3,1500.0,-1500.0,I/O Intr
SR21MS-PC-QUAD-12:SETI,1500.0,-1500.0,3,1500.0,-1500.0,Passive
SR21MS-PC-SEXT-08:I,1500.0,-1500.0,3,1500.0,-1500.0,I/O Intr
SR21MS-PC-SEXT-08:SETI,1500.0,-1500.0,3,1500.0,-1500.0,Passive
SR21MS-PC-SEXT-09:I,1500.0,-1500.0,3,1500.0,-1500.0,I/O Intr
SR21MS-PC-SEXT-09:SETI,1500.0,-1500.0,3,1500.0,-1500.0,Passive
SR21MS-PC-SEXT-10:I,1500.0,-1500.0,3,1500.0,-1500.0,I/O Intr
SR21MS-PC-SEXT-10:SETI,1500.0,-1500.0,3,1500.0,-1500.0,Passive
SR21MS-PC-SEXT-12:I,1500.0,-1500.0,3,1500.0,-1500.0,I/O Intr
SR21MS-PC-SEXT-12:SETI,1500.0,-1500.0,3,1500.0,-1500.0,Passive
SR21MS-PC-SEXT-13:I,1500.0,-1500.0,3,1500.0,-1500.0,I/O Intr
SR21MS-PC-SEXT-13:SETI,1500.0,-1500.0,3,1500.0,-1500.0,Passive
SR21MS-PC-SEXT-14:I,1500.0,-1500.0,3,1500.0,-1500.0,I/O Intr
SR21MS-PC-SEXT-14:SETI,1500.0,-1500.0,3,1500.0,-1500.0,Passive
SR21MS-PC-SQUAD-08:I,1500.0,-1500.0,3,1500.0,-1500.0,I/O Intr
SR21MS-PC-SQUAD-08:SETI,1500.0,-1500.0,3,1500.0,-1500.0,Passive
SR21MS-PC-SQUAD-09:I,1500.0,-1500.0,3,1500.0,-1500.0,I/O Intr
SR21MS-PC-SQUAD-09:SETI,1500.0,-1500.0,3,1500.0,-1500.0,Passive
SR21MS-PC-SQUAD-10:I,1500.0,-1500.0,3,1500.0,-1500.0,I/O Intr
SR21MS-PC-SQUAD-10:SETI,1500.0,-1500.0,3,1500.0,-1500.0,Passive
SR21MS-PC-SQUAD-12:I,1500.0,-1500.0,3,1500.0,-1500.0,I/O Intr
SR21MS-PC-SQUAD-12:SETI,1500.0,-1500.0,3,1500.0,-1500.0,Passive
SR21MS-PC-SQUAD-13:I,1500.0,-1500.0,3,1500.0,-1500.0,I/O Intr
SR21MS-PC-SQUAD-13:SETI,1500.0,-1500.0,3,1500.0,-1500.0,Passive
SR21MS-PC-SQUAD-14:I,1500.0,-1500.0,3,1500.0,-1500.0,I/O Intr
SR21MS-PC-SQUAD-14:SETI,1500.0,-1500.0,3,1500.0,-1500.0,Passive
SR21MS-PC-VSTR-08:I,1500.0,-1500.0,3,1500.0,-1500.0,I/O Intr
SR21MS-PC-VSTR-08:SETI,1500.0,-1500.0,3,1500.0,-1500.0,Passive
SR21MS-PC-VSTR-09:I,1500.0,-1500.0,3,1500.0,-1500.0,I/O Intr
SR21MS-PC-VSTR-09:SETI,1500.0,-1500.0,3,1500.0,-1500.0,Passive
SR21MS-PC-VSTR-10:I,1500.0,-1500.0,3,1500.0,-1500.0,I/O Intr
SR21MS-PC-VSTR-10:SETI,1500.0,-1500.0,3,1500.0,-1500.0,Passive
SR21MS-PC-VSTR-13:I,1500.0,-1500.0,3,1500.0,-1500.0,I/O Intr
SR21MS-PC-VSTR-13:SETI,1500.0,-1500.0,3,1500.0,-1500.0,Passive
SR21MS-PC-VSTR-14:I,1500.0,-1500.0,3,1500.0,-1500.0,I/O Intr
SR21MS-PC-VSTR-14:SETI,1500.0,-1500.0,3,1500.0,-1500.0,Passive
SR21SI-PC-HSTR-11:I,1500.0,-1500.0,3,1500.0,-1500.0,I/O Intr
SR21SI-PC-HSTR-11:SETI,1500.0,-1500.0,3,1500.0,-1500.0,Passive
SR21SI-PC-HSTR-12:I,1500.0,-1500.0,3,1500.0,-1500.0,I/O Intr
SR21SI-PC-HSTR-12:SETI,1500.0,-1500.0,3,1500.0,-1500.0,Passive
SR21SI-PC-VSTR-11:I,1500.0,-1500.0,3,1500.0,-1500.0,I/O Intr
SR21SI-PC-VSTR-11:SETI,1500.0,-1500.0,3,1500.0,-1500.0,Passive
SR21SI-PC-VSTR-12:I,1500.0,-1500.0,3,1500.0,-1500.0,I/O Intr
SR21SI-PC-VSTR-12:SETI,1500.0,-1500.0,3,1500.0,-1500.0,Passive
SR21SK-PC-HSTR-11:I,1500.0,-1500.0,3,1500.0,-1500.0,I/O Intr
SR21SK-PC-HSTR-11:SETI,1500.0,-1500.0,3,1500.0,-1500.0,Passive
SR21SK-PC-HSTR-12:I,1500.0,-1500.0,3,1500.0,-1500.0,I/O Intr
SR21SK-PC-HSTR-12:SETI,1500.0,-1500.0,3,1500.0,-1500.0,Passive
SR21SK-PC-VSTR-11:I,1500.0,-1500.0,3,1500.0,-1500.0,I/O Intr
SR21SK-PC-VSTR-11:SETI,1500.0,-1500.0,3,1500.0,-1500.0,Passive
SR21SK-PC-VSTR-12:I,1500.0,-1500.0,3,1500.0,-1500.0,I/O Intr
SR21SK-PC-VSTR-12:SETI,1500.0,-1500.0,3,1500.0,-1500.0,Passive
SR22-PC-DL1:I,1500.0,-1500.0,3,1500.0,-1500.0,I/O Intr
SR22-PC-DL1:SETI,1500.0,-1500.0,3,1500.0,-1500.0,Passive
SR22-PC-DL2:I,1500.0,-1500.0,3,1500.0,-1500.0,I/O Intr
SR22-PC-DL2:SETI,1500.0,-1500.0,3,1500.0,-1500.0,Passive
SR22-PC-DL3:I,1500.0,-1500.0,3,1500.0,-1500.0,I/O Intr
SR22-PC-DL3:SETI,1500.0,-1500.0,3,1500.0,-1500.0,Passive
SR22-PC-DL4:I,1500.0,-1500.0,3,1500.0,-1500.0,I/O Intr
SR22-PC-DL4:SETI,1500.0,-1500.0,3,1500.0,-1500.0,Passive
SR22C-DI-EBPM-01:SA:X,1500.0,-1500.0,3,1500.0,-1500.0,I/O Intr
SR22C-DI-EBPM-01:SA:Y,1500.0,-1500.0,3,1500.0,-1500.0,I/O Intr
SR22C-DI-EBPM-02:SA:X,1500.0,-1500.0,3,1500.0,-1500.0,I/O Intr
SR22C-DI-EBPM-02:SA:Y,1500.0,-1500.0,3,1500.0,-1500.0,I/O Intr
SR22C-DI-EBPM-03:SA:X,1500.0,-1500.0,3,1500.0,-1500.0,I/O Intr
SR22C-DI-EBPM-03:SA:Y,1500.0,-1500.0,3,1500.0,-1500.0,I/O Intr
SR22C-DI-EBPM-04:SA:X,1500.0,-1500.0,3,1500.0,-1500.0,I/O Intr
SR22C-DI-EBPM-04:SA:Y,1500.0,-1500.0,3,1500.0,-1500.0,I/O Intr
SR22C-DI-EBPM-05:SA:X,1500.0,-1500.0,3,1500.0,-1500.0,I/O Intr
SR22C-DI-EBPM-05:SA:Y,1500.0,-1500.0,3,1500.0,-1500.0,I/O Intr
SR22C-DI-EBPM-06:SA:X,1500.0,-1500.0,3,1500.0,-1500.0,I/O Intr
SR22C-DI-EBPM-06:SA:Y,1500.0,-1500.0,3,1500.0,-1500.0,I/O Intr
SR22C-DI-EBPM-07:SA:X,1500.0,-1500.0,3,1500.0,-1500.0,I/O Intr
SR22C-DI-EBPM-07:SA:Y,1500.0,-1500.0,3,1500.0,-1500.0,I/O Intr
SR22C-DI-EBPM-08:SA:X,1500.0,-1500.0,3,1500.0,-1500.0,I/O Intr
SR22C-DI-EBPM-08:SA:Y,1500.0,-1500.0,3,1500.0,-1500.0,I/O Intr
SR22C-DI-EBPM-09:SA:X,1500.0,-1500.0,3,1500.0,-1500.0,I/O Intr
SR22C-DI-EBPM-09:SA:Y,1500.0,-1500.0,3,1500.0,-1500.0,I/O Intr
SR22C-DI-EBPM-10:SA:X,1500.0,-1500.0,3,1500.0,-1500.0,I/O Intr
SR22C-DI-EBPM-10:SA:Y,1500.0,-1500.0,3,1500.0,-1500.0,I/O Intr
SR22MS-PC-ABQ-03:I,1500.0,-1500.0,3,1500.0,-1500.0,I/O Intr
SR22MS-PC-ABQ-03:SETI,1500.0,-1500.0,3,1500.0,-1500.0,Passive
SR22MS-PC-ABQ-04:I,1500.0,-1500.0,3,1500.0,-1500.0,I/O Intr
SR22MS-PC-ABQ-04:SETI,1500.0,-1500.0,3,1500.0,-1500.0,Passive
SR22MS-PC-DQ-02:I,1500.0,-1500.0,3,1500.0,-1500.0,I/O Intr
SR22MS-PC-DQ-02:SETI,1500.0,-1500.0,3,1500.0,-1500.0,Passive
SR22MS-PC-HSTR-08:I,1500.0,-1500.0,3,1500.0,-1500.0,I/O Intr
SR22MS-PC-HSTR-08:SETI,1500.0,-1500.0,3,1500.0,-1500.0,Passive
SR22MS-PC-HSTR-09:I,1500.0,-1500.0,3,1500.0,-1500.0,I/O Intr
SR22MS-PC-HSTR-09:SETI,1500.0,-1500.0,3,1500.0,-1500.0,Passive
SR22MS-PC-HSTR-10:I,1500.0,-1500.0,3,1500.0,-1500.0,I/O Intr
SR22MS-PC-HSTR-10:SETI,1500.0,-1500.0,3,1500.0,-1500.0,Passive
SR22MS-PC-HSTR-12:I,1500.0,-1500.0,3,1500.0,-1500.0,I/O Intr
SR22MS-PC-HSTR-12:SETI,1500.0,-1500.0,3,1500.0,-1500.0,Passive
SR22MS-PC-HSTR-13:I,1500.0,-1500.0,3,1500.0,-1500.0,I/O Intr
SR22MS-PC-HSTR-13:SETI,1500.0,-1500.0,3,1500.0,-1500.0,Passive
SR22MS-PC-HSTR-14:I,1500.0,-1500.0,3,1500.0,-1500.0,I/O Intr
SR22MS-PC-HSTR-14:SETI,1500.0,-1500.0,3,1500.0,-1500.0,Passive
SR22MS-PC-OCT-11:I,1500.0,-1500.0,3,1500.0,-1500.0,I/O Intr
SR22MS-PC-OCT-11:SETI,1500.0,-1500.0,3,1500.0,-1500.0,Passive
SR22MS-PC-QUAD-07:I,1500.0,-1500.0,3,1500.0,-1500.0,I/O Intr
SR22MS-PC-QUAD-07:SETI,1500.0,-1500.0,3,1500.0,-1500.0,Passive
SR22MS-PC-QUAD-08:I,1500.0,-1500.0,3,1500.0,-1500.0,I/O Intr
SR22MS-PC-QUAD-08:SETI,1500.0,-1500.0,3,1500.0,-1500.0,Passive
SR22MS-PC-QUAD-09:I,1500.0,-1500.0,3,1500.0,-1500.0,I/O Intr
SR22MS-PC-QUAD-09:SETI,1500.0,-1500.0,3,1500.0,-1500.0,Passive
SR22MS-PC-QUAD-10:I,1500.0,-1500.0,3,1500.0,-1500.0,I/O Intr
SR22MS-PC-QUAD-10:SETI,1500.0,-1500.0,3,1500.0,-1500.0,Passive
SR22MS-PC-QUAD-11:I,1500.0,-1500.0,3,1500.0,-1500.0,I/O Intr
SR22MS-PC-QUAD-11:SETI,1500.0,-1500.0,3,1500.0,-1500.0,Passive
SR22MS-PC-QUAD-12:I,1500.0,-1500.0,3,1500.0,-1500.0,I/O Intr
SR22MS-PC-QUAD-12:SETI,1500.0,-1500.0,3,1500.0,-1500.0,Passive
SR22MS-PC-SEXT-08:I,1500.0,-1500.0,3,1500.0,-1500.0,I/O Intr
SR22MS-PC-SEXT-08:SETI,1500.0,-1500.0,3,1500.0,-1500.0,Passive
SR22MS-PC-SEXT-09:I,1500.0,-1500.0,3,1500.0,-1500.0,I/O Intr
SR22MS-PC-SEXT-09:SETI,1500.0,-1500.0,3,1500.0,-1500.0,Passive
SR22MS-PC-SEXT-10:I,1500.0,-1500.0,3,1500.0,-1500.0,I/O Intr
SR22MS-PC-SEXT-10:SETI,1500.0,-1500.0,3,1500.0,-1500.0,Passive
SR22MS-PC-SEXT-12:I,1500.0,-1500.0,3,1500.0,-1500.0,I/O Intr
SR22MS-PC-SEXT-12:SETI,1500.0,-1500.0,3,1500.0,-1500.0,Passive
SR22MS-PC-SEXT-13:I,1500.0,-1500.0,3,1500.0,-1500.0,I/O Intr
SR22MS-PC-SEXT-13:SETI,1500.0,-1500.0,3,1500.0,-1500.0,Passive
SR22MS-PC-SEXT-14:I,1500.0,-1500.0,3,1500.0,-1500.0,I/O Intr
SR22MS-PC-SEXT-14:SETI,1500.0,-1500.0,3,1500.0,-1500.0,Passive
SR22MS-PC-SQUAD-08:I,1500.0,-1500.0,3,1500.0,-1500.0,I/O Intr
SR22MS-PC-SQUAD-08:SETI,1500.0,-1500.0,3,1500.0,-1500.0,Passive
SR22MS-PC-SQUAD-09:I,1500.0,-1500.0,3,1500.0,-1500.0,I/O Intr
SR22MS-PC-SQUAD-09:SETI,1500.0,-1500.0,3,1500.0,-1500.0,Passive
SR22MS-PC-SQUAD-10:I,1500.0,-1500.0,3,1500.0,-1500.0,I/O Intr
SR22MS-PC-SQUAD-10:SETI,1500.0,-1500.0,3,1500.0,-1500.0,Passive
SR22MS-PC-SQUAD-12:I,1500.0,-1500.0,3,1500.0,-1500.0,I/O Intr
SR22MS-PC-SQUAD-12:SETI,1500.0,-1500.0,3,1500.0,-1500.0,Passive
SR22MS-PC-SQUAD-13:I,1500.0,-1500.0,3,1500.0,-1500.0,I/O Intr
SR22MS-PC-SQUAD-13:SETI,1500.0,-1500.0,3,1500.0,-1500.0,Passive
SR22MS-PC-SQUAD-14:I,1500.0,-1500.0,3,1500.0,-1500.0,I/O Intr
SR22MS-PC-SQUAD-14:SETI,1500.0,-1500.0,3,1500.0,-1500.0,Passive
SR22MS-PC-VSTR-08:I,1500.0,-1500.0,3,1500.0,-1500.0,I/O Intr
SR22MS-PC-VSTR-08:SETI,1500.0,-1500.0,3,1500.0,-1500.0,Passive
SR22MS-PC-VSTR-09:I,1500.0,-1500.0,3,1500.0,-1500.0,I/O Intr
SR22MS-PC-VSTR-09:SETI,1500.0,-1500.0,3,1500.0,-1500.0,Passive
SR22MS-PC-VSTR-10:I,1500.0,-1500.0,3,1500.0,-1500.0,I/O Intr
SR22MS-PC-VSTR-10:SETI,1500.0,-1500.0,3,1500.0,-1500.0,Passive
SR22MS-PC-VSTR-12:I,1500.0,-1500.0,3,1500.0,-1500.0,I/O Intr
SR22MS-PC-VSTR-12:SETI,1500.0,-1500.0,3,1500.0,-1500.0,Passive
SR22MS-PC-VSTR-13:I,1500.0,-1500.0,3,1500.0,-1500.0,I/O Intr
SR22MS-PC-VSTR-13:SETI,1500.0,-1500.0,3,1500.0,-1500.0,Passive
SR22MS-PC-VSTR-14:I,1500.0,-1500.0,3,1500.0,-1500.0,I/O Intr
SR22MS-PC-VSTR-14:SETI,1500.0,-1500.0,3,1500.0,-1500.0,Passive
SR22SI-PC-HSTR-11:I,1500.0,-1500.0,3,1500.0,-1500.0,I/O Intr
SR22SI-PC-HSTR-11:SETI,1500.0,-1500.0,3,1500.0,-1500.0,Passive
SR22SI-PC-HSTR-12:I,1500.0,-1500.0,3,1500.0,-1500.0,I/O Intr
SR22SI-PC-HSTR-12:SETI,1500.0,-1500.0,3,1500.0,-1500.0,Passive
SR22SI-PC-VSTR-11:I,1500.0,-1500.0,3,1500.0,-1500.0,I/O Intr
SR22SI-PC-VSTR-11:SETI,1500.0,-1500.0,3,1500.0,-1500.0,Passive
SR22SI-PC-VSTR-12:I,1500.0,-1500.0,3,1500.0,-1500.0,I/O Intr
SR22SI-PC-VSTR-12:SETI,1500.0,-1500.0,3,1500.0,-1500.0,Passive
SR22SM-PC-ABQ-01:I,1500.0,-1500.0,3,1500.0,-1500.0,I/O Intr
SR22SM-PC-ABQ-01:SETI,1500.0,-1500.0,3,1500.0,-1500.0,Passive
SR22SM-PC-ABQ-02:I,1500.0,-1500.0,3,1500.0,-1500.0,I/O Intr
SR22SM-PC-ABQ-02:SETI,1500.0,-1500.0,3,1500.0,-1500.0,Passive
SR22SM-PC-DQ-01:I,1500.0,-1500.0,3,1500.0,-1500.0,I/O Intr
SR22SM-PC-DQ-01:SETI,1500.0,-1500.0,3,1500.0,-1500.0,Passive
SR22SM-PC-HSTR-01:I,1500.0,-1500.0,3,1500.0,-1500.0,I/O Intr
SR22SM-PC-HSTR-01:SETI,1500.0,-1500.0,3,1500.0,-1500.0,Passive
SR22SM-PC-HSTR-02:I,1500.0,-1500.0,3,1500.0,-1500.0,I/O Intr
SR22SM-PC-HSTR-02:SETI,1500.0,-1500.0,3,1500.0,-1500.0,Passive
SR22SM-PC-HSTR-03:I,1500.0,-1500.0,3,1500.0,-1500.0,I/O Intr
SR22SM-PC-HSTR-03:SETI,1500.0,-1500.0,3,1500.0,-1500.0,Passive
SR22SM-PC-HSTR-05:I,1500.0,-1500.0,3,1500.0,-1500.0,I/O Intr
SR22SM-PC-HSTR-05:SETI,1500.0,-1500.0,3,1500.0,-1500.0,Passive
SR22SM-PC-HSTR-06:I,1500.0,-1500.0,3,1500.0,-1500.0,I/O Intr
SR22SM-PC-HSTR-06:SETI,1500.0,-1500.0,3,1500.0,-1500.0,Passive
SR22SM-PC-HSTR-07:I,1500.0,-1500.0,3,1500.0,-1500.0,I/O Intr
SR22SM-PC-HSTR-07:SETI,1500.0,-1500.0,3,1500.0,-1500.0,Passive
SR22SM-PC-OCT-04:I,1500.0,-1500.0,3,1500.0,-1500.0,I/O Intr
SR22SM-PC-OCT-04:SETI,1500.0,-1500.0,3,1500.0,-1500.0,Passive
SR22SM-PC-QUAD-01:I,1500.0,-1500.0,3,1500.0,-1500.0,I/O Intr
SR22SM-PC-QUAD-01:SETI,1500.0,-1500.0,3,1500.0,-1500.0,Passive
SR22SM-PC-QUAD-02:I,1500.0,-1500.0,3,1500.0,-1500.0,I/O Intr
SR22SM-PC-QUAD-02:SETI,1500.0,-1500.0,3,1500.0,-1500.0,Passive
SR22SM-PC-QUAD-03:I,1500.0,-1500.0,3,1500.0,-1500.0,I/O Intr
SR22SM-PC-QUAD-03:SETI,1500.0,-1500.0,3,1500.0,-1500.0,Passive
SR22SM-PC-QUAD-04:I,1500.0,-1500.0,3,1500.0,-1500.0,I/O Intr
SR22SM-PC-QUAD-04:SETI,1500.0,-1500.0,3,1500.0,-1500.0,Passive
SR22SM-PC-QUAD-05:I,1500.0,-1500.0,3,1500.0,-1500.0,I/O Intr
SR22SM-PC-QUAD-05:SETI,1500.0,-1500.0,3,1500.0,-1500.0,Passive
SR22SM-PC-QUAD-06:I,1500.0,-1500.0,3,1500.0,-1500.0,I/O Intr
SR22SM-PC-QUAD-06:SETI,1500.0,-1500.0,3,1500.0,-1500.0,Passive
SR22SM-PC-SEXT-01:I,1500.0,-1500.0,3,1500.0,-1500.0,I/O Intr
SR22SM-PC-SEXT-01:SETI,1500.0,-1500.0,3,1500.0,-1500.0,Passive
SR22SM-PC-SEXT-02:I,1500.0,-1500.0,3,1500.0,-1500.0,I/O Intr
SR22SM-PC-SEXT-02:SETI,1500.0,-1500.0,3,1500.0,-1500.0,Passive
SR22SM-PC-SEXT-03:I,1500.0,-1500.0,3,1500.0,-1500.0,I/O Intr
SR22SM-PC-SEXT-03:SETI,1500.0,-1500.0,3,1500.0,-1500.0,Passive
SR22SM-PC-SEXT-05:I,1500.0,-1500.0,3,1500.0,-1500.0,I/O Intr
SR22SM-PC-SEXT-05:SETI,1500.0,-1500.0,3,1500.0,-1500.0,Passive
SR22SM-PC-SEXT-06:I,1500.0,-1500.0,3,1500.0,-1500.0,I/O Intr
SR22SM-PC-SEXT-06:SETI,1500.0,-1500.0,3,1500.0,-1500.0,Passive
SR22SM-PC-SEXT-07:I,1500.0,-1500.0,3,1500.0,-1500.0,I/O Intr
SR22SM-PC-SEXT-07:SETI,1500.0,-1500.0,3,1500.0,-1500.0,Passive
SR22SM-PC-SQUAD-01:I,1500.0,-1500.0,3,1500.0,-1500.0,I/O Intr
SR22SM-PC-SQUAD-01:SETI,1500.0,-1500.0,3,1500.0,-1500.0,Passive
SR22SM-PC-SQUAD-02:I,1500.0,-1500.0,3,1500.0,-1500.0,I/O Intr
SR22SM-PC-SQUAD-02:SETI,1500.0,-1500.0,3,1500.0,-1500.0,Passive
SR22SM-PC-SQUAD-03:I,1500.0,-1500.0,3,1500.0,-1500.0,I/O Intr
SR22SM-PC-SQUAD-03:SETI,1500.0,-1500.0,3,1500.0,-1500.0,Passive
SR22SM-PC-SQUAD-05:I,1500.0,-1500.0,3,1500.0,-1500.0,I/O Intr
SR22SM-PC-SQUAD-05:SETI,1500.0,-1500.0,3,1500.0,-1500.0,Passive
SR22SM-PC-SQUAD-06:I,1500.0,-1500.0,3,1500.0,-1500.0,I/O Intr
SR22SM-PC-SQUAD-06:SETI,1500.0,-1500.0,3,1500.0,-1500.0,Passive
SR22SM-PC-SQUAD-07:I,1500.0,-1500.0,3,1500.0,-1500.0,I/O Intr
SR22SM-PC-SQUAD-07:SETI,1500.0,-1500.0,3,1500.0,-1500.0,Passive
SR22SM-PC-VSTR-01:I,1500.0,-1500.0,3,1500.0,-1500.0,I/O Intr
SR22SM-PC-VSTR-01:SETI,1500.0,-1500.0,3,1500.0,-1500.0,Passive
SR22SM-PC-VSTR-02:I,1500.0,-1500.0,3,1500.0,-1500.0,I/O Intr
SR22SM-PC-VSTR-02:SETI,1500.0,-1500.0,3,1500.0,-1500.0,Passive
SR22SM-PC-VSTR-03:I,1500.0,-1500.0,3,1500.0,-1500.0,I/O Intr
SR22SM-PC-VSTR-03:SETI,1500.0,-1500.0,3,1500.0,-1500.0,Passive
SR22SM-PC-VSTR-05:I,1500.0,-1500.0,3,1500.0,-1500.0,I/O Intr
SR22SM-PC-VSTR-05:SETI,1500.0,-1500.0,3,1500.0,-1500.0,Passive
SR22SM-PC-VSTR-06:I,1500.0,-1500.0,3,1500.0,-1500.0,I/O Intr
SR22SM-PC-VSTR-06:SETI,1500.0,-1500.0,3,1500.0,-1500.0,Passive
SR22SM-PC-VSTR-07:I,1500.0,-1500.0,3,1500.0,-1500.0,I/O Intr
SR22SM-PC-VSTR-07:SETI,1500.0,-1500.0,3,1500.0,-1500.0,Passive
SR23-PC-DL1:I,1500.0,-1500.0,3,1500.0,-1500.0,I/O Intr
SR23-PC-DL1:SETI,1500.0,-1500.0,3,1500.0,-1500.0,Passive
SR23-PC-DL2:I,1500.0,-1500.0,3,1500.0,-1500.0,I/O Intr
SR23-PC-DL2:SETI,1500.0,-1500.0,3,1500.0,-1500.0,Passive
SR23-PC-DL3:I,1500.0,-1500.0,3,1500.0,-1500.0,I/O Intr
SR23-PC-DL3:SETI,1500.0,-1500.0,3,1500.0,-1500.0,Passive
SR23-PC-DL4:I,1500.0,-1500.0,3,1500.0,-1500.0,I/O Intr
SR23-PC-DL4:SETI,1500.0,-1500.0,3,1500.0,-1500.0,Passive
SR23C-DI-EBPM-01:SA:X,1500.0,-1500.0,3,1500.0,-1500.0,I/O Intr
SR23C-DI-EBPM-01:SA:Y,1500.0,-1500.0,3,1500.0,-1500.0,I/O Intr
SR23C-DI-EBPM-02:SA:X,1500.0,-1500.0,3,1500.0,-1500.0,I/O Intr
SR23C-DI-EBPM-02:SA:Y,1500.0,-1500.0,3,1500.0,-1500.0,I/O Intr
SR23C-DI-EBPM-03:SA:X,1500.0,-1500.0,3,1500.0,-1500.0,I/O Intr
SR23C-DI-EBPM-03:SA:Y,1500.0,-1500.0,3,1500.0,-1500.0,I/O Intr
SR23C-DI-EBPM-04:SA:X,1500.0,-1500.0,3,1500.0,-1500.0,I/O Intr
SR23C-DI-EBPM-04:SA:Y,1500.0,-1500.0,3,1500.0,-1500.0,I/O Intr
SR23C-DI-EBPM-05:SA:X,1500.0,-1500.0,3,1500.0,-1500.0,I/O Intr
SR23C-DI-EBPM-05:SA:Y,1500.0,-1500.0,3,1500.0,-1500.0,I/O Intr
SR23C-DI-EBPM-06:SA:X,1500.0,-1500.0,3,1500.0,-1500.0,I/O Intr
SR23C-DI-EBPM-06:SA:Y,1500.0,-1500.0,3,1500.0,-1500.0,I/O Intr
SR23C-DI-EBPM-07:SA:X,1500.0,-1500.0,3,1500.0,-1500.0,I/O Intr
SR23C-DI-EBPM-07:SA:Y,1500.0,-1500.0,3,1500.0,-1500.0,I/O Intr
SR23C-DI-EBPM-08:SA:X,1500.0,-1500.0,3,1500.0,-1500.0,I/O Intr
SR23C-DI-EBPM-08:SA:Y,1500.0,-1500.0,3,1500.0,-1500.0,I/O Intr
SR23C-DI-EBPM-09:SA:X,1500.0,-1500.0,3,1500.0,-1500.0,I/O Intr
SR23C-DI-EBPM-09:SA:Y,1500.0,-1500.0,3,1500.0,-1500.0,I/O Intr
SR23C-DI-EBPM-10:SA:X,1500.0,-1500.0,3,1500.0,-1500.0,I/O Intr
SR23C-DI-EBPM-10:SA:Y,1500.0,-1500.0,3,1500.0,-1500.0,I/O Intr
SR23C-DI-TMBF-01:X:TUNE:TUNE,1500.0,-1500.0,3,1500.0,-1500.0,I/O Intr
SR23C-DI-TMBF-01:Y:TUNE:TUNE,1500.0,-1500.0,3,1500.0,-1500.0,I/O Intr
SR23MS-PC-ABQ-03:I,1500.0,-1500.0,3,1500.0,-1500.0,I/O Intr
SR23MS-PC-ABQ-03:SETI,1500.0,-1500.0,3,1500.0,-1500.0,Passive
SR23MS-PC-ABQ-04:I,1500.0,-1500.0,3,1500.0,-1500.0,I/O Intr
SR23MS-PC-ABQ-04:SETI,1500.0,-1500.0,3,1500.0,-1500.0,Passive
SR23MS-PC-DQ-02:I,1500.0,-1500.0,3,1500.0,-1500.0,I/O Intr
SR23MS-PC-DQ-02:SETI,1500.0,-1500.0,3,1500.0,-1500.0,Passive
SR23MS-PC-HSTR-08:I,1500.0,-1500.0,3,1500.0,-1500.0,I/O Intr
SR23MS-PC-HSTR-08:SETI,1500.0,-1500.0,3,1500.0,-1500.0,Passive
SR23MS-PC-HSTR-09:I,1500.0,-1500.0,3,1500.0,-1500.0,I/O Intr
SR23MS-PC-HSTR-09:SETI,1500.0,-1500.0,3,1500.0,-1500.0,Passive
SR23MS-PC-HSTR-10:I,1500.0,-1500.0,3,1500.0,-1500.0,I/O Intr
SR23MS-PC-HSTR-10:SETI,1500.0,-1500.0,3,1500.0,-1500.0,Passive
SR23MS-PC-HSTR-12:I,1500.0,-1500.0,3,1500.0,-1500.0,I/O Intr
SR23MS-PC-HSTR-12:SETI,1500.0,-1500.0,3,1500.0,-1500.0,Passive
SR23MS-PC-HSTR-13:I,1500.0,-1500.0,3,1500.0,-1500.0,I/O Intr
SR23MS-PC-HSTR-13:SETI,1500.0,-1500.0,3,1500.0,-1500.0,Passive
SR23MS-PC-HSTR-14:I,1500.0,-1500.0,3,1500.0,-1500.0,I/O Intr
SR23MS-PC-HSTR-14:SETI,1500.0,-1500.0,3,1500.0,-1500.0,Passive
SR23MS-PC-OCT-11:I,1500.0,-1500.0,3,1500.0,-1500.0,I/O Intr
SR23MS-PC-OCT-11:SETI,1500.0,-1500.0,3,1500.0,-1500.0,Passive
SR23MS-PC-QUAD-07:I,1500.0,-1500.0,3,1500.0,-1500.0,I/O Intr
SR23MS-PC-QUAD-07:SETI,1500.0,-1500.0,3,1500.0,-1500.0,Passive
SR23MS-PC-QUAD-08:I,1500.0,-1500.0,3,1500.0,-1500.0,I/O Intr
SR23MS-PC-QUAD-08:SETI,1500.0,-1500.0,3,1500.0,-1500.0,Passive
SR23MS-PC-QUAD-09:I,1500.0,-1500.0,3,1500.0,-1500.0,I/O Intr
SR23MS-PC-QUAD-09:SETI,1500.0,-1500.0,3,1500.0,-1500.0,Passive
SR23MS-PC-QUAD-10:I,1500.0,-1500.0,3,1500.0,-1500.0,I/O Intr
SR23MS-PC-QUAD-10:SETI,1500.0,-1500.0,3,1500.0,-1500.0,Passive
SR23MS-PC-QUAD-11:I,1500.0,-1500.0,3,1500.0,-1500.0,I/O Intr
SR23MS-PC-QUAD-11:SETI,1500.0,-1500.0,3,1500.0,-1500.0,Passive
SR23MS-PC-QUAD-12:I,1500.0,-1500.0,3,1500.0,-1500.0,I/O Intr
SR23MS-PC-QUAD-12:SETI,1500.0,-1500.0,3,1500.0,-1500.0,Passive
SR23MS-PC-SEXT-08:I,1500.0,-1500.0,3,1500.0,-1500.0,I/O Intr
SR23MS-PC-SEXT-08:SETI,1500.0,-1500.0,3,1500.0,-1500.0,Passive
SR23MS-PC-SEXT-09:I,1500.0,-1500.0,3,1500.0,-1500.0,I/O Intr
SR23MS-PC-SEXT-09:SETI,1500.0,-1500.0,3,1500.0,-1500.0,Passive
SR23MS-PC-SEXT-10:I,1500.0,-1500.0,3,1500.0,-1500.0,I/O Intr
SR23MS-PC-SEXT-10:SETI,1500.0,-1500.0,3,1500.0,-1500.0,Passive
SR23MS-PC-SEXT-12:I,1500.0,-1500.0,3,1500.0,-1500.0,I/O Intr
SR23MS-PC-SEXT-12:SETI,1500.0,-1500.0,3,1500.0,-1500.0,Passive
SR23MS-PC-SEXT-13:I,1500.0,-1500.0,3,1500.0,-1500.0,I/O Intr
SR23MS-PC-SEXT-13:SETI,1500.0,-1500.0,3,1500.0,-1500.0,Passive
SR23MS-PC-SEXT-14:I,1500.0,-1500.0,3,1500.0,-1500.0,I/O Intr
SR23MS-PC-SEXT-14:SETI,1500.0,-1500.0,3,1500.0,-1500.0,Passive
SR23MS-PC-SQUAD-08:I,1500.0,-1500.0,3,1500.0,-1500.0,I/O Intr
SR23MS-PC-SQUAD-08:SETI,1500.0,-1500.0,3,1500.0,-1500.0,Passive
SR23MS-PC-SQUAD-09:I,1500.0,-1500.0,3,1500.0,-1500.0,I/O Intr
SR23MS-PC-SQUAD-09:SETI,1500.0,-1500.0,3,1500.0,-1500.0,Passive
SR23MS-PC-SQUAD-10:I,1500.0,-1500.0,3,1500.0,-1500.0,I/O Intr
SR23MS-PC-SQUAD-10:SETI,1500.0,-1500.0,3,1500.0,-1500.0,Passive
SR23MS-PC-SQUAD-12:I,1500.0,-1500.0,3,1500.0,-1500.0,I/O Intr
SR23MS-PC-SQUAD-12:SETI,1500.0,-1500.0,3,1500.0,-1500.0,Passive
SR23MS-PC-SQUAD-13:I,1500.0,-1500.0,3,1500.0,-1500.0,I/O Intr
SR23MS-PC-SQUAD-13:SETI,1500.0,-1500.0,3,1500.0,-1500.0,Passive
SR23MS-PC-SQUAD-14:I,1500.0,-1500.0,3,1500.0,-1500.0,I/O Intr
SR23MS-PC-SQUAD-14:SETI,1500.0,-1500.0,3,1500.0,-1500.0,Passive
SR23MS-PC-VSTR-08:I,1500.0,-1500.0,3,1500.0,-1500.0,I/O Intr
SR23MS-PC-VSTR-08:SETI,1500.0,-1500.0,3,1500.0,-1500.0,Passive
SR23MS-PC-VSTR-09:I,1500.0,-1500.0,3,1500.0,-1500.0,I/O Intr
SR23MS-PC-VSTR-09:SETI,1500.0,-1500.0,3,1500.0,-1500.0,Passive
SR23MS-PC-VSTR-10:I,1500.0,-1500.0,3,1500.0,-1500.0,I/O Intr
SR23MS-PC-VSTR-10:SETI,1500.0,-1500.0,3,1500.0,-1500.0,Passive
SR23MS-PC-VSTR-12:I,1500.0,-1500.0,3,1500.0,-1500.0,I/O Intr
SR23MS-PC-VSTR-12:SETI,1500.0,-1500.0,3,1500.0,-1500.0,Passive
SR23MS-PC-VSTR-13:I,1500.0,-1500.0,3,1500.0,-1500.0,I/O Intr
SR23MS-PC-VSTR-13:SETI,1500.0,-1500.0,3,1500.0,-1500.0,Passive
SR23MS-PC-VSTR-14:I,1500.0,-1500.0,3,1500.0,-1500.0,I/O Intr
SR23MS-PC-VSTR-14:SETI,1500.0,-1500.0,3,1500.0,-1500.0,Passive
SR23SI-PC-HSTR-11:I,1500.0,-1500.0,3,1500.0,-1500.0,I/O Intr
SR23SI-PC-HSTR-11:SETI,1500.0,-1500.0,3,1500.0,-1500.0,Passive
SR23SI-PC-HSTR-12:I,1500.0,-1500.0,3,1500.0,-1500.0,I/O Intr
SR23SI-PC-HSTR-12:SETI,1500.0,-1500.0,3,1500.0,-1500.0,Passive
SR23SI-PC-VSTR-11:I,1500.0,-1500.0,3,1500.0,-1500.0,I/O Intr
SR23SI-PC-VSTR-11:SETI,1500.0,-1500.0,3,1500.0,-1500.0,Passive
SR23SI-PC-VSTR-12:I,1500.0,-1500.0,3,1500.0,-1500.0,I/O Intr
SR23SI-PC-VSTR-12:SETI,1500.0,-1500.0,3,1500.0,-1500.0,Passive
SR23SM-PC-ABQ-01:I,1500.0,-1500.0,3,1500.0,-1500.0,I/O Intr
SR23SM-PC-ABQ-01:SETI,1500.0,-1500.0,3,1500.0,-1500.0,Passive
SR23SM-PC-ABQ-02:I,1500.0,-1500.0,3,1500.0,-1500.0,I/O Intr
SR23SM-PC-ABQ-02:SETI,1500.0,-1500.0,3,1500.0,-1500.0,Passive
SR23SM-PC-DQ-01:I,1500.0,-1500.0,3,1500.0,-1500.0,I/O Intr
SR23SM-PC-DQ-01:SETI,1500.0,-1500.0,3,1500.0,-1500.0,Passive
SR23SM-PC-HSTR-01:I,1500.0,-1500.0,3,1500.0,-1500.0,I/O Intr
SR23SM-PC-HSTR-01:SETI,1500.0,-1500.0,3,1500.0,-1500.0,Passive
SR23SM-PC-HSTR-02:I,1500.0,-1500.0,3,1500.0,-1500.0,I/O Intr
SR23SM-PC-HSTR-02:SETI,1500.0,-1500.0,3,1500.0,-1500.0,Passive
SR23SM-PC-HSTR-03:I,1500.0,-1500.0,3,1500.0,-1500.0,I/O Intr
SR23SM-PC-HSTR-03:SETI,1500.0,-1500.0,3,1500.0,-1500.0,Passive
SR23SM-PC-HSTR-05:I,1500.0,-1500.0,3,1500.0,-1500.0,I/O Intr
SR23SM-PC-HSTR-05:SETI,1500.0,-1500.0,3,1500.0,-1500.0,Passive
SR23SM-PC-HSTR-06:I,1500.0,-1500.0,3,1500.0,-1500.0,I/O Intr
SR23SM-PC-HSTR-06:SETI,1500.0,-1500.0,3,1500.0,-1500.0,Passive
SR23SM-PC-HSTR-07:I,1500.0,-1500.0,3,1500.0,-1500.0,I/O Intr
SR23SM-PC-HSTR-07:SETI,1500.0,-1500.0,3,1500.0,-1500.0,Passive
SR23SM-PC-OCT-04:I,1500.0,-1500.0,3,1500.0,-1500.0,I/O Intr
SR23SM-PC-OCT-04:SETI,1500.0,-1500.0,3,1500.0,-1500.0,Passive
SR23SM-PC-QUAD-01:I,1500.0,-1500.0,3,1500.0,-1500.0,I/O Intr
SR23SM-PC-QUAD-01:SETI,1500.0,-1500.0,3,1500.0,-1500.0,Passive
SR23SM-PC-QUAD-02:I,1500.0,-1500.0,3,1500.0,-1500.0,I/O Intr
SR23SM-PC-QUAD-02:SETI,1500.0,-1500.0,3,1500.0,-1500.0,Passive
SR23SM-PC-QUAD-03:I,1500.0,-1500.0,3,1500.0,-1500.0,I/O Intr
SR23SM-PC-QUAD-03:SETI,1500.0,-1500.0,3,1500.0,-1500.0,Passive
SR23SM-PC-QUAD-04:I,1500.0,-1500.0,3,1500.0,-1500.0,I/O Intr
SR23SM-PC-QUAD-04:SETI,1500.0,-1500.0,3,1500.0,-1500.0,Passive
SR23SM-PC-QUAD-05:I,1500.0,-1500.0,3,1500.0,-1500.0,I/O Intr
SR23SM-PC-QUAD-05:SETI,1500.0,-1500.0,3,1500.0,-1500.0,Passive
SR23SM-PC-QUAD-06:I,1500.0,-1500.0,3,1500.0,-1500.0,I/O Intr
SR23SM-PC-QUAD-06:SETI,1500.0,-1500.0,3,1500.0,-1500.0,Passive
SR23SM-PC-SEXT-01:I,1500.0,-1500.0,3,1500.0,-1500.0,I/O Intr
SR23SM-PC-SEXT-01:SETI,1500.0,-1500.0,3,1500.0,-1500.0,Passive
SR23SM-PC-SEXT-02:I,1500.0,-1500.0,3,1500.0,-1500.0,I/O Intr
SR23SM-PC-SEXT-02:SETI,1500.0,-1500.0,3,1500.0,-1500.0,Passive
SR23SM-PC-SEXT-03:I,1500.0,-1500.0,3,1500.0,-1500.0,I/O Intr
SR23SM-PC-SEXT-03:SETI,1500.0,-1500.0,3,1500.0,-1500.0,Passive
SR23SM-PC-SEXT-05:I,1500.0,-1500.0,3,1500.0,-1500.0,I/O Intr
SR23SM-PC-SEXT-05:SETI,1500.0,-1500.0,3,1500.0,-1500.0,Passive
SR23SM-PC-SEXT-06:I,1500.0,-1500.0,3,1500.0,-1500.0,I/O Intr
SR23SM-PC-SEXT-06:SETI,1500.0,-1500.0,3,1500.0,-1500.0,Passive
SR23SM-PC-SEXT-07:I,1500.0,-1500.0,3,1500.0,-1500.0,I/O Intr
SR23SM-PC-SEXT-07:SETI,1500.0,-1500.0,3,1500.0,-1500.0,Passive
SR23SM-PC-SQUAD-01:I,1500.0,-1500.0,3,1500.0,-1500.0,I/O Intr
SR23SM-PC-SQUAD-01:SETI,1500.0,-1500.0,3,1500.0,-1500.0,Passive
SR23SM-PC-SQUAD-02:I,1500.0,-1500.0,3,1500.0,-1500.0,I/O Intr
SR23SM-PC-SQUAD-02:SETI,1500.0,-1500.0,3,1500.0,-1500.0,Passive
SR23SM-PC-SQUAD-03:I,1500.0,-1500.0,3,1500.0,-1500.0,I/O Intr
SR23SM-PC-SQUAD-03:SETI,1500.0,-1500.0,3,1500.0,-1500.0,Passive
SR23SM-PC-SQUAD-05:I,1500.0,-1500.0,3,1500.0,-1500.0,I/O Intr
SR23SM-PC-SQUAD-05:SETI,1500.0,-1500.0,3,1500.0,-1500.0,Passive
SR23SM-PC-SQUAD-06:I,1500.0,-1500.0,3,1500.0,-1500.0,I/O Intr
SR23SM-PC-SQUAD-06:SETI,1500.0,-1500.0,3,1500.0,-1500.0,Passive
SR23SM-PC-SQUAD-07:I,1500.0,-1500.0,3,1500.0,-1500.0,I/O Intr
SR23SM-PC-SQUAD-07:SETI,1500.0,-1500.0,3,1500.0,-1500.0,Passive
SR23SM-PC-VSTR-01:I,1500.0,-1500.0,3,1500.0,-1500.0,I/O Intr
SR23SM-PC-VSTR-01:SETI,1500.0,-1500.0,3,1500.0,-1500.0,Passive
SR23SM-PC-VSTR-02:I,1500.0,-1500.0,3,1500.0,-1500.0,I/O Intr
SR23SM-PC-VSTR-02:SETI,1500.0,-1500.0,3,1500.0,-1500.0,Passive
SR23SM-PC-VSTR-03:I,1500.0,-1500.0,3,1500.0,-1500.0,I/O Intr
SR23SM-PC-VSTR-03:SETI,1500.0,-1500.0,3,1500.0,-1500.0,Passive
SR23SM-PC-VSTR-05:I,1500.0,-1500.0,3,1500.0,-1500.0,I/O Intr
SR23SM-PC-VSTR-05:SETI,1500.0,-1500.0,3,1500.0,-1500.0,Passive
SR23SM-PC-VSTR-06:I,1500.0,-1500.0,3,1500.0,-1500.0,I/O Intr
SR23SM-PC-VSTR-06:SETI,1500.0,-1500.0,3,1500.0,-1500.0,Passive
SR23SM-PC-VSTR-07:I,1500.0,-1500.0,3,1500.0,-1500.0,I/O Intr
SR23SM-PC-VSTR-07:SETI,1500.0,-1500.0,3,1500.0,-1500.0,Passive
SR24-PC-DL1:I,1500.0,-1500.0,3,1500.0,-1500.0,I/O Intr
SR24-PC-DL1:SETI,1500.0,-1500.0,3,1500.0,-1500.0,Passive
SR24-PC-DL2:I,1500.0,-1500.0,3,1500.0,-1500.0,I/O Intr
SR24-PC-DL2:SETI,1500.0,-1500.0,3,1500.0,-1500.0,Passive
SR24-PC-DL3:I,1500.0,-1500.0,3,1500.0,-1500.0,I/O Intr
SR24-PC-DL3:SETI,1500.0,-1500.0,3,1500.0,-1500.0,Passive
SR24-PC-DL4:I,1500.0,-1500.0,3,1500.0,-1500.0,I/O Intr
SR24-PC-DL4:SETI,1500.0,-1500.0,3,1500.0,-1500.0,Passive
SR24C-DI-EBPM-01:SA:X,1500.0,-1500.0,3,1500.0,-1500.0,I/O Intr
SR24C-DI-EBPM-01:SA:Y,1500.0,-1500.0,3,1500.0,-1500.0,I/O Intr
SR24C-DI-EBPM-02:SA:X,1500.0,-1500.0,3,1500.0,-1500.0,I/O Intr
SR24C-DI-EBPM-02:SA:Y,1500.0,-1500.0,3,1500.0,-1500.0,I/O Intr
SR24C-DI-EBPM-03:SA:X,1500.0,-1500.0,3,1500.0,-1500.0,I/O Intr
SR24C-DI-EBPM-03:SA:Y,1500.0,-1500.0,3,1500.0,-1500.0,I/O Intr
SR24C-DI-EBPM-04:SA:X,1500.0,-1500.0,3,1500.0,-1500.0,I/O Intr
SR24C-DI-EBPM-04:SA:Y,1500.0,-1500.0,3,1500.0,-1500.0,I/O Intr
SR24C-DI-EBPM-05:SA:X,1500.0,-1500.0,3,1500.0,-1500.0,I/O Intr
SR24C-DI-EBPM-05:SA:Y,1500.0,-1500.0,3,1500.0,-1500.0,I/O Intr
SR24C-DI-EBPM-06:SA:X,1500.0,-1500.0,3,1500.0,-1500.0,I/O Intr
SR24C-DI-EBPM-06:SA:Y,1500.0,-1500.0,3,1500.0,-1500.0,I/O Intr
SR24C-DI-EBPM-07:SA:X,1500.0,-1500.0,3,1500.0,-1500.0,I/O Intr
SR24C-DI-EBPM-07:SA:Y,1500.0,-1500.0,3,1500.0,-1500.0,I/O Intr
SR24C-DI-EBPM-08:SA:X,1500.0,-1500.0,3,1500.0,-1500.0,I/O Intr
SR24C-DI-EBPM-08:SA:Y,1500.0,-1500.0,3,1500.0,-1500.0,I/O Intr
SR24C-DI-EBPM-09:SA:X,1500.0,-1500.0,3,1500.0,-1500.0,I/O Intr
SR24C-DI-EBPM-09:SA:Y,1500.0,-1500.0,3,1500.0,-1500.0,I/O Intr
SR24C-DI-EBPM-10:SA:X,1500.0,-1500.0,3,1500.0,-1500.0,I/O Intr
SR24C-DI-EBPM-10:SA:Y,1500.0,-1500.0,3,1500.0,-1500.0,I/O Intr
SR24C-DI-EBPM-11:SA:X,1500.0,-1500.0,3,1500.0,-1500.0,I/O Intr
SR24C-DI-EBPM-11:SA:Y,1500.0,-1500.0,3,1500.0,-1500.0,I/O Intr
SR24ML-PC-ABQ-03:I,1500.0,-1500.0,3,1500.0,-1500.0,I/O Intr
SR24ML-PC-ABQ-03:SETI,1500.0,-1500.0,3,1500.0,-1500.0,Passive
SR24ML-PC-ABQ-04:I,1500.0,-1500.0,3,1500.0,-1500.0,I/O Intr
SR24ML-PC-ABQ-04:SETI,1500.0,-1500.0,3,1500.0,-1500.0,Passive
SR24ML-PC-DQ-02:I,1500.0,-1500.0,3,1500.0,-1500.0,I/O Intr
SR24ML-PC-DQ-02:SETI,1500.0,-1500.0,3,1500.0,-1500.0,Passive
SR24ML-PC-HSTR-08:I,1500.0,-1500.0,3,1500.0,-1500.0,I/O Intr
SR24ML-PC-HSTR-08:SETI,1500.0,-1500.0,3,1500.0,-1500.0,Passive
SR24ML-PC-HSTR-09:I,1500.0,-1500.0,3,1500.0,-1500.0,I/O Intr
SR24ML-PC-HSTR-09:SETI,1500.0,-1500.0,3,1500.0,-1500.0,Passive
SR24ML-PC-HSTR-10:I,1500.0,-1500.0,3,1500.0,-1500.0,I/O Intr
SR24ML-PC-HSTR-10:SETI,1500.0,-1500.0,3,1500.0,-1500.0,Passive
SR24ML-PC-HSTR-13:I,1500.0,-1500.0,3,1500.0,-1500.0,I/O Intr
SR24ML-PC-HSTR-13:SETI,1500.0,-1500.0,3,1500.0,-1500.0,Passive
SR24ML-PC-HSTR-14:I,1500.0,-1500.0,3,1500.0,-1500.0,I/O Intr
SR24ML-PC-HSTR-14:SETI,1500.0,-1500.0,3,1500.0,-1500.0,Passive
SR24ML-PC-HSTR-15:I,1500.0,-1500.0,3,1500.0,-1500.0,I/O Intr
SR24ML-PC-HSTR-15:SETI,1500.0,-1500.0,3,1500.0,-1500.0,Passive
SR24ML-PC-OCT-11:I,1500.0,-1500.0,3,1500.0,-1500.0,I/O Intr
SR24ML-PC-OCT-11:SETI,1500.0,-1500.0,3,1500.0,-1500.0,Passive
SR24ML-PC-OCT-15:I,1500.0,-1500.0,3,1500.0,-1500.0,I/O Intr
SR24ML-PC-OCT-15:SETI,1500.0,-1500.0,3,1500.0,-1500.0,Passive
SR24ML-PC-QUAD-07:I,1500.0,-1500.0,3,1500.0,-1500.0,I/O Intr
SR24ML-PC-QUAD-07:SETI,1500.0,-1500.0,3,1500.0,-1500.0,Passive
SR24ML-PC-QUAD-08:I,1500.0,-1500.0,3,1500.0,-1500.0,I/O Intr
SR24ML-PC-QUAD-08:SETI,1500.0,-1500.0,3,1500.0,-1500.0,Passive
SR24ML-PC-QUAD-09:I,1500.0,-1500.0,3,1500.0,-1500.0,I/O Intr
SR24ML-PC-QUAD-09:SETI,1500.0,-1500.0,3,1500.0,-1500.0,Passive
SR24ML-PC-QUAD-10:I,1500.0,-1500.0,3,1500.0,-1500.0,I/O Intr
SR24ML-PC-QUAD-10:SETI,1500.0,-1500.0,3,1500.0,-1500.0,Passive
SR24ML-PC-QUAD-11:I,1500.0,-1500.0,3,1500.0,-1500.0,I/O Intr
SR24ML-PC-QUAD-11:SETI,1500.0,-1500.0,3,1500.0,-1500.0,Passive
SR24ML-PC-QUAD-12:I,1500.0,-1500.0,3,1500.0,-1500.0,I/O Intr
SR24ML-PC-QUAD-12:SETI,1500.0,-1500.0,3,1500.0,-1500.0,Passive
SR24ML-PC-QUAD-13:I,1500.0,-1500.0,3,1500.0,-1500.0,I/O Intr
SR24ML-PC-QUAD-13:SETI,1500.0,-1500.0,3,1500.0,-1500.0,Passive
SR24ML-PC-SEXT-08:I,1500.0,-1500.0,3,1500.0,-1500.0,I/O Intr
SR24ML-PC-SEXT-08:SETI,1500.0,-1500.0,3,1500.0,-1500.0,Passive
SR24ML-PC-SEXT-09:I,1500.0,-1500.0,3,1500.0,-1500.0,I/O Intr
SR24ML-PC-SEXT-09:SETI,1500.0,-1500.0,3,1500.0,-1500.0,Passive
SR24ML-PC-SEXT-10:I,1500.0,-1500.0,3,1500.0,-1500.0,I/O Intr
SR24ML-PC-SEXT-10:SETI,1500.0,-1500.0,3,1500.0,-1500.0,Passive
SR24ML-PC-SEXT-12:I,1500.0,-1500.0,3,1500.0,-1500.0,I/O Intr
SR24ML-PC-SEXT-12:SETI,1500.0,-1500.0,3,1500.0,-1500.0,Passive
SR24ML-PC-SEXT-13:I,1500.0,-1500.0,3,1500.0,-1500.0,I/O Intr
SR24ML-PC-SEXT-13:SETI,1500.0,-1500.0,3,1500.0,-1500.0,Passive
SR24ML-PC-SEXT-14:I,1500.0,-1500.0,3,1500.0,-1500.0,I/O Intr
SR24ML-PC-SEXT-14:SETI,1500.0,-1500.0,3,1500.0,-1500.0,Passive
SR24ML-PC-SQUAD-08:I,1500.0,-1500.0,3,1500.0,-1500.0,I/O Intr
SR24ML-PC-SQUAD-08:SETI,1500.0,-1500.0,3,1500.0,-1500.0,Passive
SR24ML-PC-SQUAD-09:I,1500.0,-1500.0,3,1500.0,-1500.0,I/O Intr
SR24ML-PC-SQUAD-09:SETI,1500.0,-1500.0,3,1500.0,-1500.0,Passive
SR24ML-PC-SQUAD-10:I,1500.0,-1500.0,3,1500.0,-1500.0,I/O Intr
SR24ML-PC-SQUAD-10:SETI,1500.0,-1500.0,3,1500.0,-1500.0,Passive
SR24ML-PC-SQUAD-12:I,1500.0,-1500.0,3,1500.0,-1500.0,I/O Intr
SR24ML-PC-SQUAD-12:SETI,1500.0,-1500.0,3,1500.0,-1500.0,Passive
SR24ML-PC-SQUAD-13:I,1500.0,-1500.0,3,1500.0,-1500.0,I/O Intr
SR24ML-PC-SQUAD-13:SETI,1500.0,-1500.0,3,1500.0,-1500.0,Passive
SR24ML-PC-SQUAD-14:I,1500.0,-1500.0,3,1500.0,-1500.0,I/O Intr
SR24ML-PC-SQUAD-14:SETI,1500.0,-1500.0,3,1500.0,-1500.0,Passive
SR24ML-PC-VSTR-08:I,1500.0,-1500.0,3,1500.0,-1500.0,I/O Intr
SR24ML-PC-VSTR-08:SETI,1500.0,-1500.0,3,1500.0,-1500.0,Passive
SR24ML-PC-VSTR-09:I,1500.0,-1500.0,3,1500.0,-1500.0,I/O Intr
SR24ML-PC-VSTR-09:SETI,1500.0,-1500.0,3,1500.0,-1500.0,Passive
SR24ML-PC-VSTR-10:I,1500.0,-1500.0,3,1500.0,-1500.0,I/O Intr
SR24ML-PC-VSTR-10:SETI,1500.0,-1500.0,3,1500.0,-1500.0,Passive
SR24ML-PC-VSTR-13:I,1500.0,-1500.0,3,1500.0,-1500.0,I/O Intr
SR24ML-PC-VSTR-13:SETI,1500.0,-1500.0,3,1500.0,-1500.0,Passive
SR24ML-PC-VSTR-14:I,1500.0,-1500.0,3,1500.0,-1500.0,I/O Intr
SR24ML-PC-VSTR-14:SETI,1500.0,-1500.0,3,1500.0,-1500.0,Passive
SR24ML-PC-VSTR-15:I,1500.0,-1500.0,3,1500.0,-1500.0,I/O Intr
SR24ML-PC-VSTR-15:SETI,1500.0,-1500.0,3,1500.0,-1500.0,Passive
SR24SI-PC-HSTR-11:I,1500.0,-1500.0,3,1500.0,-1500.0,I/O Intr
SR24SI-PC-HSTR-11:SETI,1500.0,-1500.0,3,1500.0,-1500.0,Passive
SR24SI-PC-HSTR-12:I,1500.0,-1500.0,3,1500.0,-1500.0,I/O Intr
SR24SI-PC-HSTR-12:SETI,1500.0,-1500.0,3,1500.0,-1500.0,Passive
SR24SI-PC-VSTR-11:I,1500.0,-1500.0,3,1500.0,-1500.0,I/O Intr
SR24SI-PC-VSTR-11:SETI,1500.0,-1500.0,3,1500.0,-1500.0,Passive
SR24SI-PC-VSTR-12:I,1500.0,-1500.0,3,1500.0,-1500.0,I/O Intr
SR24SI-PC-VSTR-12:SETI,1500.0,-1500.0,3,1500.0,-1500.0,Passive
SR24SM-PC-ABQ-01:I,1500.0,-1500.0,3,1500.0,-1500.0,I/O Intr
SR24SM-PC-ABQ-01:SETI,1500.0,-1500.0,3,1500.0,-1500.0,Passive
SR24SM-PC-ABQ-02:I,1500.0,-1500.0,3,1500.0,-1500.0,I/O Intr
SR24SM-PC-ABQ-02:SETI,1500.0,-1500.0,3,1500.0,-1500.0,Passive
SR24SM-PC-DQ-01:I,1500.0,-1500.0,3,1500.0,-1500.0,I/O Intr
SR24SM-PC-DQ-01:SETI,1500.0,-1500.0,3,1500.0,-1500.0,Passive
SR24SM-PC-HSTR-01:I,1500.0,-1500.0,3,1500.0,-1500.0,I/O Intr
SR24SM-PC-HSTR-01:SETI,1500.0,-1500.0,3,1500.0,-1500.0,Passive
SR24SM-PC-HSTR-02:I,1500.0,-1500.0,3,1500.0,-1500.0,I/O Intr
SR24SM-PC-HSTR-02:SETI,1500.0,-1500.0,3,1500.0,-1500.0,Passive
SR24SM-PC-HSTR-03:I,1500.0,-1500.0,3,1500.0,-1500.0,I/O Intr
SR24SM-PC-HSTR-03:SETI,1500.0,-1500.0,3,1500.0,-1500.0,Passive
SR24SM-PC-HSTR-05:I,1500.0,-1500.0,3,1500.0,-1500.0,I/O Intr
SR24SM-PC-HSTR-05:SETI,1500.0,-1500.0,3,1500.0,-1500.0,Passive
SR24SM-PC-HSTR-06:I,1500.0,-1500.0,3,1500.0,-1500.0,I/O Intr
SR24SM-PC-HSTR-06:SETI,1500.0,-1500.0,3,1500.0,-1500.0,Passive
SR24SM-PC-HSTR-07:I,1500.0,-1500.0,3,1500.0,-1500.0,I/O Intr
SR24SM-PC-HSTR-07:SETI,1500.0,-1500.0,3,1500.0,-1500.0,Passive
SR24SM-PC-OCT-04:I,1500.0,-1500.0,3,1500.0,-1500.0,I/O Intr
SR24SM-PC-OCT-04:SETI,1500.0,-1500.0,3,1500.0,-1500.0,Passive
SR24SM-PC-QUAD-01:I,1500.0,-1500.0,3,1500.0,-1500.0,I/O Intr
SR24SM-PC-QUAD-01:SETI,1500.0,-1500.0,3,1500.0,-1500.0,Passive
SR24SM-PC-QUAD-02:I,1500.0,-1500.0,3,1500.0,-1500.0,I/O Intr
SR24SM-PC-QUAD-02:SETI,1500.0,-1500.0,3,1500.0,-1500.0,Passive
SR24SM-PC-QUAD-03:I,1500.0,-1500.0,3,1500.0,-1500.0,I/O Intr
SR24SM-PC-QUAD-03:SETI,1500.0,-1500.0,3,1500.0,-1500.0,Passive
SR24SM-PC-QUAD-04:I,1500.0,-1500.0,3,1500.0,-1500.0,I/O Intr
SR24SM-PC-QUAD-04:SETI,1500.0,-1500.0,3,1500.0,-1500.0,Passive
SR24SM-PC-QUAD-05:I,1500.0,-1500.0,3,1500.0,-1500.0,I/O Intr
SR24SM-PC-QUAD-05:SETI,1500.0,-1500.0,3,1500.0,-1500.0,Passive
SR24SM-PC-QUAD-06:I,1500.0,-1500.0,3,1500.0,-1500.0,I/O Intr
SR24SM-PC-QUAD-06:SETI,1500.0,-1500.0,3,1500.0,-1500.0,Passive
SR24SM-PC-SEXT-01:I,1500.0,-1500.0,3,1500.0,-1500.0,I/O Intr
SR24SM-PC-SEXT-01:SETI,1500.0,-1500.0,3,1500.0,-1500.0,Passive
SR24SM-PC-SEXT-02:I,1500.0,-1500.0,3,1500.0,-1500.0,I/O Intr
SR24SM-PC-SEXT-02:SETI,1500.0,-1500.0,3,1500.0,-1500.0,Passive
SR24SM-PC-SEXT-03:I,1500.0,-1500.0,3,1500.0,-1500.0,I/O Intr
SR24SM-PC-SEXT-03:SETI,1500.0,-1500.0,3,1500.0,-1500.0,Passive
SR24SM-PC-SEXT-05:I,1500.0,-1500.0,3,1500.0,-1500.0,I/O Intr
SR24SM-PC-SEXT-05:SETI,1500.0,-1500.0,3,1500.0,-1500.0,Passive
SR24SM-PC-SEXT-06:I,1500.0,-1500.0,3,1500.0,-1500.0,I/O Intr
SR24SM-PC-SEXT-06:SETI,1500.0,-1500.0,3,1500.0,-1500.0,Passive
SR24SM-PC-SEXT-07:I,1500.0,-1500.0,3,1500.0,-1500.0,I/O Intr
SR24SM-PC-SEXT-07:SETI,1500.0,-1500.0,3,1500.0,-1500.0,Passive
SR24SM-PC-SQUAD-01:I,1500.0,-1500.0,3,1500.0,-1500.0,I/O Intr
SR24SM-PC-SQUAD-01:SETI,1500.0,-1500.0,3,1500.0,-1500.0,Passive
SR24SM-PC-SQUAD-02:I,1500.0,-1500.0,3,1500.0,-1500.0,I/O Intr
SR24SM-PC-SQUAD-02:SETI,1500.0,-1500.0,3,1500.0,-1500.0,Passive
SR24SM-PC-SQUAD-03:I,1500.0,-1500.0,3,1500.0,-1500.0,I/O Intr
SR24SM-PC-SQUAD-03:SETI,1500.0,-1500.0,3,1500.0,-1500.0,Passive
SR24SM-PC-SQUAD-05:I,1500.0,-1500.0,3,1500.0,-1500.0,I/O Intr
SR24SM-PC-SQUAD-05:SETI,1500.0,-1500.0,3,1500.0,-1500.0,Passive
SR24SM-PC-SQUAD-06:I,1500.0,-1500.0,3,1500.0,-1500.0,I/O Intr
SR24SM-PC-SQUAD-06:SETI,1500.0,-1500.0,3,1500.0,-1500.0,Passive
SR24SM-PC-SQUAD-07:I,1500.0,-1500.0,3,1500.0,-1500.0,I/O Intr
SR24SM-PC-SQUAD-07:SETI,1500.0,-1500.0,3,1500.0,-1500.0,Passive
SR24SM-PC-VSTR-01:I,1500.0,-1500.0,3,1500.0,-1500.0,I/O Intr
SR24SM-PC-VSTR-01:SETI,1500.0,-1500.0,3,1500.0,-1500.0,Passive
SR24SM-PC-VSTR-02:I,1500.0,-1500.0,3,1500.0,-1500.0,I/O Intr
SR24SM-PC-VSTR-02:SETI,1500.0,-1500.0,3,1500.0,-1500.0,Passive
SR24SM-PC-VSTR-03:I,1500.0,-1500.0,3,1500.0,-1500.0,I/O Intr
SR24SM-PC-VSTR-03:SETI,1500.0,-1500.0,3,1500.0,-1500.0,Passive
SR24SM-PC-VSTR-05:I,1500.0,-1500.0,3,1500.0,-1500.0,I/O Intr
SR24SM-PC-VSTR-05:SETI,1500.0,-1500.0,3,1500.0,-1500.0,Passive
SR24SM-PC-VSTR-06:I,1500.0,-1500.0,3,1500.0,-1500.0,I/O Intr
SR24SM-PC-VSTR-06:SETI,1500.0,-1500.0,3,1500.0,-1500.0,Passive
SR24SM-PC-VSTR-07:I,1500.0,-1500.0,3,1500.0,-1500.0,I/O Intr
SR24SM-PC-VSTR-07:SETI,1500.0,-1500.0,3,1500.0,-1500.0,Passive
