pv,upper,lower,precision,drive_high,drive_low,scan
LI-RF-MOSC-01:FREQ,500000000.0,499000000.0,1,500000000.0,499000000.0,I/O Intr
LI-RF-MOSC-01:FREQ_SET,499520639.7,499500639.7,1,499520639.7,499500639.7,Passive
SR-DI-EMIT-01:HEMIT,1500.0,-1500.0,3,1500.0,-1500.0,.1 second
SR-DI-EMIT-01:VEMIT,1500.0,-1500.0,3,1500.0,-1500.0,.1 second
SR01-PC-DL1:I,1500.0,-1500.0,3,1500.0,-1500.0,I/O Intr
SR01-PC-DL1:SETI,1500.0,-1500.0,3,1500.0,-1500.0,Passive
SR01-PC-DL2:I,1500.0,-1500.0,3,1500.0,-1500.0,I/O Intr
SR01-PC-DL2:SETI,1500.0,-1500.0,3,1500.0,-1500.0,Passive
SR01-PC-DL3:I,1500.0,-1500.0,3,1500.0,-1500.0,I/O Intr
SR01-PC-DL3:SETI,1500.0,-1500.0,3,1500.0,-1500.0,Passive
SR01-PC-DL4:I,1500.0,-1500.0,3,1500.0,-1500.0,I/O Intr
SR01-PC-DL4:SETI,1500.0,-1500.0,3,1500.0,-1500.0,Passive
SR01-PC-DQ1-01:I,1500.0,-1500.0,3,1500.0,-1500.0,I/O Intr
SR01-PC-DQ1-01:SETI,1500.0,-1500.0,3,1500.0,-1500.0,Passive
SR01-PC-DQ1-02:I,1500.0,-1500.0,3,1500.0,-1500.0,I/O Intr
SR01-PC-DQ1-02:SETI,1500.0,-1500.0,3,1500.0,-1500.0,Passive
SR01-PC-O0X-01:I,1500.0,-1500.0,3,1500.0,-1500.0,I/O Intr
SR01-PC-O0X-01:SETI,1500.0,-1500.0,3,1500.0,-1500.0,Passive
SR01-PC-O1X-01:I,1500.0,-1500.0,3,1500.0,-1500.0,I/O Intr
SR01-PC-O1X-01:SETI,1500.0,-1500.0,3,1500.0,-1500.0,Passive
SR01-PC-O1X-02:I,1500.0,-1500.0,3,1500.0,-1500.0,I/O Intr
SR01-PC-O1X-02:SETI,1500.0,-1500.0,3,1500.0,-1500.0,Passive
SR01A-PC-A1L-05:I,1500.0,-1500.0,3,1500.0,-1500.0,I/O Intr
SR01A-PC-A1L-05:SETI,1500.0,-1500.0,3,1500.0,-1500.0,Passive
SR01A-PC-A1N-14:I,1500.0,-1500.0,3,1500.0,-1500.0,I/O Intr
SR01A-PC-A1N-14:SETI,1500.0,-1500.0,3,1500.0,-1500.0,Passive
SR01A-PC-A2L-06:I,1500.0,-1500.0,3,1500.0,-1500.0,I/O Intr
SR01A-PC-A2L-06:SETI,1500.0,-1500.0,3,1500.0,-1500.0,Passive
SR01A-PC-A2N-13:I,1500.0,-1500.0,3,1500.0,-1500.0,I/O Intr
SR01A-PC-A2N-13:SETI,1500.0,-1500.0,3,1500.0,-1500.0,Passive
SR01A-PC-HSTR-01:I,1500.0,-1500.0,3,1500.0,-1500.0,I/O Intr
SR01A-PC-HSTR-01:SETI,1500.0,-1500.0,3,1500.0,-1500.0,Passive
SR01A-PC-HSTR-02:I,1500.0,-1500.0,3,1500.0,-1500.0,I/O Intr
SR01A-PC-HSTR-02:SETI,1500.0,-1500.0,3,1500.0,-1500.0,Passive
SR01A-PC-HSTR-03:I,1500.0,-1500.0,3,1500.0,-1500.0,I/O Intr
SR01A-PC-HSTR-03:SETI,1500.0,-1500.0,3,1500.0,-1500.0,Passive
SR01A-PC-HSTR-04:I,1500.0,-1500.0,3,1500.0,-1500.0,I/O Intr
SR01A-PC-HSTR-04:SETI,1500.0,-1500.0,3,1500.0,-1500.0,Passive
SR01A-PC-HSTR-05:I,1500.0,-1500.0,3,1500.0,-1500.0,I/O Intr
SR01A-PC-HSTR-05:SETI,1500.0,-1500.0,3,1500.0,-1500.0,Passive
SR01A-PC-HSTR-06:I,1500.0,-1500.0,3,1500.0,-1500.0,I/O Intr
SR01A-PC-HSTR-06:SETI,1500.0,-1500.0,3,1500.0,-1500.0,Passive
SR01A-PC-HSTR-07:I,1500.0,-1500.0,3,1500.0,-1500.0,I/O Intr
SR01A-PC-HSTR-07:SETI,1500.0,-1500.0,3,1500.0,-1500.0,Passive
SR01A-PC-HSTR-08:I,1500.0,-1500.0,3,1500.0,-1500.0,I/O Intr
SR01A-PC-HSTR-08:SETI,1500.0,-1500.0,3,1500.0,-1500.0,Passive
SR01A-PC-HSTR-09:I,1500.0,-1500.0,3,1500.0,-1500.0,I/O Intr
SR01A-PC-HSTR-09:SETI,1500.0,-1500.0,3,1500.0,-1500.0,Passive
SR01A-PC-HSTR-10:I,1500.0,-1500.0,3,1500.0,-1500.0,I/O Intr
SR01A-PC-HSTR-10:SETI,1500.0,-1500.0,3,1500.0,-1500.0,Passive
SR01A-PC-HSTR-11:I,1500.0,-1500.0,3,1500.0,-1500.0,I/O Intr
SR01A-PC-HSTR-11:SETI,1500.0,-1500.0,3,1500.0,-1500.0,Passive
SR01A-PC-HSTR-12:I,1500.0,-1500.0,3,1500.0,-1500.0,I/O Intr
SR01A-PC-HSTR-12:SETI,1500.0,-1500.0,3,1500.0,-1500.0,Passive
SR01A-PC-Q0L-01:I,1500.0,-1500.0,3,1500.0,-1500.0,I/O Intr
SR01A-PC-Q0L-01:SETI,1500.0,-1500.0,3,1500.0,-1500.0,Passive
SR01A-PC-Q1L-02:I,1500.0,-1500.0,3,1500.0,-1500.0,I/O Intr
SR01A-PC-Q1L-02:SETI,1500.0,-1500.0,3,1500.0,-1500.0,Passive
SR01A-PC-Q1N-17:I,1500.0,-1500.0,3,1500.0,-1500.0,I/O Intr
SR01A-PC-Q1N-17:SETI,1500.0,-1500.0,3,1500.0,-1500.0,Passive
SR01A-PC-Q2L-03:I,1500.0,-1500.0,3,1500.0,-1500.0,I/O Intr
SR01A-PC-Q2L-03:SETI,1500.0,-1500.0,3,1500.0,-1500.0,Passive
SR01A-PC-Q2N-16:I,1500.0,-1500.0,3,1500.0,-1500.0,I/O Intr
SR01A-PC-Q2N-16:SETI,1500.0,-1500.0,3,1500.0,-1500.0,Passive
SR01A-PC-Q3L-04:I,1500.0,-1500.0,3,1500.0,-1500.0,I/O Intr
SR01A-PC-Q3L-04:SETI,1500.0,-1500.0,3,1500.0,-1500.0,Passive
SR01A-PC-Q3N-15:I,1500.0,-1500.0,3,1500.0,-1500.0,I/O Intr
SR01A-PC-Q3N-15:SETI,1500.0,-1500.0,3,1500.0,-1500.0,Passive
SR01A-PC-Q4N-07:I,1500.0,-1500.0,3,1500.0,-1500.0,I/O Intr
SR01A-PC-Q4N-07:SETI,1500.0,-1500.0,3,1500.0,-1500.0,Passive
SR01A-PC-Q4N-12:I,1500.0,-1500.0,3,1500.0,-1500.0,I/O Intr
SR01A-PC-Q4N-12:SETI,1500.0,-1500.0,3,1500.0,-1500.0,Passive
SR01A-PC-Q5N-08:I,1500.0,-1500.0,3,1500.0,-1500.0,I/O Intr
SR01A-PC-Q5N-08:SETI,1500.0,-1500.0,3,1500.0,-1500.0,Passive
SR01A-PC-Q5N-11:I,1500.0,-1500.0,3,1500.0,-1500.0,I/O Intr
SR01A-PC-Q5N-11:SETI,1500.0,-1500.0,3,1500.0,-1500.0,Passive
SR01A-PC-Q6N-09:I,1500.0,-1500.0,3,1500.0,-1500.0,I/O Intr
SR01A-PC-Q6N-09:SETI,1500.0,-1500.0,3,1500.0,-1500.0,Passive
SR01A-PC-Q6N-10:I,1500.0,-1500.0,3,1500.0,-1500.0,I/O Intr
SR01A-PC-Q6N-10:SETI,1500.0,-1500.0,3,1500.0,-1500.0,Passive
SR01A-PC-S1X-01:I,1500.0,-1500.0,3,1500.0,-1500.0,I/O Intr
SR01A-PC-S1X-01:SETI,1500.0,-1500.0,3,1500.0,-1500.0,Passive
SR01A-PC-S1X-12:I,1500.0,-1500.0,3,1500.0,-1500.0,I/O Intr
SR01A-PC-S1X-12:SETI,1500.0,-1500.0,3,1500.0,-1500.0,Passive
SR01A-PC-S2A-02:I,1500.0,-1500.0,3,1500.0,-1500.0,I/O Intr
SR01A-PC-S2A-02:SETI,1500.0,-1500.0,3,1500.0,-1500.0,Passive
SR01A-PC-S2A-11:I,1500.0,-1500.0,3,1500.0,-1500.0,I/O Intr
SR01A-PC-S2A-11:SETI,1500.0,-1500.0,3,1500.0,-1500.0,Passive
SR01A-PC-S3A-03:I,1500.0,-1500.0,3,1500.0,-1500.0,I/O Intr
SR01A-PC-S3A-03:SETI,1500.0,-1500.0,3,1500.0,-1500.0,Passive
SR01A-PC-S3A-10:I,1500.0,-1500.0,3,1500.0,-1500.0,I/O Intr
SR01A-PC-S3A-10:SETI,1500.0,-1500.0,3,1500.0,-1500.0,Passive
SR01A-PC-S4A-04:I,1500.0,-1500.0,3,1500.0,-1500.0,I/O Intr
SR01A-PC-S4A-04:SETI,1500.0,-1500.0,3,1500.0,-1500.0,Passive
SR01A-PC-S4A-09:I,1500.0,-1500.0,3,1500.0,-1500.0,I/O Intr
SR01A-PC-S4A-09:SETI,1500.0,-1500.0,3,1500.0,-1500.0,Passive
SR01A-PC-S5X-05:I,1500.0,-1500.0,3,1500.0,-1500.0,I/O Intr
SR01A-PC-S5X-05:SETI,1500.0,-1500.0,3,1500.0,-1500.0,Passive
SR01A-PC-S5X-08:I,1500.0,-1500.0,3,1500.0,-1500.0,I/O Intr
SR01A-PC-S5X-08:SETI,1500.0,-1500.0,3,1500.0,-1500.0,Passive
SR01A-PC-S6X-06:I,1500.0,-1500.0,3,1500.0,-1500.0,I/O Intr
SR01A-PC-S6X-06:SETI,1500.0,-1500.0,3,1500.0,-1500.0,Passive
SR01A-PC-S6X-07:I,1500.0,-1500.0,3,1500.0,-1500.0,I/O Intr
SR01A-PC-S6X-07:SETI,1500.0,-1500.0,3,1500.0,-1500.0,Passive
SR01A-PC-SQUAD-01:I,1500.0,-1500.0,3,1500.0,-1500.0,I/O Intr
SR01A-PC-SQUAD-01:SETI,1500.0,-1500.0,3,1500.0,-1500.0,Passive
SR01A-PC-SQUAD-02:I,1500.0,-1500.0,3,1500.0,-1500.0,I/O Intr
SR01A-PC-SQUAD-02:SETI,1500.0,-1500.0,3,1500.0,-1500.0,Passive
SR01A-PC-SQUAD-03:I,1500.0,-1500.0,3,1500.0,-1500.0,I/O Intr
SR01A-PC-SQUAD-03:SETI,1500.0,-1500.0,3,1500.0,-1500.0,Passive
SR01A-PC-SQUAD-04:I,1500.0,-1500.0,3,1500.0,-1500.0,I/O Intr
SR01A-PC-SQUAD-04:SETI,1500.0,-1500.0,3,1500.0,-1500.0,Passive
SR01A-PC-SQUAD-05:I,1500.0,-1500.0,3,1500.0,-1500.0,I/O Intr
SR01A-PC-SQUAD-05:SETI,1500.0,-1500.0,3,1500.0,-1500.0,Passive
SR01A-PC-SQUAD-06:I,1500.0,-1500.0,3,1500.0,-1500.0,I/O Intr
SR01A-PC-SQUAD-06:SETI,1500.0,-1500.0,3,1500.0,-1500.0,Passive
SR01A-PC-SQUAD-07:I,1500.0,-1500.0,3,1500.0,-1500.0,I/O Intr
SR01A-PC-SQUAD-07:SETI,1500.0,-1500.0,3,1500.0,-1500.0,Passive
SR01A-PC-SQUAD-08:I,1500.0,-1500.0,3,1500.0,-1500.0,I/O Intr
SR01A-PC-SQUAD-08:SETI,1500.0,-1500.0,3,1500.0,-1500.0,Passive
SR01A-PC-SQUAD-09:I,1500.0,-1500.0,3,1500.0,-1500.0,I/O Intr
SR01A-PC-SQUAD-09:SETI,1500.0,-1500.0,3,1500.0,-1500.0,Passive
SR01A-PC-SQUAD-10:I,1500.0,-1500.0,3,1500.0,-1500.0,I/O Intr
SR01A-PC-SQUAD-10:SETI,1500.0,-1500.0,3,1500.0,-1500.0,Passive
SR01A-PC-SQUAD-11:I,1500.0,-1500.0,3,1500.0,-1500.0,I/O Intr
SR01A-PC-SQUAD-11:SETI,1500.0,-1500.0,3,1500.0,-1500.0,Passive
SR01A-PC-SQUAD-12:I,1500.0,-1500.0,3,1500.0,-1500.0,I/O Intr
SR01A-PC-SQUAD-12:SETI,1500.0,-1500.0,3,1500.0,-1500.0,Passive
SR01A-PC-VSTR-01:I,1500.0,-1500.0,3,1500.0,-1500.0,I/O Intr
SR01A-PC-VSTR-01:SETI,1500.0,-1500.0,3,1500.0,-1500.0,Passive
SR01A-PC-VSTR-02:I,1500.0,-1500.0,3,1500.0,-1500.0,I/O Intr
SR01A-PC-VSTR-02:SETI,1500.0,-1500.0,3,1500.0,-1500.0,Passive
SR01A-PC-VSTR-03:I,1500.0,-1500.0,3,1500.0,-1500.0,I/O Intr
SR01A-PC-VSTR-03:SETI,1500.0,-1500.0,3,1500.0,-1500.0,Passive
SR01A-PC-VSTR-04:I,1500.0,-1500.0,3,1500.0,-1500.0,I/O Intr
SR01A-PC-VSTR-04:SETI,1500.0,-1500.0,3,1500.0,-1500.0,Passive
SR01A-PC-VSTR-05:I,1500.0,-1500.0,3,1500.0,-1500.0,I/O Intr
SR01A-PC-VSTR-05:SETI,1500.0,-1500.0,3,1500.0,-1500.0,Passive
SR01A-PC-VSTR-06:I,1500.0,-1500.0,3,1500.0,-1500.0,I/O Intr
SR01A-PC-VSTR-06:SETI,1500.0,-1500.0,3,1500.0,-1500.0,Passive
SR01A-PC-VSTR-07:I,1500.0,-1500.0,3,1500.0,-1500.0,I/O Intr
SR01A-PC-VSTR-07:SETI,1500.0,-1500.0,3,1500.0,-1500.0,Passive
SR01A-PC-VSTR-08:I,1500.0,-1500.0,3,1500.0,-1500.0,I/O Intr
SR01A-PC-VSTR-08:SETI,1500.0,-1500.0,3,1500.0,-1500.0,Passive
SR01A-PC-VSTR-09:I,1500.0,-1500.0,3,1500.0,-1500.0,I/O Intr
SR01A-PC-VSTR-09:SETI,1500.0,-1500.0,3,1500.0,-1500.0,Passive
SR01A-PC-VSTR-10:I,1500.0,-1500.0,3,1500.0,-1500.0,I/O Intr
SR01A-PC-VSTR-10:SETI,1500.0,-1500.0,3,1500.0,-1500.0,Passive
SR01A-PC-VSTR-11:I,1500.0,-1500.0,3,1500.0,-1500.0,I/O Intr
SR01A-PC-VSTR-11:SETI,1500.0,-1500.0,3,1500.0,-1500.0,Passive
SR01A-PC-VSTR-12:I,1500.0,-1500.0,3,1500.0,-1500.0,I/O Intr
SR01A-PC-VSTR-12:SETI,1500.0,-1500.0,3,1500.0,-1500.0,Passive
SR01C-DI-EBPM-01:SA:X,1500.0,-1500.0,3,1500.0,-1500.0,I/O Intr
SR01C-DI-EBPM-01:SA:Y,1500.0,-1500.0,3,1500.0,-1500.0,I/O Intr
SR01C-DI-EBPM-02:SA:X,1500.0,-1500.0,3,1500.0,-1500.0,I/O Intr
SR01C-DI-EBPM-02:SA:Y,1500.0,-1500.0,3,1500.0,-1500.0,I/O Intr
SR01C-DI-EBPM-03:SA:X,1500.0,-1500.0,3,1500.0,-1500.0,I/O Intr
SR01C-DI-EBPM-03:SA:Y,1500.0,-1500.0,3,1500.0,-1500.0,I/O Intr
SR01C-DI-EBPM-04:SA:X,1500.0,-1500.0,3,1500.0,-1500.0,I/O Intr
SR01C-DI-EBPM-04:SA:Y,1500.0,-1500.0,3,1500.0,-1500.0,I/O Intr
SR01C-DI-EBPM-05:SA:X,1500.0,-1500.0,3,1500.0,-1500.0,I/O Intr
SR01C-DI-EBPM-05:SA:Y,1500.0,-1500.0,3,1500.0,-1500.0,I/O Intr
SR01C-DI-EBPM-06:SA:X,1500.0,-1500.0,3,1500.0,-1500.0,I/O Intr
SR01C-DI-EBPM-06:SA:Y,1500.0,-1500.0,3,1500.0,-1500.0,I/O Intr
SR01C-DI-EBPM-07:SA:X,1500.0,-1500.0,3,1500.0,-1500.0,I/O Intr
SR01C-DI-EBPM-07:SA:Y,1500.0,-1500.0,3,1500.0,-1500.0,I/O Intr
SR01C-DI-EBPM-08:SA:X,1500.0,-1500.0,3,1500.0,-1500.0,I/O Intr
SR01C-DI-EBPM-08:SA:Y,1500.0,-1500.0,3,1500.0,-1500.0,I/O Intr
SR01C-DI-EBPM-09:SA:X,1500.0,-1500.0,3,1500.0,-1500.0,I/O Intr
SR01C-DI-EBPM-09:SA:Y,1500.0,-1500.0,3,1500.0,-1500.0,I/O Intr
SR01C-DI-EBPM-10:SA:X,1500.0,-1500.0,3,1500.0,-1500.0,I/O Intr
SR01C-DI-EBPM-10:SA:Y,1500.0,-1500.0,3,1500.0,-1500.0,I/O Intr
SR01C-DI-EBPM-11:SA:X,1500.0,-1500.0,3,1500.0,-1500.0,I/O Intr
SR01C-DI-EBPM-11:SA:Y,1500.0,-1500.0,3,1500.0,-1500.0,I/O Intr
SR02-PC-DL1:I,1500.0,-1500.0,3,1500.0,-1500.0,I/O Intr
SR02-PC-DL1:SETI,1500.0,-1500.0,3,1500.0,-1500.0,Passive
SR02-PC-DL2:I,1500.0,-1500.0,3,1500.0,-1500.0,I/O Intr
SR02-PC-DL2:SETI,1500.0,-1500.0,3,1500.0,-1500.0,Passive
SR02-PC-DL3:I,1500.0,-1500.0,3,1500.0,-1500.0,I/O Intr
SR02-PC-DL3:SETI,1500.0,-1500.0,3,1500.0,-1500.0,Passive
SR02-PC-DL4:I,1500.0,-1500.0,3,1500.0,-1500.0,I/O Intr
SR02-PC-DL4:SETI,1500.0,-1500.0,3,1500.0,-1500.0,Passive
SR02-PC-DQ1-01:I,1500.0,-1500.0,3,1500.0,-1500.0,I/O Intr
SR02-PC-DQ1-01:SETI,1500.0,-1500.0,3,1500.0,-1500.0,Passive
SR02-PC-DQ1-02:I,1500.0,-1500.0,3,1500.0,-1500.0,I/O Intr
SR02-PC-DQ1-02:SETI,1500.0,-1500.0,3,1500.0,-1500.0,Passive
SR02-PC-O1X-01:I,1500.0,-1500.0,3,1500.0,-1500.0,I/O Intr
SR02-PC-O1X-01:SETI,1500.0,-1500.0,3,1500.0,-1500.0,Passive
SR02-PC-O1X-02:I,1500.0,-1500.0,3,1500.0,-1500.0,I/O Intr
SR02-PC-O1X-02:SETI,1500.0,-1500.0,3,1500.0,-1500.0,Passive
SR02A-PC-A1N-04:I,1500.0,-1500.0,3,1500.0,-1500.0,I/O Intr
SR02A-PC-A1N-04:SETI,1500.0,-1500.0,3,1500.0,-1500.0,Passive
SR02A-PC-A1N-13:I,1500.0,-1500.0,3,1500.0,-1500.0,I/O Intr
SR02A-PC-A1N-13:SETI,1500.0,-1500.0,3,1500.0,-1500.0,Passive
SR02A-PC-A2N-05:I,1500.0,-1500.0,3,1500.0,-1500.0,I/O Intr
SR02A-PC-A2N-05:SETI,1500.0,-1500.0,3,1500.0,-1500.0,Passive
SR02A-PC-A2N-12:I,1500.0,-1500.0,3,1500.0,-1500.0,I/O Intr
SR02A-PC-A2N-12:SETI,1500.0,-1500.0,3,1500.0,-1500.0,Passive
SR02A-PC-HSTR-01:I,1500.0,-1500.0,3,1500.0,-1500.0,I/O Intr
SR02A-PC-HSTR-01:SETI,1500.0,-1500.0,3,1500.0,-1500.0,Passive
SR02A-PC-HSTR-02:I,1500.0,-1500.0,3,1500.0,-1500.0,I/O Intr
SR02A-PC-HSTR-02:SETI,1500.0,-1500.0,3,1500.0,-1500.0,Passive
SR02A-PC-HSTR-03:I,1500.0,-1500.0,3,1500.0,-1500.0,I/O Intr
SR02A-PC-HSTR-03:SETI,1500.0,-1500.0,3,1500.0,-1500.0,Passive
SR02A-PC-HSTR-04:I,1500.0,-1500.0,3,1500.0,-1500.0,I/O Intr
SR02A-PC-HSTR-04:SETI,1500.0,-1500.0,3,1500.0,-1500.0,Passive
SR02A-PC-HSTR-05:I,1500.0,-1500.0,3,1500.0,-1500.0,I/O Intr
SR02A-PC-HSTR-05:SETI,1500.0,-1500.0,3,1500.0,-1500.0,Passive
SR02A-PC-HSTR-06:I,1500.0,-1500.0,3,1500.0,-1500.0,I/O Intr
SR02A-PC-HSTR-06:SETI,1500.0,-1500.0,3,1500.0,-1500.0,Passive
SR02A-PC-HSTR-07:I,1500.0,-1500.0,3,1500.0,-1500.0,I/O Intr
SR02A-PC-HSTR-07:SETI,1500.0,-1500.0,3,1500.0,-1500.0,Passive
SR02A-PC-HSTR-08:I,1500.0,-1500.0,3,1500.0,-1500.0,I/O Intr
SR02A-PC-HSTR-08:SETI,1500.0,-1500.0,3,1500.0,-1500.0,Passive
SR02A-PC-HSTR-09:I,1500.0,-1500.0,3,1500.0,-1500.0,I/O Intr
SR02A-PC-HSTR-09:SETI,1500.0,-1500.0,3,1500.0,-1500.0,Passive
SR02A-PC-HSTR-10:I,1500.0,-1500.0,3,1500.0,-1500.0,I/O Intr
SR02A-PC-HSTR-10:SETI,1500.0,-1500.0,3,1500.0,-1500.0,Passive
SR02A-PC-HSTR-11:I,1500.0,-1500.0,3,1500.0,-1500.0,I/O Intr
SR02A-PC-HSTR-11:SETI,1500.0,-1500.0,3,1500.0,-1500.0,Passive
SR02A-PC-HSTR-12:I,1500.0,-1500.0,3,1500.0,-1500.0,I/O Intr
SR02A-PC-HSTR-12:SETI,1500.0,-1500.0,3,1500.0,-1500.0,Passive
SR02A-PC-Q1N-01:I,1500.0,-1500.0,3,1500.0,-1500.0,I/O Intr
SR02A-PC-Q1N-01:SETI,1500.0,-1500.0,3,1500.0,-1500.0,Passive
SR02A-PC-Q1N-16:I,1500.0,-1500.0,3,1500.0,-1500.0,I/O Intr
SR02A-PC-Q1N-16:SETI,1500.0,-1500.0,3,1500.0,-1500.0,Passive
SR02A-PC-Q2N-02:I,1500.0,-1500.0,3,1500.0,-1500.0,I/O Intr
SR02A-PC-Q2N-02:SETI,1500.0,-1500.0,3,1500.0,-1500.0,Passive
SR02A-PC-Q2N-15:I,1500.0,-1500.0,3,1500.0,-1500.0,I/O Intr
SR02A-PC-Q2N-15:SETI,1500.0,-1500.0,3,1500.0,-1500.0,Passive
SR02A-PC-Q3N-03:I,1500.0,-1500.0,3,1500.0,-1500.0,I/O Intr
SR02A-PC-Q3N-03:SETI,1500.0,-1500.0,3,1500.0,-1500.0,Passive
SR02A-PC-Q3N-14:I,1500.0,-1500.0,3,1500.0,-1500.0,I/O Intr
SR02A-PC-Q3N-14:SETI,1500.0,-1500.0,3,1500.0,-1500.0,Passive
SR02A-PC-Q4N-06:I,1500.0,-1500.0,3,1500.0,-1500.0,I/O Intr
SR02A-PC-Q4N-06:SETI,1500.0,-1500.0,3,1500.0,-1500.0,Passive
SR02A-PC-Q4N-11:I,1500.0,-1500.0,3,1500.0,-1500.0,I/O Intr
SR02A-PC-Q4N-11:SETI,1500.0,-1500.0,3,1500.0,-1500.0,Passive
SR02A-PC-Q5N-07:I,1500.0,-1500.0,3,1500.0,-1500.0,I/O Intr
SR02A-PC-Q5N-07:SETI,1500.0,-1500.0,3,1500.0,-1500.0,Passive
SR02A-PC-Q5N-10:I,1500.0,-1500.0,3,1500.0,-1500.0,I/O Intr
SR02A-PC-Q5N-10:SETI,1500.0,-1500.0,3,1500.0,-1500.0,Passive
SR02A-PC-Q6N-08:I,1500.0,-1500.0,3,1500.0,-1500.0,I/O Intr
SR02A-PC-Q6N-08:SETI,1500.0,-1500.0,3,1500.0,-1500.0,Passive
SR02A-PC-Q6N-09:I,1500.0,-1500.0,3,1500.0,-1500.0,I/O Intr
SR02A-PC-Q6N-09:SETI,1500.0,-1500.0,3,1500.0,-1500.0,Passive
SR02A-PC-S1X-01:I,1500.0,-1500.0,3,1500.0,-1500.0,I/O Intr
SR02A-PC-S1X-01:SETI,1500.0,-1500.0,3,1500.0,-1500.0,Passive
SR02A-PC-S1X-12:I,1500.0,-1500.0,3,1500.0,-1500.0,I/O Intr
SR02A-PC-S1X-12:SETI,1500.0,-1500.0,3,1500.0,-1500.0,Passive
SR02A-PC-S2A-02:I,1500.0,-1500.0,3,1500.0,-1500.0,I/O Intr
SR02A-PC-S2A-02:SETI,1500.0,-1500.0,3,1500.0,-1500.0,Passive
SR02A-PC-S2A-11:I,1500.0,-1500.0,3,1500.0,-1500.0,I/O Intr
SR02A-PC-S2A-11:SETI,1500.0,-1500.0,3,1500.0,-1500.0,Passive
SR02A-PC-S3A-03:I,1500.0,-1500.0,3,1500.0,-1500.0,I/O Intr
SR02A-PC-S3A-03:SETI,1500.0,-1500.0,3,1500.0,-1500.0,Passive
SR02A-PC-S3A-10:I,1500.0,-1500.0,3,1500.0,-1500.0,I/O Intr
SR02A-PC-S3A-10:SETI,1500.0,-1500.0,3,1500.0,-1500.0,Passive
SR02A-PC-S4A-04:I,1500.0,-1500.0,3,1500.0,-1500.0,I/O Intr
SR02A-PC-S4A-04:SETI,1500.0,-1500.0,3,1500.0,-1500.0,Passive
SR02A-PC-S4A-09:I,1500.0,-1500.0,3,1500.0,-1500.0,I/O Intr
SR02A-PC-S4A-09:SETI,1500.0,-1500.0,3,1500.0,-1500.0,Passive
SR02A-PC-S5X-05:I,1500.0,-1500.0,3,1500.0,-1500.0,I/O Intr
SR02A-PC-S5X-05:SETI,1500.0,-1500.0,3,1500.0,-1500.0,Passive
SR02A-PC-S5X-08:I,1500.0,-1500.0,3,1500.0,-1500.0,I/O Intr
SR02A-PC-S5X-08:SETI,1500.0,-1500.0,3,1500.0,-1500.0,Passive
SR02A-PC-S6X-06:I,1500.0,-1500.0,3,1500.0,-1500.0,I/O Intr
SR02A-PC-S6X-06:SETI,1500.0,-1500.0,3,1500.0,-1500.0,Passive
SR02A-PC-S6X-07:I,1500.0,-1500.0,3,1500.0,-1500.0,I/O Intr
SR02A-PC-S6X-07:SETI,1500.0,-1500.0,3,1500.0,-1500.0,Passive
SR02A-PC-SQUAD-01:I,1500.0,-1500.0,3,1500.0,-1500.0,I/O Intr
SR02A-PC-SQUAD-01:SETI,1500.0,-1500.0,3,1500.0,-1500.0,Passive
SR02A-PC-SQUAD-02:I,1500.0,-1500.0,3,1500.0,-1500.0,I/O Intr
SR02A-PC-SQUAD-02:SETI,1500.0,-1500.0,3,1500.0,-1500.0,Passive
SR02A-PC-SQUAD-03:I,1500.0,-1500.0,3,1500.0,-1500.0,I/O Intr
SR02A-PC-SQUAD-03:SETI,1500.0,-1500.0,3,1500.0,-1500.0,Passive
SR02A-PC-SQUAD-04:I,1500.0,-1500.0,3,1500.0,-1500.0,I/O Intr
SR02A-PC-SQUAD-04:SETI,1500.0,-1500.0,3,1500.0,-1500.0,Passive
SR02A-PC-SQUAD-05:I,1500.0,-1500.0,3,1500.0,-1500.0,I/O Intr
SR02A-PC-SQUAD-05:SETI,1500.0,-1500.0,3,1500.0,-1500.0,Passive
SR02A-PC-SQUAD-06:I,1500.0,-1500.0,3,1500.0,-1500.0,I/O Intr
SR02A-PC-SQUAD-06:SETI,1500.0,-1500.0,3,1500.0,-1500.0,Passive
SR02A-PC-SQUAD-07:I,1500.0,-1500.0,3,1500.0,-1500.0,I/O Intr
SR02A-PC-SQUAD-07:SETI,1500.0,-1500.0,3,1500.0,-1500.0,Passive
SR02A-PC-SQUAD-08:I,1500.0,-1500.0,3,1500.0,-1500.0,I/O Intr
SR02A-PC-SQUAD-08:SETI,1500.0,-1500.0,3,1500.0,-1500.0,Passive
SR02A-PC-SQUAD-09:I,1500.0,-1500.0,3,1500.0,-1500.0,I/O Intr
SR02A-PC-SQUAD-09:SETI,1500.0,-1500.0,3,1500.0,-1500.0,Passive
SR02A-PC-SQUAD-10:I,1500.0,-1500.0,3,1500.0,-1500.0,I/O Intr
SR02A-PC-SQUAD-10:SETI,1500.0,-1500.0,3,1500.0,-1500.0,Passive
SR02A-PC-SQUAD-11:I,1500.0,-1500.0,3,1500.0,-1500.0,I/O Intr
SR02A-PC-SQUAD-11:SETI,1500.0,-1500.0,3,1500.0,-1500.0,Passive
SR02A-PC-SQUAD-12:I,1500.0,-1500.0,3,1500.0,-1500.0,I/O Intr
SR02A-PC-SQUAD-12:SETI,1500.0,-1500.0,3,1500.0,-1500.0,Passive
SR02A-PC-VSTR-01:I,1500.0,-1500.0,3,1500.0,-1500.0,I/O Intr
SR02A-PC-VSTR-01:SETI,1500.0,-1500.0,3,1500.0,-1500.0,Passive
SR02A-PC-VSTR-02:I,1500.0,-1500.0,3,1500.0,-1500.0,I/O Intr
SR02A-PC-VSTR-02:SETI,1500.0,-1500.0,3,1500.0,-1500.0,Passive
SR02A-PC-VSTR-03:I,1500.0,-1500.0,3,1500.0,-1500.0,I/O Intr
SR02A-PC-VSTR-03:SETI,1500.0,-1500.0,3,1500.0,-1500.0,Passive
SR02A-PC-VSTR-04:I,1500.0,-1500.0,3,1500.0,-1500.0,I/O Intr
SR02A-PC-VSTR-04:SETI,1500.0,-1500.0,3,1500.0,-1500.0,Passive
SR02A-PC-VSTR-05:I,1500.0,-1500.0,3,1500.0,-1500.0,I/O Intr
SR02A-PC-VSTR-05:SETI,1500.0,-1500.0,3,1500.0,-1500.0,Passive
SR02A-PC-VSTR-06:I,1500.0,-1500.0,3,1500.0,-1500.0,I/O Intr
SR02A-PC-VSTR-06:SETI,1500.0,-1500.0,3,1500.0,-1500.0,Passive
SR02A-PC-VSTR-07:I,1500.0,-1500.0,3,1500.0,-1500.0,I/O Intr
SR02A-PC-VSTR-07:SETI,1500.0,-1500.0,3,1500.0,-1500.0,Passive
SR02A-PC-VSTR-08:I,1500.0,-1500.0,3,1500.0,-1500.0,I/O Intr
SR02A-PC-VSTR-08:SETI,1500.0,-1500.0,3,1500.0,-1500.0,Passive
SR02A-PC-VSTR-09:I,1500.0,-1500.0,3,1500.0,-1500.0,I/O Intr
SR02A-PC-VSTR-09:SETI,1500.0,-1500.0,3,1500.0,-1500.0,Passive
SR02A-PC-VSTR-10:I,1500.0,-1500.0,3,1500.0,-1500.0,I/O Intr
SR02A-PC-VSTR-10:SETI,1500.0,-1500.0,3,1500.0,-1500.0,Passive
SR02A-PC-VSTR-11:I,1500.0,-1500.0,3,1500.0,-1500.0,I/O Intr
SR02A-PC-VSTR-11:SETI,1500.0,-1500.0,3,1500.0,-1500.0,Passive
SR02A-PC-VSTR-12:I,1500.0,-1500.0,3,1500.0,-1500.0,I/O Intr
SR02A-PC-VSTR-12:SETI,1500.0,-1500.0,3,1500.0,-1500.0,Passive
SR02C-DI-EBPM-01:SA:X,1500.0,-1500.0,3,1500.0,-1500.0,I/O Intr
SR02C-DI-EBPM-01:SA:Y,1500.0,-1500.0,3,1500.0,-1500.0,I/O Intr
SR02C-DI-EBPM-02:SA:X,1500.0,-1500.0,3,1500.0,-1500.0,I/O Intr
SR02C-DI-EBPM-02:SA:Y,1500.0,-1500.0,3,1500.0,-1500.0,I/O Intr
SR02C-DI-EBPM-03:SA:X,1500.0,-1500.0,3,1500.0,-1500.0,I/O Intr
SR02C-DI-EBPM-03:SA:Y,1500.0,-1500.0,3,1500.0,-1500.0,I/O Intr
SR02C-DI-EBPM-04:SA:X,1500.0,-1500.0,3,1500.0,-1500.0,I/O Intr
SR02C-DI-EBPM-04:SA:Y,1500.0,-1500.0,3,1500.0,-1500.0,I/O Intr
SR02C-DI-EBPM-05:SA:X,1500.0,-1500.0,3,1500.0,-1500.0,I/O Intr
SR02C-DI-EBPM-05:SA:Y,1500.0,-1500.0,3,1500.0,-1500.0,I/O Intr
SR02C-DI-EBPM-06:SA:X,1500.0,-1500.0,3,1500.0,-1500.0,I/O Intr
SR02C-DI-EBPM-06:SA:Y,1500.0,-1500.0,3,1500.0,-1500.0,I/O Intr
SR02C-DI-EBPM-07:SA:X,1500.0,-1500.0,3,1500.0,-1500.0,I/O Intr
SR02C-DI-EBPM-07:SA:Y,1500.0,-1500.0,3,1500.0,-1500.0,I/O Intr
SR02C-DI-EBPM-08:SA:X,1500.0,-1500.0,3,1500.0,-1500.0,I/O Intr
SR02C-DI-EBPM-08:SA:Y,1500.0,-1500.0,3,1500.0,-1500.0,I/O Intr
SR02C-DI-EBPM-09:SA:X,1500.0,-1500.0,3,1500.0,-1500.0,I/O Intr
SR02C-DI-EBPM-09:SA:Y,1500.0,-1500.0,3,1500.0,-1500.0,I/O Intr
SR02C-DI-EBPM-10:SA:X,1500.0,-1500.0,3,1500.0,-1500.0,I/O Intr
SR02C-DI-EBPM-10:SA:Y,1500.0,-1500.0,3,1500.0,-1500.0,I/O Intr
SR02I-PC-HSTR-11:I,1500.0,-1500.0,3,1500.0,-1500.0,I/O Intr
SR02I-PC-HSTR-11:SETI,1500.0,-1500.0,3,1500.0,-1500.0,Passive
SR02I-PC-HSTR-12:I,1500.0,-1500.0,3,1500.0,-1500.0,I/O Intr
SR02I-PC-HSTR-12:SETI,1500.0,-1500.0,3,1500.0,-1500.0,Passive
SR02I-PC-VSTR-11:I,1500.0,-1500.0,3,1500.0,-1500.0,I/O Intr
SR02I-PC-VSTR-11:SETI,1500.0,-1500.0,3,1500.0,-1500.0,Passive
SR02I-PC-VSTR-12:I,1500.0,-1500.0,3,1500.0,-1500.0,I/O Intr
SR02I-PC-VSTR-12:SETI,1500.0,-1500.0,3,1500.0,-1500.0,Passive
SR02K-PC-HSTR-11:I,1500.0,-1500.0,3,1500.0,-1500.0,I/O Intr
SR02K-PC-HSTR-11:SETI,1500.0,-1500.0,3,1500.0,-1500.0,Passive
SR02K-PC-HSTR-12:I,1500.0,-1500.0,3,1500.0,-1500.0,I/O Intr
SR02K-PC-HSTR-12:SETI,1500.0,-1500.0,3,1500.0,-1500.0,Passive
SR02K-PC-VSTR-11:I,1500.0,-1500.0,3,1500.0,-1500.0,I/O Intr
SR02K-PC-VSTR-11:SETI,1500.0,-1500.0,3,1500.0,-1500.0,Passive
SR02K-PC-VSTR-12:I,1500.0,-1500.0,3,1500.0,-1500.0,I/O Intr
SR02K-PC-VSTR-12:SETI,1500.0,-1500.0,3,1500.0,-1500.0,Passive
SR03-PC-DL1:I,1500.0,-1500.0,3,1500.0,-1500.0,I/O Intr
SR03-PC-DL1:SETI,1500.0,-1500.0,3,1500.0,-1500.0,Passive
SR03-PC-DL2:I,1500.0,-1500.0,3,1500.0,-1500.0,I/O Intr
SR03-PC-DL2:SETI,1500.0,-1500.0,3,1500.0,-1500.0,Passive
SR03-PC-DL3:I,1500.0,-1500.0,3,1500.0,-1500.0,I/O Intr
SR03-PC-DL3:SETI,1500.0,-1500.0,3,1500.0,-1500.0,Passive
SR03-PC-DL4:I,1500.0,-1500.0,3,1500.0,-1500.0,I/O Intr
SR03-PC-DL4:SETI,1500.0,-1500.0,3,1500.0,-1500.0,Passive
SR03-PC-DQ1-01:I,1500.0,-1500.0,3,1500.0,-1500.0,I/O Intr
SR03-PC-DQ1-01:SETI,1500.0,-1500.0,3,1500.0,-1500.0,Passive
SR03-PC-DQ1-02:I,1500.0,-1500.0,3,1500.0,-1500.0,I/O Intr
SR03-PC-DQ1-02:SETI,1500.0,-1500.0,3,1500.0,-1500.0,Passive
SR03-PC-O1X-01:I,1500.0,-1500.0,3,1500.0,-1500.0,I/O Intr
SR03-PC-O1X-01:SETI,1500.0,-1500.0,3,1500.0,-1500.0,Passive
SR03-PC-O1X-02:I,1500.0,-1500.0,3,1500.0,-1500.0,I/O Intr
SR03-PC-O1X-02:SETI,1500.0,-1500.0,3,1500.0,-1500.0,Passive
SR03A-PC-A1N-04:I,1500.0,-1500.0,3,1500.0,-1500.0,I/O Intr
SR03A-PC-A1N-04:SETI,1500.0,-1500.0,3,1500.0,-1500.0,Passive
SR03A-PC-A1N-13:I,1500.0,-1500.0,3,1500.0,-1500.0,I/O Intr
SR03A-PC-A1N-13:SETI,1500.0,-1500.0,3,1500.0,-1500.0,Passive
SR03A-PC-A2N-05:I,1500.0,-1500.0,3,1500.0,-1500.0,I/O Intr
SR03A-PC-A2N-05:SETI,1500.0,-1500.0,3,1500.0,-1500.0,Passive
SR03A-PC-A2N-12:I,1500.0,-1500.0,3,1500.0,-1500.0,I/O Intr
SR03A-PC-A2N-12:SETI,1500.0,-1500.0,3,1500.0,-1500.0,Passive
SR03A-PC-HSTR-01:I,1500.0,-1500.0,3,1500.0,-1500.0,I/O Intr
SR03A-PC-HSTR-01:SETI,1500.0,-1500.0,3,1500.0,-1500.0,Passive
SR03A-PC-HSTR-02:I,1500.0,-1500.0,3,1500.0,-1500.0,I/O Intr
SR03A-PC-HSTR-02:SETI,1500.0,-1500.0,3,1500.0,-1500.0,Passive
SR03A-PC-HSTR-03:I,1500.0,-1500.0,3,1500.0,-1500.0,I/O Intr
SR03A-PC-HSTR-03:SETI,1500.0,-1500.0,3,1500.0,-1500.0,Passive
SR03A-PC-HSTR-04:I,1500.0,-1500.0,3,1500.0,-1500.0,I/O Intr
SR03A-PC-HSTR-04:SETI,1500.0,-1500.0,3,1500.0,-1500.0,Passive
SR03A-PC-HSTR-05:I,1500.0,-1500.0,3,1500.0,-1500.0,I/O Intr
SR03A-PC-HSTR-05:SETI,1500.0,-1500.0,3,1500.0,-1500.0,Passive
SR03A-PC-HSTR-06:I,1500.0,-1500.0,3,1500.0,-1500.0,I/O Intr
SR03A-PC-HSTR-06:SETI,1500.0,-1500.0,3,1500.0,-1500.0,Passive
SR03A-PC-HSTR-07:I,1500.0,-1500.0,3,1500.0,-1500.0,I/O Intr
SR03A-PC-HSTR-07:SETI,1500.0,-1500.0,3,1500.0,-1500.0,Passive
SR03A-PC-HSTR-08:I,1500.0,-1500.0,3,1500.0,-1500.0,I/O Intr
SR03A-PC-HSTR-08:SETI,1500.0,-1500.0,3,1500.0,-1500.0,Passive
SR03A-PC-HSTR-09:I,1500.0,-1500.0,3,1500.0,-1500.0,I/O Intr
SR03A-PC-HSTR-09:SETI,1500.0,-1500.0,3,1500.0,-1500.0,Passive
SR03A-PC-HSTR-10:I,1500.0,-1500.0,3,1500.0,-1500.0,I/O Intr
SR03A-PC-HSTR-10:SETI,1500.0,-1500.0,3,1500.0,-1500.0,Passive
SR03A-PC-HSTR-11:I,1500.0,-1500.0,3,1500.0,-1500.0,I/O Intr
SR03A-PC-HSTR-11:SETI,1500.0,-1500.0,3,1500.0,-1500.0,Passive
SR03A-PC-HSTR-12:I,1500.0,-1500.0,3,1500.0,-1500.0,I/O Intr
SR03A-PC-HSTR-12:SETI,1500.0,-1500.0,3,1500.0,-1500.0,Passive
SR03A-PC-Q1N-01:I,1500.0,-1500.0,3,1500.0,-1500.0,I/O Intr
SR03A-PC-Q1N-01:SETI,1500.0,-1500.0,3,1500.0,-1500.0,Passive
SR03A-PC-Q1N-16:I,1500.0,-1500.0,3,1500.0,-1500.0,I/O Intr
SR03A-PC-Q1N-16:SETI,1500.0,-1500.0,3,1500.0,-1500.0,Passive
SR03A-PC-Q2N-02:I,1500.0,-1500.0,3,1500.0,-1500.0,I/O Intr
SR03A-PC-Q2N-02:SETI,1500.0,-1500.0,3,1500.0,-1500.0,Passive
SR03A-PC-Q2N-15:I,1500.0,-1500.0,3,1500.0,-1500.0,I/O Intr
SR03A-PC-Q2N-15:SETI,1500.0,-1500.0,3,1500.0,-1500.0,Passive
SR03A-PC-Q3N-03:I,1500.0,-1500.0,3,1500.0,-1500.0,I/O Intr
SR03A-PC-Q3N-03:SETI,1500.0,-1500.0,3,1500.0,-1500.0,Passive
SR03A-PC-Q3N-14:I,1500.0,-1500.0,3,1500.0,-1500.0,I/O Intr
SR03A-PC-Q3N-14:SETI,1500.0,-1500.0,3,1500.0,-1500.0,Passive
SR03A-PC-Q4N-06:I,1500.0,-1500.0,3,1500.0,-1500.0,I/O Intr
SR03A-PC-Q4N-06:SETI,1500.0,-1500.0,3,1500.0,-1500.0,Passive
SR03A-PC-Q4N-11:I,1500.0,-1500.0,3,1500.0,-1500.0,I/O Intr
SR03A-PC-Q4N-11:SETI,1500.0,-1500.0,3,1500.0,-1500.0,Passive
SR03A-PC-Q5N-07:I,1500.0,-1500.0,3,1500.0,-1500.0,I/O Intr
SR03A-PC-Q5N-07:SETI,1500.0,-1500.0,3,1500.0,-1500.0,Passive
SR03A-PC-Q5N-10:I,1500.0,-1500.0,3,1500.0,-1500.0,I/O Intr
SR03A-PC-Q5N-10:SETI,1500.0,-1500.0,3,1500.0,-1500.0,Passive
SR03A-PC-Q6N-08:I,1500.0,-1500.0,3,1500.0,-1500.0,I/O Intr
SR03A-PC-Q6N-08:SETI,1500.0,-1500.0,3,1500.0,-1500.0,Passive
SR03A-PC-Q6N-09:I,1500.0,-1500.0,3,1500.0,-1500.0,I/O Intr
SR03A-PC-Q6N-09:SETI,1500.0,-1500.0,3,1500.0,-1500.0,Passive
SR03A-PC-S1X-01:I,1500.0,-1500.0,3,1500.0,-1500.0,I/O Intr
SR03A-PC-S1X-01:SETI,1500.0,-1500.0,3,1500.0,-1500.0,Passive
SR03A-PC-S1X-12:I,1500.0,-1500.0,3,1500.0,-1500.0,I/O Intr
SR03A-PC-S1X-12:SETI,1500.0,-1500.0,3,1500.0,-1500.0,Passive
SR03A-PC-S2A-02:I,1500.0,-1500.0,3,1500.0,-1500.0,I/O Intr
SR03A-PC-S2A-02:SETI,1500.0,-1500.0,3,1500.0,-1500.0,Passive
SR03A-PC-S2A-11:I,1500.0,-1500.0,3,1500.0,-1500.0,I/O Intr
SR03A-PC-S2A-11:SETI,1500.0,-1500.0,3,1500.0,-1500.0,Passive
SR03A-PC-S3A-03:I,1500.0,-1500.0,3,1500.0,-1500.0,I/O Intr
SR03A-PC-S3A-03:SETI,1500.0,-1500.0,3,1500.0,-1500.0,Passive
SR03A-PC-S3A-10:I,1500.0,-1500.0,3,1500.0,-1500.0,I/O Intr
SR03A-PC-S3A-10:SETI,1500.0,-1500.0,3,1500.0,-1500.0,Passive
SR03A-PC-S4A-04:I,1500.0,-1500.0,3,1500.0,-1500.0,I/O Intr
SR03A-PC-S4A-04:SETI,1500.0,-1500.0,3,1500.0,-1500.0,Passive
SR03A-PC-S4A-09:I,1500.0,-1500.0,3,1500.0,-1500.0,I/O Intr
SR03A-PC-S4A-09:SETI,1500.0,-1500.0,3,1500.0,-1500.0,Passive
SR03A-PC-S5X-05:I,1500.0,-1500.0,3,1500.0,-1500.0,I/O Intr
SR03A-PC-S5X-05:SETI,1500.0,-1500.0,3,1500.0,-1500.0,Passive
SR03A-PC-S5X-08:I,1500.0,-1500.0,3,1500.0,-1500.0,I/O Intr
SR03A-PC-S5X-08:SETI,1500.0,-1500.0,3,1500.0,-1500.0,Passive
SR03A-PC-S6X-06:I,1500.0,-1500.0,3,1500.0,-1500.0,I/O Intr
SR03A-PC-S6X-06:SETI,1500.0,-1500.0,3,1500.0,-1500.0,Passive
SR03A-PC-S6X-07:I,1500.0,-1500.0,3,1500.0,-1500.0,I/O Intr
SR03A-PC-S6X-07:SETI,1500.0,-1500.0,3,1500.0,-1500.0,Passive
SR03A-PC-SQUAD-01:I,1500.0,-1500.0,3,1500.0,-1500.0,I/O Intr
SR03A-PC-SQUAD-01:SETI,1500.0,-1500.0,3,1500.0,-1500.0,Passive
SR03A-PC-SQUAD-02:I,1500.0,-1500.0,3,1500.0,-1500.0,I/O Intr
SR03A-PC-SQUAD-02:SETI,1500.0,-1500.0,3,1500.0,-1500.0,Passive
SR03A-PC-SQUAD-03:I,1500.0,-1500.0,3,1500.0,-1500.0,I/O Intr
SR03A-PC-SQUAD-03:SETI,1500.0,-1500.0,3,1500.0,-1500.0,Passive
SR03A-PC-SQUAD-04:I,1500.0,-1500.0,3,1500.0,-1500.0,I/O Intr
SR03A-PC-SQUAD-04:SETI,1500.0,-1500.0,3,1500.0,-1500.0,Passive
SR03A-PC-SQUAD-05:I,1500.0,-1500.0,3,1500.0,-1500.0,I/O Intr
SR03A-PC-SQUAD-05:SETI,1500.0,-1500.0,3,1500.0,-1500.0,Passive
SR03A-PC-SQUAD-06:I,1500.0,-1500.0,3,1500.0,-1500.0,I/O Intr
SR03A-PC-SQUAD-06:SETI,1500.0,-1500.0,3,1500.0,-1500.0,Passive
SR03A-PC-SQUAD-07:I,1500.0,-1500.0,3,1500.0,-1500.0,I/O Intr
SR03A-PC-SQUAD-07:SETI,1500.0,-1500.0,3,1500.0,-1500.0,Passive
SR03A-PC-SQUAD-08:I,1500.0,-1500.0,3,1500.0,-1500.0,I/O Intr
SR03A-PC-SQUAD-08:SETI,1500.0,-1500.0,3,1500.0,-1500.0,Passive
SR03A-PC-SQUAD-09:I,1500.0,-1500.0,3,1500.0,-1500.0,I/O Intr
SR03A-PC-SQUAD-09:SETI,1500.0,-1500.0,3,1500.0,-1500.0,Passive
SR03A-PC-SQUAD-10:I,1500.0,-1500.0,3,1500.0,-1500.0,I/O Intr
SR03A-PC-SQUAD-10:SETI,1500.0,-1500.0,3,1500.0,-1500.0,Passive
SR03A-PC-SQUAD-11:I,1500.0,-1500.0,3,1500.0,-1500.0,I/O Intr
SR03A-PC-SQUAD-11:SETI,1500.0,-1500.0,3,1500.0,-1500.0,Passive
SR03A-PC-SQUAD-12:I,1500.0,-1500.0,3,1500.0,-1500.0,I/O Intr
SR03A-PC-SQUAD-12:SETI,1500.0,-1500.0,3,1500.0,-1500.0,Passive
SR03A-PC-VSTR-01:I,1500.0,-1500.0,3,1500.0,-1500.0,I/O Intr
SR03A-PC-VSTR-01:SETI,1500.0,-1500.0,3,1500.0,-1500.0,Passive
SR03A-PC-VSTR-02:I,1500.0,-1500.0,3,1500.0,-1500.0,I/O Intr
SR03A-PC-VSTR-02:SETI,1500.0,-1500.0,3,1500.0,-1500.0,Passive
SR03A-PC-VSTR-03:I,1500.0,-1500.0,3,1500.0,-1500.0,I/O Intr
SR03A-PC-VSTR-03:SETI,1500.0,-1500.0,3,1500.0,-1500.0,Passive
SR03A-PC-VSTR-04:I,1500.0,-1500.0,3,1500.0,-1500.0,I/O Intr
SR03A-PC-VSTR-04:SETI,1500.0,-1500.0,3,1500.0,-1500.0,Passive
SR03A-PC-VSTR-05:I,1500.0,-1500.0,3,1500.0,-1500.0,I/O Intr
SR03A-PC-VSTR-05:SETI,1500.0,-1500.0,3,1500.0,-1500.0,Passive
SR03A-PC-VSTR-06:I,1500.0,-1500.0,3,1500.0,-1500.0,I/O Intr
SR03A-PC-VSTR-06:SETI,1500.0,-1500.0,3,1500.0,-1500.0,Passive
SR03A-PC-VSTR-07:I,1500.0,-1500.0,3,1500.0,-1500.0,I/O Intr
SR03A-PC-VSTR-07:SETI,1500.0,-1500.0,3,1500.0,-1500.0,Passive
SR03A-PC-VSTR-08:I,1500.0,-1500.0,3,1500.0,-1500.0,I/O Intr
SR03A-PC-VSTR-08:SETI,1500.0,-1500.0,3,1500.0,-1500.0,Passive
SR03A-PC-VSTR-09:I,1500.0,-1500.0,3,1500.0,-1500.0,I/O Intr
SR03A-PC-VSTR-09:SETI,1500.0,-1500.0,3,1500.0,-1500.0,Passive
SR03A-PC-VSTR-10:I,1500.0,-1500.0,3,1500.0,-1500.0,I/O Intr
SR03A-PC-VSTR-10:SETI,1500.0,-1500.0,3,1500.0,-1500.0,Passive
SR03A-PC-VSTR-11:I,1500.0,-1500.0,3,1500.0,-1500.0,I/O Intr
SR03A-PC-VSTR-11:SETI,1500.0,-1500.0,3,1500.0,-1500.0,Passive
SR03A-PC-VSTR-12:I,1500.0,-1500.0,3,1500.0,-1500.0,I/O Intr
SR03A-PC-VSTR-12:SETI,1500.0,-1500.0,3,1500.0,-1500.0,Passive
SR03C-DI-EBPM-01:SA:X,1500.0,-1500.0,3,1500.0,-1500.0,I/O Intr
SR03C-DI-EBPM-01:SA:Y,1500.0,-1500.0,3,1500.0,-1500.0,I/O Intr
SR03C-DI-EBPM-02:SA:X,1500.0,-1500.0,3,1500.0,-1500.0,I/O Intr
SR03C-DI-EBPM-02:SA:Y,1500.0,-1500.0,3,1500.0,-1500.0,I/O Intr
SR03C-DI-EBPM-03:SA:X,1500.0,-1500.0,3,1500.0,-1500.0,I/O Intr
SR03C-DI-EBPM-03:SA:Y,1500.0,-1500.0,3,1500.0,-1500.0,I/O Intr
SR03C-DI-EBPM-04:SA:X,1500.0,-1500.0,3,1500.0,-1500.0,I/O Intr
SR03C-DI-EBPM-04:SA:Y,1500.0,-1500.0,3,1500.0,-1500.0,I/O Intr
SR03C-DI-EBPM-05:SA:X,1500.0,-1500.0,3,1500.0,-1500.0,I/O Intr
SR03C-DI-EBPM-05:SA:Y,1500.0,-1500.0,3,1500.0,-1500.0,I/O Intr
SR03C-DI-EBPM-06:SA:X,1500.0,-1500.0,3,1500.0,-1500.0,I/O Intr
SR03C-DI-EBPM-06:SA:Y,1500.0,-1500.0,3,1500.0,-1500.0,I/O Intr
SR03C-DI-EBPM-07:SA:X,1500.0,-1500.0,3,1500.0,-1500.0,I/O Intr
SR03C-DI-EBPM-07:SA:Y,1500.0,-1500.0,3,1500.0,-1500.0,I/O Intr
SR03C-DI-EBPM-08:SA:X,1500.0,-1500.0,3,1500.0,-1500.0,I/O Intr
SR03C-DI-EBPM-08:SA:Y,1500.0,-1500.0,3,1500.0,-1500.0,I/O Intr
SR03C-DI-EBPM-09:SA:X,1500.0,-1500.0,3,1500.0,-1500.0,I/O Intr
SR03C-DI-EBPM-09:SA:Y,1500.0,-1500.0,3,1500.0,-1500.0,I/O Intr
SR03C-DI-EBPM-10:SA:X,1500.0,-1500.0,3,1500.0,-1500.0,I/O Intr
SR03C-DI-EBPM-10:SA:Y,1500.0,-1500.0,3,1500.0,-1500.0,I/O Intr
SR03I-PC-HSTR-11:I,1500.0,-1500.0,3,1500.0,-1500.0,I/O Intr
SR03I-PC-HSTR-11:SETI,1500.0,-1500.0,3,1500.0,-1500.0,Passive
SR03I-PC-HSTR-12:I,1500.0,-1500.0,3,1500.0,-1500.0,I/O Intr
SR03I-PC-HSTR-12:SETI,1500.0,-1500.0,3,1500.0,-1500.0,Passive
SR03I-PC-VSTR-11:I,1500.0,-1500.0,3,1500.0,-1500.0,I/O Intr
SR03I-PC-VSTR-11:SETI,1500.0,-1500.0,3,1500.0,-1500.0,Passive
SR03I-PC-VSTR-12:I,1500.0,-1500.0,3,1500.0,-1500.0,I/O Intr
SR03I-PC-VSTR-12:SETI,1500.0,-1500.0,3,1500.0,-1500.0,Passive
SR04-PC-DL1:I,1500.0,-1500.0,3,1500.0,-1500.0,I/O Intr
SR04-PC-DL1:SETI,1500.0,-1500.0,3,1500.0,-1500.0,Passive
SR04-PC-DL2:I,1500.0,-1500.0,3,1500.0,-1500.0,I/O Intr
SR04-PC-DL2:SETI,1500.0,-1500.0,3,1500.0,-1500.0,Passive
SR04-PC-DL3:I,1500.0,-1500.0,3,1500.0,-1500.0,I/O Intr
SR04-PC-DL3:SETI,1500.0,-1500.0,3,1500.0,-1500.0,Passive
SR04-PC-DL4:I,1500.0,-1500.0,3,1500.0,-1500.0,I/O Intr
SR04-PC-DL4:SETI,1500.0,-1500.0,3,1500.0,-1500.0,Passive
SR04-PC-DQ1-01:I,1500.0,-1500.0,3,1500.0,-1500.0,I/O Intr
SR04-PC-DQ1-01:SETI,1500.0,-1500.0,3,1500.0,-1500.0,Passive
SR04-PC-DQ1-02:I,1500.0,-1500.0,3,1500.0,-1500.0,I/O Intr
SR04-PC-DQ1-02:SETI,1500.0,-1500.0,3,1500.0,-1500.0,Passive
SR04-PC-O0X-01:I,1500.0,-1500.0,3,1500.0,-1500.0,I/O Intr
SR04-PC-O0X-01:SETI,1500.0,-1500.0,3,1500.0,-1500.0,Passive
SR04-PC-O1X-01:I,1500.0,-1500.0,3,1500.0,-1500.0,I/O Intr
SR04-PC-O1X-01:SETI,1500.0,-1500.0,3,1500.0,-1500.0,Passive
SR04-PC-O1X-02:I,1500.0,-1500.0,3,1500.0,-1500.0,I/O Intr
SR04-PC-O1X-02:SETI,1500.0,-1500.0,3,1500.0,-1500.0,Passive
SR04A-PC-A1L-13:I,1500.0,-1500.0,3,1500.0,-1500.0,I/O Intr
SR04A-PC-A1L-13:SETI,1500.0,-1500.0,3,1500.0,-1500.0,Passive
SR04A-PC-A1N-04:I,1500.0,-1500.0,3,1500.0,-1500.0,I/O Intr
SR04A-PC-A1N-04:SETI,1500.0,-1500.0,3,1500.0,-1500.0,Passive
SR04A-PC-A2L-12:I,1500.0,-1500.0,3,1500.0,-1500.0,I/O Intr
SR04A-PC-A2L-12:SETI,1500.0,-1500.0,3,1500.0,-1500.0,Passive
SR04A-PC-A2N-05:I,1500.0,-1500.0,3,1500.0,-1500.0,I/O Intr
SR04A-PC-A2N-05:SETI,1500.0,-1500.0,3,1500.0,-1500.0,Passive
SR04A-PC-HSTR-01:I,1500.0,-1500.0,3,1500.0,-1500.0,I/O Intr
SR04A-PC-HSTR-01:SETI,1500.0,-1500.0,3,1500.0,-1500.0,Passive
SR04A-PC-HSTR-02:I,1500.0,-1500.0,3,1500.0,-1500.0,I/O Intr
SR04A-PC-HSTR-02:SETI,1500.0,-1500.0,3,1500.0,-1500.0,Passive
SR04A-PC-HSTR-03:I,1500.0,-1500.0,3,1500.0,-1500.0,I/O Intr
SR04A-PC-HSTR-03:SETI,1500.0,-1500.0,3,1500.0,-1500.0,Passive
SR04A-PC-HSTR-04:I,1500.0,-1500.0,3,1500.0,-1500.0,I/O Intr
SR04A-PC-HSTR-04:SETI,1500.0,-1500.0,3,1500.0,-1500.0,Passive
SR04A-PC-HSTR-05:I,1500.0,-1500.0,3,1500.0,-1500.0,I/O Intr
SR04A-PC-HSTR-05:SETI,1500.0,-1500.0,3,1500.0,-1500.0,Passive
SR04A-PC-HSTR-06:I,1500.0,-1500.0,3,1500.0,-1500.0,I/O Intr
SR04A-PC-HSTR-06:SETI,1500.0,-1500.0,3,1500.0,-1500.0,Passive
SR04A-PC-HSTR-07:I,1500.0,-1500.0,3,1500.0,-1500.0,I/O Intr
SR04A-PC-HSTR-07:SETI,1500.0,-1500.0,3,1500.0,-1500.0,Passive
SR04A-PC-HSTR-08:I,1500.0,-1500.0,3,1500.0,-1500.0,I/O Intr
SR04A-PC-HSTR-08:SETI,1500.0,-1500.0,3,1500.0,-1500.0,Passive
SR04A-PC-HSTR-09:I,1500.0,-1500.0,3,1500.0,-1500.0,I/O Intr
SR04A-PC-HSTR-09:SETI,1500.0,-1500.0,3,1500.0,-1500.0,Passive
SR04A-PC-HSTR-10:I,1500.0,-1500.0,3,1500.0,-1500.0,I/O Intr
SR04A-PC-HSTR-10:SETI,1500.0,-1500.0,3,1500.0,-1500.0,Passive
SR04A-PC-HSTR-11:I,1500.0,-1500.0,3,1500.0,-1500.0,I/O Intr
SR04A-PC-HSTR-11:SETI,1500.0,-1500.0,3,1500.0,-1500.0,Passive
SR04A-PC-HSTR-12:I,1500.0,-1500.0,3,1500.0,-1500.0,I/O Intr
SR04A-PC-HSTR-12:SETI,1500.0,-1500.0,3,1500.0,-1500.0,Passive
SR04A-PC-Q0L-17:I,1500.0,-1500.0,3,1500.0,-1500.0,I/O Intr
SR04A-PC-Q0L-17:SETI,1500.0,-1500.0,3,1500.0,-1500.0,Passive
SR04A-PC-Q1L-16:I,1500.0,-1500.0,3,1500.0,-1500.0,I/O Intr
SR04A-PC-Q1L-16:SETI,1500.0,-1500.0,3,1500.0,-1500.0,Passive
SR04A-PC-Q1N-01:I,1500.0,-1500.0,3,1500.0,-1500.0,I/O Intr
SR04A-PC-Q1N-01:SETI,1500.0,-1500.0,3,1500.0,-1500.0,Passive
SR04A-PC-Q2L-15:I,1500.0,-1500.0,3,1500.0,-1500.0,I/O Intr
SR04A-PC-Q2L-15:SETI,1500.0,-1500.0,3,1500.0,-1500.0,Passive
SR04A-PC-Q2N-02:I,1500.0,-1500.0,3,1500.0,-1500.0,I/O Intr
SR04A-PC-Q2N-02:SETI,1500.0,-1500.0,3,1500.0,-1500.0,Passive
SR04A-PC-Q3L-14:I,1500.0,-1500.0,3,1500.0,-1500.0,I/O Intr
SR04A-PC-Q3L-14:SETI,1500.0,-1500.0,3,1500.0,-1500.0,Passive
SR04A-PC-Q3N-03:I,1500.0,-1500.0,3,1500.0,-1500.0,I/O Intr
SR04A-PC-Q3N-03:SETI,1500.0,-1500.0,3,1500.0,-1500.0,Passive
SR04A-PC-Q4N-06:I,1500.0,-1500.0,3,1500.0,-1500.0,I/O Intr
SR04A-PC-Q4N-06:SETI,1500.0,-1500.0,3,1500.0,-1500.0,Passive
SR04A-PC-Q4N-11:I,1500.0,-1500.0,3,1500.0,-1500.0,I/O Intr
SR04A-PC-Q4N-11:SETI,1500.0,-1500.0,3,1500.0,-1500.0,Passive
SR04A-PC-Q5N-07:I,1500.0,-1500.0,3,1500.0,-1500.0,I/O Intr
SR04A-PC-Q5N-07:SETI,1500.0,-1500.0,3,1500.0,-1500.0,Passive
SR04A-PC-Q5N-10:I,1500.0,-1500.0,3,1500.0,-1500.0,I/O Intr
SR04A-PC-Q5N-10:SETI,1500.0,-1500.0,3,1500.0,-1500.0,Passive
SR04A-PC-Q6N-08:I,1500.0,-1500.0,3,1500.0,-1500.0,I/O Intr
SR04A-PC-Q6N-08:SETI,1500.0,-1500.0,3,1500.0,-1500.0,Passive
SR04A-PC-Q6N-09:I,1500.0,-1500.0,3,1500.0,-1500.0,I/O Intr
SR04A-PC-Q6N-09:SETI,1500.0,-1500.0,3,1500.0,-1500.0,Passive
SR04A-PC-S1X-01:I,1500.0,-1500.0,3,1500.0,-1500.0,I/O Intr
SR04A-PC-S1X-01:SETI,1500.0,-1500.0,3,1500.0,-1500.0,Passive
SR04A-PC-S1X-12:I,1500.0,-1500.0,3,1500.0,-1500.0,I/O Intr
SR04A-PC-S1X-12:SETI,1500.0,-1500.0,3,1500.0,-1500.0,Passive
SR04A-PC-S2A-02:I,1500.0,-1500.0,3,1500.0,-1500.0,I/O Intr
SR04A-PC-S2A-02:SETI,1500.0,-1500.0,3,1500.0,-1500.0,Passive
SR04A-PC-S2A-11:I,1500.0,-1500.0,3,1500.0,-1500.0,I/O Intr
SR04A-PC-S2A-11:SETI,1500.0,-1500.0,3,1500.0,-1500.0,Passive
SR04A-PC-S3A-03:I,1500.0,-1500.0,3,1500.0,-1500.0,I/O Intr
SR04A-PC-S3A-03:SETI,1500.0,-1500.0,3,1500.0,-1500.0,Passive
SR04A-PC-S3A-10:I,1500.0,-1500.0,3,1500.0,-1500.0,I/O Intr
SR04A-PC-S3A-10:SETI,1500.0,-1500.0,3,1500.0,-1500.0,Passive
SR04A-PC-S4A-04:I,1500.0,-1500.0,3,1500.0,-1500.0,I/O Intr
SR04A-PC-S4A-04:SETI,1500.0,-1500.0,3,1500.0,-1500.0,Passive
SR04A-PC-S4A-09:I,1500.0,-1500.0,3,1500.0,-1500.0,I/O Intr
SR04A-PC-S4A-09:SETI,1500.0,-1500.0,3,1500.0,-1500.0,Passive
SR04A-PC-S5X-05:I,1500.0,-1500.0,3,1500.0,-1500.0,I/O Intr
SR04A-PC-S5X-05:SETI,1500.0,-1500.0,3,1500.0,-1500.0,Passive
SR04A-PC-S5X-08:I,1500.0,-1500.0,3,1500.0,-1500.0,I/O Intr
SR04A-PC-S5X-08:SETI,1500.0,-1500.0,3,1500.0,-1500.0,Passive
SR04A-PC-S6X-06:I,1500.0,-1500.0,3,1500.0,-1500.0,I/O Intr
SR04A-PC-S6X-06:SETI,1500.0,-1500.0,3,1500.0,-1500.0,Passive
SR04A-PC-S6X-07:I,1500.0,-1500.0,3,1500.0,-1500.0,I/O Intr
SR04A-PC-S6X-07:SETI,1500.0,-1500.0,3,1500.0,-1500.0,Passive
SR04A-PC-SQUAD-01:I,1500.0,-1500.0,3,1500.0,-1500.0,I/O Intr
SR04A-PC-SQUAD-01:SETI,1500.0,-1500.0,3,1500.0,-1500.0,Passive
SR04A-PC-SQUAD-02:I,1500.0,-1500.0,3,1500.0,-1500.0,I/O Intr
SR04A-PC-SQUAD-02:SETI,1500.0,-1500.0,3,1500.0,-1500.0,Passive
SR04A-PC-SQUAD-03:I,1500.0,-1500.0,3,1500.0,-1500.0,I/O Intr
SR04A-PC-SQUAD-03:SETI,1500.0,-1500.0,3,1500.0,-1500.0,Passive
SR04A-PC-SQUAD-04:I,1500.0,-1500.0,3,1500.0,-1500.0,I/O Intr
SR04A-PC-SQUAD-04:SETI,1500.0,-1500.0,3,1500.0,-1500.0,Passive
SR04A-PC-SQUAD-05:I,1500.0,-1500.0,3,1500.0,-1500.0,I/O Intr
SR04A-PC-SQUAD-05:SETI,1500.0,-1500.0,3,1500.0,-1500.0,Passive
SR04A-PC-SQUAD-06:I,1500.0,-1500.0,3,1500.0,-1500.0,I/O Intr
SR04A-PC-SQUAD-06:SETI,1500.0,-1500.0,3,1500.0,-1500.0,Passive
SR04A-PC-SQUAD-07:I,1500.0,-1500.0,3,1500.0,-1500.0,I/O Intr
SR04A-PC-SQUAD-07:SETI,1500.0,-1500.0,3,1500.0,-1500.0,Passive
SR04A-PC-SQUAD-08:I,1500.0,-1500.0,3,1500.0,-1500.0,I/O Intr
SR04A-PC-SQUAD-08:SETI,1500.0,-1500.0,3,1500.0,-1500.0,Passive
SR04A-PC-SQUAD-09:I,1500.0,-1500.0,3,1500.0,-1500.0,I/O Intr
SR04A-PC-SQUAD-09:SETI,1500.0,-1500.0,3,1500.0,-1500.0,Passive
SR04A-PC-SQUAD-10:I,1500.0,-1500.0,3,1500.0,-1500.0,I/O Intr
SR04A-PC-SQUAD-10:SETI,1500.0,-1500.0,3,1500.0,-1500.0,Passive
SR04A-PC-SQUAD-11:I,1500.0,-1500.0,3,1500.0,-1500.0,I/O Intr
SR04A-PC-SQUAD-11:SETI,1500.0,-1500.0,3,1500.0,-1500.0,Passive
SR04A-PC-SQUAD-12:I,1500.0,-1500.0,3,1500.0,-1500.0,I/O Intr
SR04A-PC-SQUAD-12:SETI,1500.0,-1500.0,3,1500.0,-1500.0,Passive
SR04A-PC-VSTR-01:I,1500.0,-1500.0,3,1500.0,-1500.0,I/O Intr
SR04A-PC-VSTR-01:SETI,1500.0,-1500.0,3,1500.0,-1500.0,Passive
SR04A-PC-VSTR-02:I,1500.0,-1500.0,3,1500.0,-1500.0,I/O Intr
SR04A-PC-VSTR-02:SETI,1500.0,-1500.0,3,1500.0,-1500.0,Passive
SR04A-PC-VSTR-03:I,1500.0,-1500.0,3,1500.0,-1500.0,I/O Intr
SR04A-PC-VSTR-03:SETI,1500.0,-1500.0,3,1500.0,-1500.0,Passive
SR04A-PC-VSTR-04:I,1500.0,-1500.0,3,1500.0,-1500.0,I/O Intr
SR04A-PC-VSTR-04:SETI,1500.0,-1500.0,3,1500.0,-1500.0,Passive
SR04A-PC-VSTR-05:I,1500.0,-1500.0,3,1500.0,-1500.0,I/O Intr
SR04A-PC-VSTR-05:SETI,1500.0,-1500.0,3,1500.0,-1500.0,Passive
SR04A-PC-VSTR-06:I,1500.0,-1500.0,3,1500.0,-1500.0,I/O Intr
SR04A-PC-VSTR-06:SETI,1500.0,-1500.0,3,1500.0,-1500.0,Passive
SR04A-PC-VSTR-07:I,1500.0,-1500.0,3,1500.0,-1500.0,I/O Intr
SR04A-PC-VSTR-07:SETI,1500.0,-1500.0,3,1500.0,-1500.0,Passive
SR04A-PC-VSTR-08:I,1500.0,-1500.0,3,1500.0,-1500.0,I/O Intr
SR04A-PC-VSTR-08:SETI,1500.0,-1500.0,3,1500.0,-1500.0,Passive
SR04A-PC-VSTR-09:I,1500.0,-1500.0,3,1500.0,-1500.0,I/O Intr
SR04A-PC-VSTR-09:SETI,1500.0,-1500.0,3,1500.0,-1500.0,Passive
SR04A-PC-VSTR-10:I,1500.0,-1500.0,3,1500.0,-1500.0,I/O Intr
SR04A-PC-VSTR-10:SETI,1500.0,-1500.0,3,1500.0,-1500.0,Passive
SR04A-PC-VSTR-11:I,1500.0,-1500.0,3,1500.0,-1500.0,I/O Intr
SR04A-PC-VSTR-11:SETI,1500.0,-1500.0,3,1500.0,-1500.0,Passive
SR04A-PC-VSTR-12:I,1500.0,-1500.0,3,1500.0,-1500.0,I/O Intr
SR04A-PC-VSTR-12:SETI,1500.0,-1500.0,3,1500.0,-1500.0,Passive
SR04C-DI-EBPM-01:SA:X,1500.0,-1500.0,3,1500.0,-1500.0,I/O Intr
SR04C-DI-EBPM-01:SA:Y,1500.0,-1500.0,3,1500.0,-1500.0,I/O Intr
SR04C-DI-EBPM-02:SA:X,1500.0,-1500.0,3,1500.0,-1500.0,I/O Intr
SR04C-DI-EBPM-02:SA:Y,1500.0,-1500.0,3,1500.0,-1500.0,I/O Intr
SR04C-DI-EBPM-03:SA:X,1500.0,-1500.0,3,1500.0,-1500.0,I/O Intr
SR04C-DI-EBPM-03:SA:Y,1500.0,-1500.0,3,1500.0,-1500.0,I/O Intr
SR04C-DI-EBPM-04:SA:X,1500.0,-1500.0,3,1500.0,-1500.0,I/O Intr
SR04C-DI-EBPM-04:SA:Y,1500.0,-1500.0,3,1500.0,-1500.0,I/O Intr
SR04C-DI-EBPM-05:SA:X,1500.0,-1500.0,3,1500.0,-1500.0,I/O Intr
SR04C-DI-EBPM-05:SA:Y,1500.0,-1500.0,3,1500.0,-1500.0,I/O Intr
SR04C-DI-EBPM-06:SA:X,1500.0,-1500.0,3,1500.0,-1500.0,I/O Intr
SR04C-DI-EBPM-06:SA:Y,1500.0,-1500.0,3,1500.0,-1500.0,I/O Intr
SR04C-DI-EBPM-07:SA:X,1500.0,-1500.0,3,1500.0,-1500.0,I/O Intr
SR04C-DI-EBPM-07:SA:Y,1500.0,-1500.0,3,1500.0,-1500.0,I/O Intr
SR04C-DI-EBPM-08:SA:X,1500.0,-1500.0,3,1500.0,-1500.0,I/O Intr
SR04C-DI-EBPM-08:SA:Y,1500.0,-1500.0,3,1500.0,-1500.0,I/O Intr
SR04C-DI-EBPM-09:SA:X,1500.0,-1500.0,3,1500.0,-1500.0,I/O Intr
SR04C-DI-EBPM-09:SA:Y,1500.0,-1500.0,3,1500.0,-1500.0,I/O Intr
SR04C-DI-EBPM-10:SA:X,1500.0,-1500.0,3,1500.0,-1500.0,I/O Intr
SR04C-DI-EBPM-10:SA:Y,1500.0,-1500.0,3,1500.0,-1500.0,I/O Intr
SR04C-DI-EBPM-11:SA:X,1500.0,-1500.0,3,1500.0,-1500.0,I/O Intr
SR04C-DI-EBPM-11:SA:Y,1500.0,-1500.0,3,1500.0,-1500.0,I/O Intr
SR04I-PC-HSTR-11:I,1500.0,-1500.0,3,1500.0,-1500.0,I/O Intr
SR04I-PC-HSTR-11:SETI,1500.0,-1500.0,3,1500.0,-1500.0,Passive
SR04I-PC-HSTR-12:I,1500.0,-1500.0,3,1500.0,-1500.0,I/O Intr
SR04I-PC-HSTR-12:SETI,1500.0,-1500.0,3,1500.0,-1500.0,Passive
SR04I-PC-VSTR-11:I,1500.0,-1500.0,3,1500.0,-1500.0,I/O Intr
SR04I-PC-VSTR-11:SETI,1500.0,-1500.0,3,1500.0,-1500.0,Passive
SR04I-PC-VSTR-12:I,1500.0,-1500.0,3,1500.0,-1500.0,I/O Intr
SR04I-PC-VSTR-12:SETI,1500.0,-1500.0,3,1500.0,-1500.0,Passive
SR04K-PC-HSTR-11:I,1500.0,-1500.0,3,1500.0,-1500.0,I/O Intr
SR04K-PC-HSTR-11:SETI,1500.0,-1500.0,3,1500.0,-1500.0,Passive
SR04K-PC-HSTR-12:I,1500.0,-1500.0,3,1500.0,-1500.0,I/O Intr
SR04K-PC-HSTR-12:SETI,1500.0,-1500.0,3,1500.0,-1500.0,Passive
SR04K-PC-VSTR-11:I,1500.0,-1500.0,3,1500.0,-1500.0,I/O Intr
SR04K-PC-VSTR-11:SETI,1500.0,-1500.0,3,1500.0,-1500.0,Passive
SR04K-PC-VSTR-12:I,1500.0,-1500.0,3,1500.0,-1500.0,I/O Intr
SR04K-PC-VSTR-12:SETI,1500.0,-1500.0,3,1500.0,-1500.0,Passive
SR05-PC-DL1:I,1500.0,-1500.0,3,1500.0,-1500.0,I/O Intr
SR05-PC-DL1:SETI,1500.0,-1500.0,3,1500.0,-1500.0,Passive
SR05-PC-DL2:I,1500.0,-1500.0,3,1500.0,-1500.0,I/O Intr
SR05-PC-DL2:SETI,1500.0,-1500.0,3,1500.0,-1500.0,Passive
SR05-PC-DL3:I,1500.0,-1500.0,3,1500.0,-1500.0,I/O Intr
SR05-PC-DL3:SETI,1500.0,-1500.0,3,1500.0,-1500.0,Passive
SR05-PC-DL4:I,1500.0,-1500.0,3,1500.0,-1500.0,I/O Intr
SR05-PC-DL4:SETI,1500.0,-1500.0,3,1500.0,-1500.0,Passive
SR05-PC-DQ1-01:I,1500.0,-1500.0,3,1500.0,-1500.0,I/O Intr
SR05-PC-DQ1-01:SETI,1500.0,-1500.0,3,1500.0,-1500.0,Passive
SR05-PC-DQ1-02:I,1500.0,-1500.0,3,1500.0,-1500.0,I/O Intr
SR05-PC-DQ1-02:SETI,1500.0,-1500.0,3,1500.0,-1500.0,Passive
SR05-PC-O0X-01:I,1500.0,-1500.0,3,1500.0,-1500.0,I/O Intr
SR05-PC-O0X-01:SETI,1500.0,-1500.0,3,1500.0,-1500.0,Passive
SR05-PC-O1X-01:I,1500.0,-1500.0,3,1500.0,-1500.0,I/O Intr
SR05-PC-O1X-01:SETI,1500.0,-1500.0,3,1500.0,-1500.0,Passive
SR05-PC-O1X-02:I,1500.0,-1500.0,3,1500.0,-1500.0,I/O Intr
SR05-PC-O1X-02:SETI,1500.0,-1500.0,3,1500.0,-1500.0,Passive
SR05A-PC-A1L-05:I,1500.0,-1500.0,3,1500.0,-1500.0,I/O Intr
SR05A-PC-A1L-05:SETI,1500.0,-1500.0,3,1500.0,-1500.0,Passive
SR05A-PC-A1N-14:I,1500.0,-1500.0,3,1500.0,-1500.0,I/O Intr
SR05A-PC-A1N-14:SETI,1500.0,-1500.0,3,1500.0,-1500.0,Passive
SR05A-PC-A2L-06:I,1500.0,-1500.0,3,1500.0,-1500.0,I/O Intr
SR05A-PC-A2L-06:SETI,1500.0,-1500.0,3,1500.0,-1500.0,Passive
SR05A-PC-A2N-13:I,1500.0,-1500.0,3,1500.0,-1500.0,I/O Intr
SR05A-PC-A2N-13:SETI,1500.0,-1500.0,3,1500.0,-1500.0,Passive
SR05A-PC-HSTR-01:I,1500.0,-1500.0,3,1500.0,-1500.0,I/O Intr
SR05A-PC-HSTR-01:SETI,1500.0,-1500.0,3,1500.0,-1500.0,Passive
SR05A-PC-HSTR-02:I,1500.0,-1500.0,3,1500.0,-1500.0,I/O Intr
SR05A-PC-HSTR-02:SETI,1500.0,-1500.0,3,1500.0,-1500.0,Passive
SR05A-PC-HSTR-03:I,1500.0,-1500.0,3,1500.0,-1500.0,I/O Intr
SR05A-PC-HSTR-03:SETI,1500.0,-1500.0,3,1500.0,-1500.0,Passive
SR05A-PC-HSTR-04:I,1500.0,-1500.0,3,1500.0,-1500.0,I/O Intr
SR05A-PC-HSTR-04:SETI,1500.0,-1500.0,3,1500.0,-1500.0,Passive
SR05A-PC-HSTR-05:I,1500.0,-1500.0,3,1500.0,-1500.0,I/O Intr
SR05A-PC-HSTR-05:SETI,1500.0,-1500.0,3,1500.0,-1500.0,Passive
SR05A-PC-HSTR-06:I,1500.0,-1500.0,3,1500.0,-1500.0,I/O Intr
SR05A-PC-HSTR-06:SETI,1500.0,-1500.0,3,1500.0,-1500.0,Passive
SR05A-PC-HSTR-07:I,1500.0,-1500.0,3,1500.0,-1500.0,I/O Intr
SR05A-PC-HSTR-07:SETI,1500.0,-1500.0,3,1500.0,-1500.0,Passive
SR05A-PC-HSTR-08:I,1500.0,-1500.0,3,1500.0,-1500.0,I/O Intr
SR05A-PC-HSTR-08:SETI,1500.0,-1500.0,3,1500.0,-1500.0,Passive
SR05A-PC-HSTR-09:I,1500.0,-1500.0,3,1500.0,-1500.0,I/O Intr
SR05A-PC-HSTR-09:SETI,1500.0,-1500.0,3,1500.0,-1500.0,Passive
SR05A-PC-HSTR-10:I,1500.0,-1500.0,3,1500.0,-1500.0,I/O Intr
SR05A-PC-HSTR-10:SETI,1500.0,-1500.0,3,1500.0,-1500.0,Passive
SR05A-PC-HSTR-11:I,1500.0,-1500.0,3,1500.0,-1500.0,I/O Intr
SR05A-PC-HSTR-11:SETI,1500.0,-1500.0,3,1500.0,-1500.0,Passive
SR05A-PC-HSTR-12:I,1500.0,-1500.0,3,1500.0,-1500.0,I/O Intr
SR05A-PC-HSTR-12:SETI,1500.0,-1500.0,3,1500.0,-1500.0,Passive
SR05A-PC-Q0L-01:I,1500.0,-1500.0,3,1500.0,-1500.0,I/O Intr
SR05A-PC-Q0L-01:SETI,1500.0,-1500.0,3,1500.0,-1500.0,Passive
SR05A-PC-Q1L-02:I,1500.0,-1500.0,3,1500.0,-1500.0,I/O Intr
SR05A-PC-Q1L-02:SETI,1500.0,-1500.0,3,1500.0,-1500.0,Passive
SR05A-PC-Q1N-17:I,1500.0,-1500.0,3,1500.0,-1500.0,I/O Intr
SR05A-PC-Q1N-17:SETI,1500.0,-1500.0,3,1500.0,-1500.0,Passive
SR05A-PC-Q2L-03:I,1500.0,-1500.0,3,1500.0,-1500.0,I/O Intr
SR05A-PC-Q2L-03:SETI,1500.0,-1500.0,3,1500.0,-1500.0,Passive
SR05A-PC-Q2N-16:I,1500.0,-1500.0,3,1500.0,-1500.0,I/O Intr
SR05A-PC-Q2N-16:SETI,1500.0,-1500.0,3,1500.0,-1500.0,Passive
SR05A-PC-Q3L-04:I,1500.0,-1500.0,3,1500.0,-1500.0,I/O Intr
SR05A-PC-Q3L-04:SETI,1500.0,-1500.0,3,1500.0,-1500.0,Passive
SR05A-PC-Q3N-15:I,1500.0,-1500.0,3,1500.0,-1500.0,I/O Intr
SR05A-PC-Q3N-15:SETI,1500.0,-1500.0,3,1500.0,-1500.0,Passive
SR05A-PC-Q4N-07:I,1500.0,-1500.0,3,1500.0,-1500.0,I/O Intr
SR05A-PC-Q4N-07:SETI,1500.0,-1500.0,3,1500.0,-1500.0,Passive
SR05A-PC-Q4N-12:I,1500.0,-1500.0,3,1500.0,-1500.0,I/O Intr
SR05A-PC-Q4N-12:SETI,1500.0,-1500.0,3,1500.0,-1500.0,Passive
SR05A-PC-Q5N-08:I,1500.0,-1500.0,3,1500.0,-1500.0,I/O Intr
SR05A-PC-Q5N-08:SETI,1500.0,-1500.0,3,1500.0,-1500.0,Passive
SR05A-PC-Q5N-11:I,1500.0,-1500.0,3,1500.0,-1500.0,I/O Intr
SR05A-PC-Q5N-11:SETI,1500.0,-1500.0,3,1500.0,-1500.0,Passive
SR05A-PC-Q6N-09:I,1500.0,-1500.0,3,1500.0,-1500.0,I/O Intr
SR05A-PC-Q6N-09:SETI,1500.0,-1500.0,3,1500.0,-1500.0,Passive
SR05A-PC-Q6N-10:I,1500.0,-1500.0,3,1500.0,-1500.0,I/O Intr
SR05A-PC-Q6N-10:SETI,1500.0,-1500.0,3,1500.0,-1500.0,Passive
SR05A-PC-S1X-01:I,1500.0,-1500.0,3,1500.0,-1500.0,I/O Intr
SR05A-PC-S1X-01:SETI,1500.0,-1500.0,3,1500.0,-1500.0,Passive
SR05A-PC-S1X-12:I,1500.0,-1500.0,3,1500.0,-1500.0,I/O Intr
SR05A-PC-S1X-12:SETI,1500.0,-1500.0,3,1500.0,-1500.0,Passive
SR05A-PC-S2A-02:I,1500.0,-1500.0,3,1500.0,-1500.0,I/O Intr
SR05A-PC-S2A-02:SETI,1500.0,-1500.0,3,1500.0,-1500.0,Passive
SR05A-PC-S2A-11:I,1500.0,-1500.0,3,1500.0,-1500.0,I/O Intr
SR05A-PC-S2A-11:SETI,1500.0,-1500.0,3,1500.0,-1500.0,Passive
SR05A-PC-S3A-03:I,1500.0,-1500.0,3,1500.0,-1500.0,I/O Intr
SR05A-PC-S3A-03:SETI,1500.0,-1500.0,3,1500.0,-1500.0,Passive
SR05A-PC-S3A-10:I,1500.0,-1500.0,3,1500.0,-1500.0,I/O Intr
SR05A-PC-S3A-10:SETI,1500.0,-1500.0,3,1500.0,-1500.0,Passive
SR05A-PC-S4A-04:I,1500.0,-1500.0,3,1500.0,-1500.0,I/O Intr
SR05A-PC-S4A-04:SETI,1500.0,-1500.0,3,1500.0,-1500.0,Passive
SR05A-PC-S4A-09:I,1500.0,-1500.0,3,1500.0,-1500.0,I/O Intr
SR05A-PC-S4A-09:SETI,1500.0,-1500.0,3,1500.0,-1500.0,Passive
SR05A-PC-S5X-05:I,1500.0,-1500.0,3,1500.0,-1500.0,I/O Intr
SR05A-PC-S5X-05:SETI,1500.0,-1500.0,3,1500.0,-1500.0,Passive
SR05A-PC-S5X-08:I,1500.0,-1500.0,3,1500.0,-1500.0,I/O Intr
SR05A-PC-S5X-08:SETI,1500.0,-1500.0,3,1500.0,-1500.0,Passive
SR05A-PC-S6X-06:I,1500.0,-1500.0,3,1500.0,-1500.0,I/O Intr
SR05A-PC-S6X-06:SETI,1500.0,-1500.0,3,1500.0,-1500.0,Passive
SR05A-PC-S6X-07:I,1500.0,-1500.0,3,1500.0,-1500.0,I/O Intr
SR05A-PC-S6X-07:SETI,1500.0,-1500.0,3,1500.0,-1500.0,Passive
SR05A-PC-SQUAD-01:I,1500.0,-1500.0,3,1500.0,-1500.0,I/O Intr
SR05A-PC-SQUAD-01:SETI,1500.0,-1500.0,3,1500.0,-1500.0,Passive
SR05A-PC-SQUAD-02:I,1500.0,-1500.0,3,1500.0,-1500.0,I/O Intr
SR05A-PC-SQUAD-02:SETI,1500.0,-1500.0,3,1500.0,-1500.0,Passive
SR05A-PC-SQUAD-03:I,1500.0,-1500.0,3,1500.0,-1500.0,I/O Intr
SR05A-PC-SQUAD-03:SETI,1500.0,-1500.0,3,1500.0,-1500.0,Passive
SR05A-PC-SQUAD-04:I,1500.0,-1500.0,3,1500.0,-1500.0,I/O Intr
SR05A-PC-SQUAD-04:SETI,1500.0,-1500.0,3,1500.0,-1500.0,Passive
SR05A-PC-SQUAD-05:I,1500.0,-1500.0,3,1500.0,-1500.0,I/O Intr
SR05A-PC-SQUAD-05:SETI,1500.0,-1500.0,3,1500.0,-1500.0,Passive
SR05A-PC-SQUAD-06:I,1500.0,-1500.0,3,1500.0,-1500.0,I/O Intr
SR05A-PC-SQUAD-06:SETI,1500.0,-1500.0,3,1500.0,-1500.0,Passive
SR05A-PC-SQUAD-07:I,1500.0,-1500.0,3,1500.0,-1500.0,I/O Intr
SR05A-PC-SQUAD-07:SETI,1500.0,-1500.0,3,1500.0,-1500.0,Passive
SR05A-PC-SQUAD-08:I,1500.0,-1500.0,3,1500.0,-1500.0,I/O Intr
SR05A-PC-SQUAD-08:SETI,1500.0,-1500.0,3,1500.0,-1500.0,Passive
SR05A-PC-SQUAD-09:I,1500.0,-1500.0,3,1500.0,-1500.0,I/O Intr
SR05A-PC-SQUAD-09:SETI,1500.0,-1500.0,3,1500.0,-1500.0,Passive
SR05A-PC-SQUAD-10:I,1500.0,-1500.0,3,1500.0,-1500.0,I/O Intr
SR05A-PC-SQUAD-10:SETI,1500.0,-1500.0,3,1500.0,-1500.0,Passive
SR05A-PC-SQUAD-11:I,1500.0,-1500.0,3,1500.0,-1500.0,I/O Intr
SR05A-PC-SQUAD-11:SETI,1500.0,-1500.0,3,1500.0,-1500.0,Passive
SR05A-PC-SQUAD-12:I,1500.0,-1500.0,3,1500.0,-1500.0,I/O Intr
SR05A-PC-SQUAD-12:SETI,1500.0,-1500.0,3,1500.0,-1500.0,Passive
SR05A-PC-VSTR-01:I,1500.0,-1500.0,3,1500.0,-1500.0,I/O Intr
SR05A-PC-VSTR-01:SETI,1500.0,-1500.0,3,1500.0,-1500.0,Passive
SR05A-PC-VSTR-02:I,1500.0,-1500.0,3,1500.0,-1500.0,I/O Intr
SR05A-PC-VSTR-02:SETI,1500.0,-1500.0,3,1500.0,-1500.0,Passive
SR05A-PC-VSTR-03:I,1500.0,-1500.0,3,1500.0,-1500.0,I/O Intr
SR05A-PC-VSTR-03:SETI,1500.0,-1500.0,3,1500.0,-1500.0,Passive
SR05A-PC-VSTR-04:I,1500.0,-1500.0,3,1500.0,-1500.0,I/O Intr
SR05A-PC-VSTR-04:SETI,1500.0,-1500.0,3,1500.0,-1500.0,Passive
SR05A-PC-VSTR-05:I,1500.0,-1500.0,3,1500.0,-1500.0,I/O Intr
SR05A-PC-VSTR-05:SETI,1500.0,-1500.0,3,1500.0,-1500.0,Passive
SR05A-PC-VSTR-06:I,1500.0,-1500.0,3,1500.0,-1500.0,I/O Intr
SR05A-PC-VSTR-06:SETI,1500.0,-1500.0,3,1500.0,-1500.0,Passive
SR05A-PC-VSTR-07:I,1500.0,-1500.0,3,1500.0,-1500.0,I/O Intr
SR05A-PC-VSTR-07:SETI,1500.0,-1500.0,3,1500.0,-1500.0,Passive
SR05A-PC-VSTR-08:I,1500.0,-1500.0,3,1500.0,-1500.0,I/O Intr
SR05A-PC-VSTR-08:SETI,1500.0,-1500.0,3,1500.0,-1500.0,Passive
SR05A-PC-VSTR-09:I,1500.0,-1500.0,3,1500.0,-1500.0,I/O Intr
SR05A-PC-VSTR-09:SETI,1500.0,-1500.0,3,1500.0,-1500.0,Passive
SR05A-PC-VSTR-10:I,1500.0,-1500.0,3,1500.0,-1500.0,I/O Intr
SR05A-PC-VSTR-10:SETI,1500.0,-1500.0,3,1500.0,-1500.0,Passive
SR05A-PC-VSTR-11:I,1500.0,-1500.0,3,1500.0,-1500.0,I/O Intr
SR05A-PC-VSTR-11:SETI,1500.0,-1500.0,3,1500.0,-1500.0,Passive
SR05A-PC-VSTR-12:I,1500.0,-1500.0,3,1500.0,-1500.0,I/O Intr
SR05A-PC-VSTR-12:SETI,1500.0,-1500.0,3,1500.0,-1500.0,Passive
SR05C-DI-EBPM-01:SA:X,1500.0,-1500.0,3,1500.0,-1500.0,I/O Intr
SR05C-DI-EBPM-01:SA:Y,1500.0,-1500.0,3,1500.0,-1500.0,I/O Intr
SR05C-DI-EBPM-02:SA:X,1500.0,-1500.0,3,1500.0,-1500.0,I/O Intr
SR05C-DI-EBPM-02:SA:Y,1500.0,-1500.0,3,1500.0,-1500.0,I/O Intr
SR05C-DI-EBPM-03:SA:X,1500.0,-1500.0,3,1500.0,-1500.0,I/O Intr
SR05C-DI-EBPM-03:SA:Y,1500.0,-1500.0,3,1500.0,-1500.0,I/O Intr
SR05C-DI-EBPM-04:SA:X,1500.0,-1500.0,3,1500.0,-1500.0,I/O Intr
SR05C-DI-EBPM-04:SA:Y,1500.0,-1500.0,3,1500.0,-1500.0,I/O Intr
SR05C-DI-EBPM-05:SA:X,1500.0,-1500.0,3,1500.0,-1500.0,I/O Intr
SR05C-DI-EBPM-05:SA:Y,1500.0,-1500.0,3,1500.0,-1500.0,I/O Intr
SR05C-DI-EBPM-06:SA:X,1500.0,-1500.0,3,1500.0,-1500.0,I/O Intr
SR05C-DI-EBPM-06:SA:Y,1500.0,-1500.0,3,1500.0,-1500.0,I/O Intr
SR05C-DI-EBPM-07:SA:X,1500.0,-1500.0,3,1500.0,-1500.0,I/O Intr
SR05C-DI-EBPM-07:SA:Y,1500.0,-1500.0,3,1500.0,-1500.0,I/O Intr
SR05C-DI-EBPM-08:SA:X,1500.0,-1500.0,3,1500.0,-1500.0,I/O Intr
SR05C-DI-EBPM-08:SA:Y,1500.0,-1500.0,3,1500.0,-1500.0,I/O Intr
SR05C-DI-EBPM-09:SA:X,1500.0,-1500.0,3,1500.0,-1500.0,I/O Intr
SR05C-DI-EBPM-09:SA:Y,1500.0,-1500.0,3,1500.0,-1500.0,I/O Intr
SR05C-DI-EBPM-10:SA:X,1500.0,-1500.0,3,1500.0,-1500.0,I/O Intr
SR05C-DI-EBPM-10:SA:Y,1500.0,-1500.0,3,1500.0,-1500.0,I/O Intr
SR05C-DI-EBPM-11:SA:X,1500.0,-1500.0,3,1500.0,-1500.0,I/O Intr
SR05C-DI-EBPM-11:SA:Y,1500.0,-1500.0,3,1500.0,-1500.0,I/O Intr
SR05I-PC-HSTR-11:I,1500.0,-1500.0,3,1500.0,-1500.0,I/O Intr
SR05I-PC-HSTR-11:SETI,1500.0,-1500.0,3,1500.0,-1500.0,Passive
SR05I-PC-HSTR-12:I,1500.0,-1500.0,3,1500.0,-1500.0,I/O Intr
SR05I-PC-HSTR-12:SETI,1500.0,-1500.0,3,1500.0,-1500.0,Passive
SR05I-PC-VSTR-11:I,1500.0,-1500.0,3,1500.0,-1500.0,I/O Intr
SR05I-PC-VSTR-11:SETI,1500.0,-1500.0,3,1500.0,-1500.0,Passive
SR05I-PC-VSTR-12:I,1500.0,-1500.0,3,1500.0,-1500.0,I/O Intr
SR05I-PC-VSTR-12:SETI,1500.0,-1500.0,3,1500.0,-1500.0,Passive
SR06-PC-DL1:I,1500.0,-1500.0,3,1500.0,-1500.0,I/O Intr
SR06-PC-DL1:SETI,1500.0,-1500.0,3,1500.0,-1500.0,Passive
SR06-PC-DL2:I,1500.0,-1500.0,3,1500.0,-1500.0,I/O Intr
SR06-PC-DL2:SETI,1500.0,-1500.0,3,1500.0,-1500.0,Passive
SR06-PC-DL3:I,1500.0,-1500.0,3,1500.0,-1500.0,I/O Intr
SR06-PC-DL3:SETI,1500.0,-1500.0,3,1500.0,-1500.0,Passive
SR06-PC-DL4:I,1500.0,-1500.0,3,1500.0,-1500.0,I/O Intr
SR06-PC-DL4:SETI,1500.0,-1500.0,3,1500.0,-1500.0,Passive
SR06-PC-DQ1-01:I,1500.0,-1500.0,3,1500.0,-1500.0,I/O Intr
SR06-PC-DQ1-01:SETI,1500.0,-1500.0,3,1500.0,-1500.0,Passive
SR06-PC-DQ1-02:I,1500.0,-1500.0,3,1500.0,-1500.0,I/O Intr
SR06-PC-DQ1-02:SETI,1500.0,-1500.0,3,1500.0,-1500.0,Passive
SR06-PC-O1X-01:I,1500.0,-1500.0,3,1500.0,-1500.0,I/O Intr
SR06-PC-O1X-01:SETI,1500.0,-1500.0,3,1500.0,-1500.0,Passive
SR06-PC-O1X-02:I,1500.0,-1500.0,3,1500.0,-1500.0,I/O Intr
SR06-PC-O1X-02:SETI,1500.0,-1500.0,3,1500.0,-1500.0,Passive
SR06A-PC-A1N-04:I,1500.0,-1500.0,3,1500.0,-1500.0,I/O Intr
SR06A-PC-A1N-04:SETI,1500.0,-1500.0,3,1500.0,-1500.0,Passive
SR06A-PC-A1N-13:I,1500.0,-1500.0,3,1500.0,-1500.0,I/O Intr
SR06A-PC-A1N-13:SETI,1500.0,-1500.0,3,1500.0,-1500.0,Passive
SR06A-PC-A2N-05:I,1500.0,-1500.0,3,1500.0,-1500.0,I/O Intr
SR06A-PC-A2N-05:SETI,1500.0,-1500.0,3,1500.0,-1500.0,Passive
SR06A-PC-A2N-12:I,1500.0,-1500.0,3,1500.0,-1500.0,I/O Intr
SR06A-PC-A2N-12:SETI,1500.0,-1500.0,3,1500.0,-1500.0,Passive
SR06A-PC-HSTR-01:I,1500.0,-1500.0,3,1500.0,-1500.0,I/O Intr
SR06A-PC-HSTR-01:SETI,1500.0,-1500.0,3,1500.0,-1500.0,Passive
SR06A-PC-HSTR-02:I,1500.0,-1500.0,3,1500.0,-1500.0,I/O Intr
SR06A-PC-HSTR-02:SETI,1500.0,-1500.0,3,1500.0,-1500.0,Passive
SR06A-PC-HSTR-03:I,1500.0,-1500.0,3,1500.0,-1500.0,I/O Intr
SR06A-PC-HSTR-03:SETI,1500.0,-1500.0,3,1500.0,-1500.0,Passive
SR06A-PC-HSTR-04:I,1500.0,-1500.0,3,1500.0,-1500.0,I/O Intr
SR06A-PC-HSTR-04:SETI,1500.0,-1500.0,3,1500.0,-1500.0,Passive
SR06A-PC-HSTR-05:I,1500.0,-1500.0,3,1500.0,-1500.0,I/O Intr
SR06A-PC-HSTR-05:SETI,1500.0,-1500.0,3,1500.0,-1500.0,Passive
SR06A-PC-HSTR-06:I,1500.0,-1500.0,3,1500.0,-1500.0,I/O Intr
SR06A-PC-HSTR-06:SETI,1500.0,-1500.0,3,1500.0,-1500.0,Passive
SR06A-PC-HSTR-07:I,1500.0,-1500.0,3,1500.0,-1500.0,I/O Intr
SR06A-PC-HSTR-07:SETI,1500.0,-1500.0,3,1500.0,-1500.0,Passive
SR06A-PC-HSTR-08:I,1500.0,-1500.0,3,1500.0,-1500.0,I/O Intr
SR06A-PC-HSTR-08:SETI,1500.0,-1500.0,3,1500.0,-1500.0,Passive
SR06A-PC-HSTR-09:I,1500.0,-1500.0,3,1500.0,-1500.0,I/O Intr
SR06A-PC-HSTR-09:SETI,1500.0,-1500.0,3,1500.0,-1500.0,Passive
SR06A-PC-HSTR-10:I,1500.0,-1500.0,3,1500.0,-1500.0,I/O Intr
SR06A-PC-HSTR-10:SETI,1500.0,-1500.0,3,1500.0,-1500.0,Passive
SR06A-PC-HSTR-11:I,1500.0,-1500.0,3,1500.0,-1500.0,I/O Intr
SR06A-PC-HSTR-11:SETI,1500.0,-1500.0,3,1500.0,-1500.0,Passive
SR06A-PC-HSTR-12:I,1500.0,-1500.0,3,1500.0,-1500.0,I/O Intr
SR06A-PC-HSTR-12:SETI,1500.0,-1500.0,3,1500.0,-1500.0,Passive
SR06A-PC-Q1N-01:I,1500.0,-1500.0,3,1500.0,-1500.0,I/O Intr
SR06A-PC-Q1N-01:SETI,1500.0,-1500.0,3,1500.0,-1500.0,Passive
SR06A-PC-Q1N-16:I,1500.0,-1500.0,3,1500.0,-1500.0,I/O Intr
SR06A-PC-Q1N-16:SETI,1500.0,-1500.0,3,1500.0,-1500.0,Passive
SR06A-PC-Q2N-02:I,1500.0,-1500.0,3,1500.0,-1500.0,I/O Intr
SR06A-PC-Q2N-02:SETI,1500.0,-1500.0,3,1500.0,-1500.0,Passive
SR06A-PC-Q2N-15:I,1500.0,-1500.0,3,1500.0,-1500.0,I/O Intr
SR06A-PC-Q2N-15:SETI,1500.0,-1500.0,3,1500.0,-1500.0,Passive
SR06A-PC-Q3N-03:I,1500.0,-1500.0,3,1500.0,-1500.0,I/O Intr
SR06A-PC-Q3N-03:SETI,1500.0,-1500.0,3,1500.0,-1500.0,Passive
SR06A-PC-Q3N-14:I,1500.0,-1500.0,3,1500.0,-1500.0,I/O Intr
SR06A-PC-Q3N-14:SETI,1500.0,-1500.0,3,1500.0,-1500.0,Passive
SR06A-PC-Q4N-06:I,1500.0,-1500.0,3,1500.0,-1500.0,I/O Intr
SR06A-PC-Q4N-06:SETI,1500.0,-1500.0,3,1500.0,-1500.0,Passive
SR06A-PC-Q4N-11:I,1500.0,-1500.0,3,1500.0,-1500.0,I/O Intr
SR06A-PC-Q4N-11:SETI,1500.0,-1500.0,3,1500.0,-1500.0,Passive
SR06A-PC-Q5N-07:I,1500.0,-1500.0,3,1500.0,-1500.0,I/O Intr
SR06A-PC-Q5N-07:SETI,1500.0,-1500.0,3,1500.0,-1500.0,Passive
SR06A-PC-Q5N-10:I,1500.0,-1500.0,3,1500.0,-1500.0,I/O Intr
SR06A-PC-Q5N-10:SETI,1500.0,-1500.0,3,1500.0,-1500.0,Passive
SR06A-PC-Q6N-08:I,1500.0,-1500.0,3,1500.0,-1500.0,I/O Intr
SR06A-PC-Q6N-08:SETI,1500.0,-1500.0,3,1500.0,-1500.0,Passive
SR06A-PC-Q6N-09:I,1500.0,-1500.0,3,1500.0,-1500.0,I/O Intr
SR06A-PC-Q6N-09:SETI,1500.0,-1500.0,3,1500.0,-1500.0,Passive
SR06A-PC-S1X-01:I,1500.0,-1500.0,3,1500.0,-1500.0,I/O Intr
SR06A-PC-S1X-01:SETI,1500.0,-1500.0,3,1500.0,-1500.0,Passive
SR06A-PC-S1X-12:I,1500.0,-1500.0,3,1500.0,-1500.0,I/O Intr
SR06A-PC-S1X-12:SETI,1500.0,-1500.0,3,1500.0,-1500.0,Passive
SR06A-PC-S2A-02:I,1500.0,-1500.0,3,1500.0,-1500.0,I/O Intr
SR06A-PC-S2A-02:SETI,1500.0,-1500.0,3,1500.0,-1500.0,Passive
SR06A-PC-S2A-11:I,1500.0,-1500.0,3,1500.0,-1500.0,I/O Intr
SR06A-PC-S2A-11:SETI,1500.0,-1500.0,3,1500.0,-1500.0,Passive
SR06A-PC-S3A-03:I,1500.0,-1500.0,3,1500.0,-1500.0,I/O Intr
SR06A-PC-S3A-03:SETI,1500.0,-1500.0,3,1500.0,-1500.0,Passive
SR06A-PC-S3A-10:I,1500.0,-1500.0,3,1500.0,-1500.0,I/O Intr
SR06A-PC-S3A-10:SETI,1500.0,-1500.0,3,1500.0,-1500.0,Passive
SR06A-PC-S4A-04:I,1500.0,-1500.0,3,1500.0,-1500.0,I/O Intr
SR06A-PC-S4A-04:SETI,1500.0,-1500.0,3,1500.0,-1500.0,Passive
SR06A-PC-S4A-09:I,1500.0,-1500.0,3,1500.0,-1500.0,I/O Intr
SR06A-PC-S4A-09:SETI,1500.0,-1500.0,3,1500.0,-1500.0,Passive
SR06A-PC-S5X-05:I,1500.0,-1500.0,3,1500.0,-1500.0,I/O Intr
SR06A-PC-S5X-05:SETI,1500.0,-1500.0,3,1500.0,-1500.0,Passive
SR06A-PC-S5X-08:I,1500.0,-1500.0,3,1500.0,-1500.0,I/O Intr
SR06A-PC-S5X-08:SETI,1500.0,-1500.0,3,1500.0,-1500.0,Passive
SR06A-PC-S6X-06:I,1500.0,-1500.0,3,1500.0,-1500.0,I/O Intr
SR06A-PC-S6X-06:SETI,1500.0,-1500.0,3,1500.0,-1500.0,Passive
SR06A-PC-S6X-07:I,1500.0,-1500.0,3,1500.0,-1500.0,I/O Intr
SR06A-PC-S6X-07:SETI,1500.0,-1500.0,3,1500.0,-1500.0,Passive
SR06A-PC-SQUAD-01:I,1500.0,-1500.0,3,1500.0,-1500.0,I/O Intr
SR06A-PC-SQUAD-01:SETI,1500.0,-1500.0,3,1500.0,-1500.0,Passive
SR06A-PC-SQUAD-02:I,1500.0,-1500.0,3,1500.0,-1500.0,I/O Intr
SR06A-PC-SQUAD-02:SETI,1500.0,-1500.0,3,1500.0,-1500.0,Passive
SR06A-PC-SQUAD-03:I,1500.0,-1500.0,3,1500.0,-1500.0,I/O Intr
SR06A-PC-SQUAD-03:SETI,1500.0,-1500.0,3,1500.0,-1500.0,Passive
SR06A-PC-SQUAD-04:I,1500.0,-1500.0,3,1500.0,-1500.0,I/O Intr
SR06A-PC-SQUAD-04:SETI,1500.0,-1500.0,3,1500.0,-1500.0,Passive
SR06A-PC-SQUAD-05:I,1500.0,-1500.0,3,1500.0,-1500.0,I/O Intr
SR06A-PC-SQUAD-05:SETI,1500.0,-1500.0,3,1500.0,-1500.0,Passive
SR06A-PC-SQUAD-06:I,1500.0,-1500.0,3,1500.0,-1500.0,I/O Intr
SR06A-PC-SQUAD-06:SETI,1500.0,-1500.0,3,1500.0,-1500.0,Passive
SR06A-PC-SQUAD-07:I,1500.0,-1500.0,3,1500.0,-1500.0,I/O Intr
SR06A-PC-SQUAD-07:SETI,1500.0,-1500.0,3,1500.0,-1500.0,Passive
SR06A-PC-SQUAD-08:I,1500.0,-1500.0,3,1500.0,-1500.0,I/O Intr
SR06A-PC-SQUAD-08:SETI,1500.0,-1500.0,3,1500.0,-1500.0,Passive
SR06A-PC-SQUAD-09:I,1500.0,-1500.0,3,1500.0,-1500.0,I/O Intr
SR06A-PC-SQUAD-09:SETI,1500.0,-1500.0,3,1500.0,-1500.0,Passive
SR06A-PC-SQUAD-10:I,1500.0,-1500.0,3,1500.0,-1500.0,I/O Intr
SR06A-PC-SQUAD-10:SETI,1500.0,-1500.0,3,1500.0,-1500.0,Passive
SR06A-PC-SQUAD-11:I,1500.0,-1500.0,3,1500.0,-1500.0,I/O Intr
SR06A-PC-SQUAD-11:SETI,1500.0,-1500.0,3,1500.0,-1500.0,Passive
SR06A-PC-SQUAD-12:I,1500.0,-1500.0,3,1500.0,-1500.0,I/O Intr
SR06A-PC-SQUAD-12:SETI,1500.0,-1500.0,3,1500.0,-1500.0,Passive
SR06A-PC-VSTR-01:I,1500.0,-1500.0,3,1500.0,-1500.0,I/O Intr
SR06A-PC-VSTR-01:SETI,1500.0,-1500.0,3,1500.0,-1500.0,Passive
SR06A-PC-VSTR-02:I,1500.0,-1500.0,3,1500.0,-1500.0,I/O Intr
SR06A-PC-VSTR-02:SETI,1500.0,-1500.0,3,1500.0,-1500.0,Passive
SR06A-PC-VSTR-03:I,1500.0,-1500.0,3,1500.0,-1500.0,I/O Intr
SR06A-PC-VSTR-03:SETI,1500.0,-1500.0,3,1500.0,-1500.0,Passive
SR06A-PC-VSTR-04:I,1500.0,-1500.0,3,1500.0,-1500.0,I/O Intr
SR06A-PC-VSTR-04:SETI,1500.0,-1500.0,3,1500.0,-1500.0,Passive
SR06A-PC-VSTR-05:I,1500.0,-1500.0,3,1500.0,-1500.0,I/O Intr
SR06A-PC-VSTR-05:SETI,1500.0,-1500.0,3,1500.0,-1500.0,Passive
SR06A-PC-VSTR-06:I,1500.0,-1500.0,3,1500.0,-1500.0,I/O Intr
SR06A-PC-VSTR-06:SETI,1500.0,-1500.0,3,1500.0,-1500.0,Passive
SR06A-PC-VSTR-07:I,1500.0,-1500.0,3,1500.0,-1500.0,I/O Intr
SR06A-PC-VSTR-07:SETI,1500.0,-1500.0,3,1500.0,-1500.0,Passive
SR06A-PC-VSTR-08:I,1500.0,-1500.0,3,1500.0,-1500.0,I/O Intr
SR06A-PC-VSTR-08:SETI,1500.0,-1500.0,3,1500.0,-1500.0,Passive
SR06A-PC-VSTR-09:I,1500.0,-1500.0,3,1500.0,-1500.0,I/O Intr
SR06A-PC-VSTR-09:SETI,1500.0,-1500.0,3,1500.0,-1500.0,Passive
SR06A-PC-VSTR-10:I,1500.0,-1500.0,3,1500.0,-1500.0,I/O Intr
SR06A-PC-VSTR-10:SETI,1500.0,-1500.0,3,1500.0,-1500.0,Passive
SR06A-PC-VSTR-11:I,1500.0,-1500.0,3,1500.0,-1500.0,I/O Intr
SR06A-PC-VSTR-11:SETI,1500.0,-1500.0,3,1500.0,-1500.0,Passive
SR06A-PC-VSTR-12:I,1500.0,-1500.0,3,1500.0,-1500.0,I/O Intr
SR06A-PC-VSTR-12:SETI,1500.0,-1500.0,3,1500.0,-1500.0,Passive
SR06C-DI-EBPM-01:SA:X,1500.0,-1500.0,3,1500.0,-1500.0,I/O Intr
SR06C-DI-EBPM-01:SA:Y,1500.0,-1500.0,3,1500.0,-1500.0,I/O Intr
SR06C-DI-EBPM-02:SA:X,1500.0,-1500.0,3,1500.0,-1500.0,I/O Intr
SR06C-DI-EBPM-02:SA:Y,1500.0,-1500.0,3,1500.0,-1500.0,I/O Intr
SR06C-DI-EBPM-03:SA:X,1500.0,-1500.0,3,1500.0,-1500.0,I/O Intr
SR06C-DI-EBPM-03:SA:Y,1500.0,-1500.0,3,1500.0,-1500.0,I/O Intr
SR06C-DI-EBPM-04:SA:X,1500.0,-1500.0,3,1500.0,-1500.0,I/O Intr
SR06C-DI-EBPM-04:SA:Y,1500.0,-1500.0,3,1500.0,-1500.0,I/O Intr
SR06C-DI-EBPM-05:SA:X,1500.0,-1500.0,3,1500.0,-1500.0,I/O Intr
SR06C-DI-EBPM-05:SA:Y,1500.0,-1500.0,3,1500.0,-1500.0,I/O Intr
SR06C-DI-EBPM-06:SA:X,1500.0,-1500.0,3,1500.0,-1500.0,I/O Intr
SR06C-DI-EBPM-06:SA:Y,1500.0,-1500.0,3,1500.0,-1500.0,I/O Intr
SR06C-DI-EBPM-07:SA:X,1500.0,-1500.0,3,1500.0,-1500.0,I/O Intr
SR06C-DI-EBPM-07:SA:Y,1500.0,-1500.0,3,1500.0,-1500.0,I/O Intr
SR06C-DI-EBPM-08:SA:X,1500.0,-1500.0,3,1500.0,-1500.0,I/O Intr
SR06C-DI-EBPM-08:SA:Y,1500.0,-1500.0,3,1500.0,-1500.0,I/O Intr
SR06C-DI-EBPM-09:SA:X,1500.0,-1500.0,3,1500.0,-1500.0,I/O Intr
SR06C-DI-EBPM-09:SA:Y,1500.0,-1500.0,3,1500.0,-1500.0,I/O Intr
SR06C-DI-EBPM-10:SA:X,1500.0,-1500.0,3,1500.0,-1500.0,I/O Intr
SR06C-DI-EBPM-10:SA:Y,1500.0,-1500.0,3,1500.0,-1500.0,I/O Intr
SR06I-PC-HSTR-11:I,1500.0,-1500.0,3,1500.0,-1500.0,I/O Intr
SR06I-PC-HSTR-11:SETI,1500.0,-1500.0,3,1500.0,-1500.0,Passive
SR06I-PC-HSTR-12:I,1500.0,-1500.0,3,1500.0,-1500.0,I/O Intr
SR06I-PC-HSTR-12:SETI,1500.0,-1500.0,3,1500.0,-1500.0,Passive
SR06I-PC-HSTR-13:I,1500.0,-1500.0,3,1500.0,-1500.0,I/O Intr
SR06I-PC-HSTR-13:SETI,1500.0,-1500.0,3,1500.0,-1500.0,Passive
SR06I-PC-HSTR-14:I,1500.0,-1500.0,3,1500.0,-1500.0,I/O Intr
SR06I-PC-HSTR-14:SETI,1500.0,-1500.0,3,1500.0,-1500.0,Passive
SR06I-PC-VSTR-11:I,1500.0,-1500.0,3,1500.0,-1500.0,I/O Intr
SR06I-PC-VSTR-11:SETI,1500.0,-1500.0,3,1500.0,-1500.0,Passive
SR06I-PC-VSTR-12:I,1500.0,-1500.0,3,1500.0,-1500.0,I/O Intr
SR06I-PC-VSTR-12:SETI,1500.0,-1500.0,3,1500.0,-1500.0,Passive
SR06I-PC-VSTR-13:I,1500.0,-1500.0,3,1500.0,-1500.0,I/O Intr
SR06I-PC-VSTR-13:SETI,1500.0,-1500.0,3,1500.0,-1500.0,Passive
SR06I-PC-VSTR-14:I,1500.0,-1500.0,3,1500.0,-1500.0,I/O Intr
SR06I-PC-VSTR-14:SETI,1500.0,-1500.0,3,1500.0,-1500.0,Passive
SR07-PC-DL1:I,1500.0,-1500.0,3,1500.0,-1500.0,I/O Intr
SR07-PC-DL1:SETI,1500.0,-1500.0,3,1500.0,-1500.0,Passive
SR07-PC-DL2:I,1500.0,-1500.0,3,1500.0,-1500.0,I/O Intr
SR07-PC-DL2:SETI,1500.0,-1500.0,3,1500.0,-1500.0,Passive
SR07-PC-DL3:I,1500.0,-1500.0,3,1500.0,-1500.0,I/O Intr
SR07-PC-DL3:SETI,1500.0,-1500.0,3,1500.0,-1500.0,Passive
SR07-PC-DL4:I,1500.0,-1500.0,3,1500.0,-1500.0,I/O Intr
SR07-PC-DL4:SETI,1500.0,-1500.0,3,1500.0,-1500.0,Passive
SR07-PC-DQ1-01:I,1500.0,-1500.0,3,1500.0,-1500.0,I/O Intr
SR07-PC-DQ1-01:SETI,1500.0,-1500.0,3,1500.0,-1500.0,Passive
SR07-PC-DQ1-02:I,1500.0,-1500.0,3,1500.0,-1500.0,I/O Intr
SR07-PC-DQ1-02:SETI,1500.0,-1500.0,3,1500.0,-1500.0,Passive
SR07-PC-O1X-01:I,1500.0,-1500.0,3,1500.0,-1500.0,I/O Intr
SR07-PC-O1X-01:SETI,1500.0,-1500.0,3,1500.0,-1500.0,Passive
SR07-PC-O1X-02:I,1500.0,-1500.0,3,1500.0,-1500.0,I/O Intr
SR07-PC-O1X-02:SETI,1500.0,-1500.0,3,1500.0,-1500.0,Passive
SR07A-PC-A1N-04:I,1500.0,-1500.0,3,1500.0,-1500.0,I/O Intr
SR07A-PC-A1N-04:SETI,1500.0,-1500.0,3,1500.0,-1500.0,Passive
SR07A-PC-A1N-13:I,1500.0,-1500.0,3,1500.0,-1500.0,I/O Intr
SR07A-PC-A1N-13:SETI,1500.0,-1500.0,3,1500.0,-1500.0,Passive
SR07A-PC-A2N-05:I,1500.0,-1500.0,3,1500.0,-1500.0,I/O Intr
SR07A-PC-A2N-05:SETI,1500.0,-1500.0,3,1500.0,-1500.0,Passive
SR07A-PC-A2N-12:I,1500.0,-1500.0,3,1500.0,-1500.0,I/O Intr
SR07A-PC-A2N-12:SETI,1500.0,-1500.0,3,1500.0,-1500.0,Passive
SR07A-PC-HSTR-01:I,1500.0,-1500.0,3,1500.0,-1500.0,I/O Intr
SR07A-PC-HSTR-01:SETI,1500.0,-1500.0,3,1500.0,-1500.0,Passive
SR07A-PC-HSTR-02:I,1500.0,-1500.0,3,1500.0,-1500.0,I/O Intr
SR07A-PC-HSTR-02:SETI,1500.0,-1500.0,3,1500.0,-1500.0,Passive
SR07A-PC-HSTR-03:I,1500.0,-1500.0,3,1500.0,-1500.0,I/O Intr
SR07A-PC-HSTR-03:SETI,1500.0,-1500.0,3,1500.0,-1500.0,Passive
SR07A-PC-HSTR-04:I,1500.0,-1500.0,3,1500.0,-1500.0,I/O Intr
SR07A-PC-HSTR-04:SETI,1500.0,-1500.0,3,1500.0,-1500.0,Passive
SR07A-PC-HSTR-05:I,1500.0,-1500.0,3,1500.0,-1500.0,I/O Intr
SR07A-PC-HSTR-05:SETI,1500.0,-1500.0,3,1500.0,-1500.0,Passive
SR07A-PC-HSTR-06:I,1500.0,-1500.0,3,1500.0,-1500.0,I/O Intr
SR07A-PC-HSTR-06:SETI,1500.0,-1500.0,3,1500.0,-1500.0,Passive
SR07A-PC-HSTR-07:I,1500.0,-1500.0,3,1500.0,-1500.0,I/O Intr
SR07A-PC-HSTR-07:SETI,1500.0,-1500.0,3,1500.0,-1500.0,Passive
SR07A-PC-HSTR-08:I,1500.0,-1500.0,3,1500.0,-1500.0,I/O Intr
SR07A-PC-HSTR-08:SETI,1500.0,-1500.0,3,1500.0,-1500.0,Passive
SR07A-PC-HSTR-09:I,1500.0,-1500.0,3,1500.0,-1500.0,I/O Intr
SR07A-PC-HSTR-09:SETI,1500.0,-1500.0,3,1500.0,-1500.0,Passive
SR07A-PC-HSTR-10:I,1500.0,-1500.0,3,1500.0,-1500.0,I/O Intr
SR07A-PC-HSTR-10:SETI,1500.0,-1500.0,3,1500.0,-1500.0,Passive
SR07A-PC-HSTR-11:I,1500.0,-1500.0,3,1500.0,-1500.0,I/O Intr
SR07A-PC-HSTR-11:SETI,1500.0,-1500.0,3,1500.0,-1500.0,Passive
SR07A-PC-HSTR-12:I,1500.0,-1500.0,3,1500.0,-1500.0,I/O Intr
SR07A-PC-HSTR-12:SETI,1500.0,-1500.0,3,1500.0,-1500.0,Passive
SR07A-PC-Q1N-01:I,1500.0,-1500.0,3,1500.0,-1500.0,I/O Intr
SR07A-PC-Q1N-01:SETI,1500.0,-1500.0,3,1500.0,-1500.0,Passive
SR07A-PC-Q1N-16:I,1500.0,-1500.0,3,1500.0,-1500.0,I/O Intr
SR07A-PC-Q1N-16:SETI,1500.0,-1500.0,3,1500.0,-1500.0,Passive
SR07A-PC-Q2N-02:I,1500.0,-1500.0,3,1500.0,-1500.0,I/O Intr
SR07A-PC-Q2N-02:SETI,1500.0,-1500.0,3,1500.0,-1500.0,Passive
SR07A-PC-Q2N-15:I,1500.0,-1500.0,3,1500.0,-1500.0,I/O Intr
SR07A-PC-Q2N-15:SETI,1500.0,-1500.0,3,1500.0,-1500.0,Passive
SR07A-PC-Q3N-03:I,1500.0,-1500.0,3,1500.0,-1500.0,I/O Intr
SR07A-PC-Q3N-03:SETI,1500.0,-1500.0,3,1500.0,-1500.0,Passive
SR07A-PC-Q3N-14:I,1500.0,-1500.0,3,1500.0,-1500.0,I/O Intr
SR07A-PC-Q3N-14:SETI,1500.0,-1500.0,3,1500.0,-1500.0,Passive
SR07A-PC-Q4N-06:I,1500.0,-1500.0,3,1500.0,-1500.0,I/O Intr
SR07A-PC-Q4N-06:SETI,1500.0,-1500.0,3,1500.0,-1500.0,Passive
SR07A-PC-Q4N-11:I,1500.0,-1500.0,3,1500.0,-1500.0,I/O Intr
SR07A-PC-Q4N-11:SETI,1500.0,-1500.0,3,1500.0,-1500.0,Passive
SR07A-PC-Q5N-07:I,1500.0,-1500.0,3,1500.0,-1500.0,I/O Intr
SR07A-PC-Q5N-07:SETI,1500.0,-1500.0,3,1500.0,-1500.0,Passive
SR07A-PC-Q5N-10:I,1500.0,-1500.0,3,1500.0,-1500.0,I/O Intr
SR07A-PC-Q5N-10:SETI,1500.0,-1500.0,3,1500.0,-1500.0,Passive
SR07A-PC-Q6N-08:I,1500.0,-1500.0,3,1500.0,-1500.0,I/O Intr
SR07A-PC-Q6N-08:SETI,1500.0,-1500.0,3,1500.0,-1500.0,Passive
SR07A-PC-Q6N-09:I,1500.0,-1500.0,3,1500.0,-1500.0,I/O Intr
SR07A-PC-Q6N-09:SETI,1500.0,-1500.0,3,1500.0,-1500.0,Passive
SR07A-PC-S1X-01:I,1500.0,-1500.0,3,1500.0,-1500.0,I/O Intr
SR07A-PC-S1X-01:SETI,1500.0,-1500.0,3,1500.0,-1500.0,Passive
SR07A-PC-S1X-12:I,1500.0,-1500.0,3,1500.0,-1500.0,I/O Intr
SR07A-PC-S1X-12:SETI,1500.0,-1500.0,3,1500.0,-1500.0,Passive
SR07A-PC-S2A-02:I,1500.0,-1500.0,3,1500.0,-1500.0,I/O Intr
SR07A-PC-S2A-02:SETI,1500.0,-1500.0,3,1500.0,-1500.0,Passive
SR07A-PC-S2A-11:I,1500.0,-1500.0,3,1500.0,-1500.0,I/O Intr
SR07A-PC-S2A-11:SETI,1500.0,-1500.0,3,1500.0,-1500.0,Passive
SR07A-PC-S3A-03:I,1500.0,-1500.0,3,1500.0,-1500.0,I/O Intr
SR07A-PC-S3A-03:SETI,1500.0,-1500.0,3,1500.0,-1500.0,Passive
SR07A-PC-S3A-10:I,1500.0,-1500.0,3,1500.0,-1500.0,I/O Intr
SR07A-PC-S3A-10:SETI,1500.0,-1500.0,3,1500.0,-1500.0,Passive
SR07A-PC-S4A-04:I,1500.0,-1500.0,3,1500.0,-1500.0,I/O Intr
SR07A-PC-S4A-04:SETI,1500.0,-1500.0,3,1500.0,-1500.0,Passive
SR07A-PC-S4A-09:I,1500.0,-1500.0,3,1500.0,-1500.0,I/O Intr
SR07A-PC-S4A-09:SETI,1500.0,-1500.0,3,1500.0,-1500.0,Passive
SR07A-PC-S5X-05:I,1500.0,-1500.0,3,1500.0,-1500.0,I/O Intr
SR07A-PC-S5X-05:SETI,1500.0,-1500.0,3,1500.0,-1500.0,Passive
SR07A-PC-S5X-08:I,1500.0,-1500.0,3,1500.0,-1500.0,I/O Intr
SR07A-PC-S5X-08:SETI,1500.0,-1500.0,3,1500.0,-1500.0,Passive
SR07A-PC-S6X-06:I,1500.0,-1500.0,3,1500.0,-1500.0,I/O Intr
SR07A-PC-S6X-06:SETI,1500.0,-1500.0,3,1500.0,-1500.0,Passive
SR07A-PC-S6X-07:I,1500.0,-1500.0,3,1500.0,-1500.0,I/O Intr
SR07A-PC-S6X-07:SETI,1500.0,-1500.0,3,1500.0,-1500.0,Passive
SR07A-PC-SQUAD-01:I,1500.0,-1500.0,3,1500.0,-1500.0,I/O Intr
SR07A-PC-SQUAD-01:SETI,1500.0,-1500.0,3,1500.0,-1500.0,Passive
SR07A-PC-SQUAD-02:I,1500.0,-1500.0,3,1500.0,-1500.0,I/O Intr
SR07A-PC-SQUAD-02:SETI,1500.0,-1500.0,3,1500.0,-1500.0,Passive
SR07A-PC-SQUAD-03:I,1500.0,-1500.0,3,1500.0,-1500.0,I/O Intr
SR07A-PC-SQUAD-03:SETI,1500.0,-1500.0,3,1500.0,-1500.0,Passive
SR07A-PC-SQUAD-04:I,1500.0,-1500.0,3,1500.0,-1500.0,I/O Intr
SR07A-PC-SQUAD-04:SETI,1500.0,-1500.0,3,1500.0,-1500.0,Passive
SR07A-PC-SQUAD-05:I,1500.0,-1500.0,3,1500.0,-1500.0,I/O Intr
SR07A-PC-SQUAD-05:SETI,1500.0,-1500.0,3,1500.0,-1500.0,Passive
SR07A-PC-SQUAD-06:I,1500.0,-1500.0,3,1500.0,-1500.0,I/O Intr
SR07A-PC-SQUAD-06:SETI,1500.0,-1500.0,3,1500.0,-1500.0,Passive
SR07A-PC-SQUAD-07:I,1500.0,-1500.0,3,1500.0,-1500.0,I/O Intr
SR07A-PC-SQUAD-07:SETI,1500.0,-1500.0,3,1500.0,-1500.0,Passive
SR07A-PC-SQUAD-08:I,1500.0,-1500.0,3,1500.0,-1500.0,I/O Intr
SR07A-PC-SQUAD-08:SETI,1500.0,-1500.0,3,1500.0,-1500.0,Passive
SR07A-PC-SQUAD-09:I,1500.0,-1500.0,3,1500.0,-1500.0,I/O Intr
SR07A-PC-SQUAD-09:SETI,1500.0,-1500.0,3,1500.0,-1500.0,Passive
SR07A-PC-SQUAD-10:I,1500.0,-1500.0,3,1500.0,-1500.0,I/O Intr
SR07A-PC-SQUAD-10:SETI,1500.0,-1500.0,3,1500.0,-1500.0,Passive
SR07A-PC-SQUAD-11:I,1500.0,-1500.0,3,1500.0,-1500.0,I/O Intr
SR07A-PC-SQUAD-11:SETI,1500.0,-1500.0,3,1500.0,-1500.0,Passive
SR07A-PC-SQUAD-12:I,1500.0,-1500.0,3,1500.0,-1500.0,I/O Intr
SR07A-PC-SQUAD-12:SETI,1500.0,-1500.0,3,1500.0,-1500.0,Passive
SR07A-PC-VSTR-01:I,1500.0,-1500.0,3,1500.0,-1500.0,I/O Intr
SR07A-PC-VSTR-01:SETI,1500.0,-1500.0,3,1500.0,-1500.0,Passive
SR07A-PC-VSTR-02:I,1500.0,-1500.0,3,1500.0,-1500.0,I/O Intr
SR07A-PC-VSTR-02:SETI,1500.0,-1500.0,3,1500.0,-1500.0,Passive
SR07A-PC-VSTR-03:I,1500.0,-1500.0,3,1500.0,-1500.0,I/O Intr
SR07A-PC-VSTR-03:SETI,1500.0,-1500.0,3,1500.0,-1500.0,Passive
SR07A-PC-VSTR-04:I,1500.0,-1500.0,3,1500.0,-1500.0,I/O Intr
SR07A-PC-VSTR-04:SETI,1500.0,-1500.0,3,1500.0,-1500.0,Passive
SR07A-PC-VSTR-05:I,1500.0,-1500.0,3,1500.0,-1500.0,I/O Intr
SR07A-PC-VSTR-05:SETI,1500.0,-1500.0,3,1500.0,-1500.0,Passive
SR07A-PC-VSTR-06:I,1500.0,-1500.0,3,1500.0,-1500.0,I/O Intr
SR07A-PC-VSTR-06:SETI,1500.0,-1500.0,3,1500.0,-1500.0,Passive
SR07A-PC-VSTR-07:I,1500.0,-1500.0,3,1500.0,-1500.0,I/O Intr
SR07A-PC-VSTR-07:SETI,1500.0,-1500.0,3,1500.0,-1500.0,Passive
SR07A-PC-VSTR-08:I,1500.0,-1500.0,3,1500.0,-1500.0,I/O Intr
SR07A-PC-VSTR-08:SETI,1500.0,-1500.0,3,1500.0,-1500.0,Passive
SR07A-PC-VSTR-09:I,1500.0,-1500.0,3,1500.0,-1500.0,I/O Intr
SR07A-PC-VSTR-09:SETI,1500.0,-1500.0,3,1500.0,-1500.0,Passive
SR07A-PC-VSTR-10:I,1500.0,-1500.0,3,1500.0,-1500.0,I/O Intr
SR07A-PC-VSTR-10:SETI,1500.0,-1500.0,3,1500.0,-1500.0,Passive
SR07A-PC-VSTR-11:I,1500.0,-1500.0,3,1500.0,-1500.0,I/O Intr
SR07A-PC-VSTR-11:SETI,1500.0,-1500.0,3,1500.0,-1500.0,Passive
SR07A-PC-VSTR-12:I,1500.0,-1500.0,3,1500.0,-1500.0,I/O Intr
SR07A-PC-VSTR-12:SETI,1500.0,-1500.0,3,1500.0,-1500.0,Passive
SR07C-DI-EBPM-01:SA:X,1500.0,-1500.0,3,1500.0,-1500.0,I/O Intr
SR07C-DI-EBPM-01:SA:Y,1500.0,-1500.0,3,1500.0,-1500.0,I/O Intr
SR07C-DI-EBPM-02:SA:X,1500.0,-1500.0,3,1500.0,-1500.0,I/O Intr
SR07C-DI-EBPM-02:SA:Y,1500.0,-1500.0,3,1500.0,-1500.0,I/O Intr
SR07C-DI-EBPM-03:SA:X,1500.0,-1500.0,3,1500.0,-1500.0,I/O Intr
SR07C-DI-EBPM-03:SA:Y,1500.0,-1500.0,3,1500.0,-1500.0,I/O Intr
SR07C-DI-EBPM-04:SA:X,1500.0,-1500.0,3,1500.0,-1500.0,I/O Intr
SR07C-DI-EBPM-04:SA:Y,1500.0,-1500.0,3,1500.0,-1500.0,I/O Intr
SR07C-DI-EBPM-05:SA:X,1500.0,-1500.0,3,1500.0,-1500.0,I/O Intr
SR07C-DI-EBPM-05:SA:Y,1500.0,-1500.0,3,1500.0,-1500.0,I/O Intr
SR07C-DI-EBPM-06:SA:X,1500.0,-1500.0,3,1500.0,-1500.0,I/O Intr
SR07C-DI-EBPM-06:SA:Y,1500.0,-1500.0,3,1500.0,-1500.0,I/O Intr
SR07C-DI-EBPM-07:SA:X,1500.0,-1500.0,3,1500.0,-1500.0,I/O Intr
SR07C-DI-EBPM-07:SA:Y,1500.0,-1500.0,3,1500.0,-1500.0,I/O Intr
SR07C-DI-EBPM-08:SA:X,1500.0,-1500.0,3,1500.0,-1500.0,I/O Intr
SR07C-DI-EBPM-08:SA:Y,1500.0,-1500.0,3,1500.0,-1500.0,I/O Intr
SR07C-DI-EBPM-09:SA:X,1500.0,-1500.0,3,1500.0,-1500.0,I/O Intr
SR07C-DI-EBPM-09:SA:Y,1500.0,-1500.0,3,1500.0,-1500.0,I/O Intr
SR07C-DI-EBPM-10:SA:X,1500.0,-1500.0,3,1500.0,-1500.0,I/O Intr
SR07C-DI-EBPM-10:SA:Y,1500.0,-1500.0,3,1500.0,-1500.0,I/O Intr
SR07I-PC-HSTR-11:I,1500.0,-1500.0,3,1500.0,-1500.0,I/O Intr
SR07I-PC-HSTR-11:SETI,1500.0,-1500.0,3,1500.0,-1500.0,Passive
SR07I-PC-HSTR-12:I,1500.0,-1500.0,3,1500.0,-1500.0,I/O Intr
SR07I-PC-HSTR-12:SETI,1500.0,-1500.0,3,1500.0,-1500.0,Passive
SR07I-PC-VSTR-11:I,1500.0,-1500.0,3,1500.0,-1500.0,I/O Intr
SR07I-PC-VSTR-11:SETI,1500.0,-1500.0,3,1500.0,-1500.0,Passive
SR07I-PC-VSTR-12:I,1500.0,-1500.0,3,1500.0,-1500.0,I/O Intr
SR07I-PC-VSTR-12:SETI,1500.0,-1500.0,3,1500.0,-1500.0,Passive
SR07K-PC-HSTR-11:I,1500.0,-1500.0,3,1500.0,-1500.0,I/O Intr
SR07K-PC-HSTR-11:SETI,1500.0,-1500.0,3,1500.0,-1500.0,Passive
SR07K-PC-HSTR-12:I,1500.0,-1500.0,3,1500.0,-1500.0,I/O Intr
SR07K-PC-HSTR-12:SETI,1500.0,-1500.0,3,1500.0,-1500.0,Passive
SR07K-PC-VSTR-11:I,1500.0,-1500.0,3,1500.0,-1500.0,I/O Intr
SR07K-PC-VSTR-11:SETI,1500.0,-1500.0,3,1500.0,-1500.0,Passive
SR07K-PC-VSTR-12:I,1500.0,-1500.0,3,1500.0,-1500.0,I/O Intr
SR07K-PC-VSTR-12:SETI,1500.0,-1500.0,3,1500.0,-1500.0,Passive
SR08-PC-DL1:I,1500.0,-1500.0,3,1500.0,-1500.0,I/O Intr
SR08-PC-DL1:SETI,1500.0,-1500.0,3,1500.0,-1500.0,Passive
SR08-PC-DL2:I,1500.0,-1500.0,3,1500.0,-1500.0,I/O Intr
SR08-PC-DL2:SETI,1500.0,-1500.0,3,1500.0,-1500.0,Passive
SR08-PC-DL3:I,1500.0,-1500.0,3,1500.0,-1500.0,I/O Intr
SR08-PC-DL3:SETI,1500.0,-1500.0,3,1500.0,-1500.0,Passive
SR08-PC-DL4:I,1500.0,-1500.0,3,1500.0,-1500.0,I/O Intr
SR08-PC-DL4:SETI,1500.0,-1500.0,3,1500.0,-1500.0,Passive
SR08-PC-DQ1-01:I,1500.0,-1500.0,3,1500.0,-1500.0,I/O Intr
SR08-PC-DQ1-01:SETI,1500.0,-1500.0,3,1500.0,-1500.0,Passive
SR08-PC-DQ1-02:I,1500.0,-1500.0,3,1500.0,-1500.0,I/O Intr
SR08-PC-DQ1-02:SETI,1500.0,-1500.0,3,1500.0,-1500.0,Passive
SR08-PC-O0X-01:I,1500.0,-1500.0,3,1500.0,-1500.0,I/O Intr
SR08-PC-O0X-01:SETI,1500.0,-1500.0,3,1500.0,-1500.0,Passive
SR08-PC-O1X-01:I,1500.0,-1500.0,3,1500.0,-1500.0,I/O Intr
SR08-PC-O1X-01:SETI,1500.0,-1500.0,3,1500.0,-1500.0,Passive
SR08-PC-O1X-02:I,1500.0,-1500.0,3,1500.0,-1500.0,I/O Intr
SR08-PC-O1X-02:SETI,1500.0,-1500.0,3,1500.0,-1500.0,Passive
SR08A-PC-A1L-13:I,1500.0,-1500.0,3,1500.0,-1500.0,I/O Intr
SR08A-PC-A1L-13:SETI,1500.0,-1500.0,3,1500.0,-1500.0,Passive
SR08A-PC-A1N-04:I,1500.0,-1500.0,3,1500.0,-1500.0,I/O Intr
SR08A-PC-A1N-04:SETI,1500.0,-1500.0,3,1500.0,-1500.0,Passive
SR08A-PC-A2L-12:I,1500.0,-1500.0,3,1500.0,-1500.0,I/O Intr
SR08A-PC-A2L-12:SETI,1500.0,-1500.0,3,1500.0,-1500.0,Passive
SR08A-PC-A2N-05:I,1500.0,-1500.0,3,1500.0,-1500.0,I/O Intr
SR08A-PC-A2N-05:SETI,1500.0,-1500.0,3,1500.0,-1500.0,Passive
SR08A-PC-HSTR-01:I,1500.0,-1500.0,3,1500.0,-1500.0,I/O Intr
SR08A-PC-HSTR-01:SETI,1500.0,-1500.0,3,1500.0,-1500.0,Passive
SR08A-PC-HSTR-02:I,1500.0,-1500.0,3,1500.0,-1500.0,I/O Intr
SR08A-PC-HSTR-02:SETI,1500.0,-1500.0,3,1500.0,-1500.0,Passive
SR08A-PC-HSTR-03:I,1500.0,-1500.0,3,1500.0,-1500.0,I/O Intr
SR08A-PC-HSTR-03:SETI,1500.0,-1500.0,3,1500.0,-1500.0,Passive
SR08A-PC-HSTR-04:I,1500.0,-1500.0,3,1500.0,-1500.0,I/O Intr
SR08A-PC-HSTR-04:SETI,1500.0,-1500.0,3,1500.0,-1500.0,Passive
SR08A-PC-HSTR-05:I,1500.0,-1500.0,3,1500.0,-1500.0,I/O Intr
SR08A-PC-HSTR-05:SETI,1500.0,-1500.0,3,1500.0,-1500.0,Passive
SR08A-PC-HSTR-06:I,1500.0,-1500.0,3,1500.0,-1500.0,I/O Intr
SR08A-PC-HSTR-06:SETI,1500.0,-1500.0,3,1500.0,-1500.0,Passive
SR08A-PC-HSTR-07:I,1500.0,-1500.0,3,1500.0,-1500.0,I/O Intr
SR08A-PC-HSTR-07:SETI,1500.0,-1500.0,3,1500.0,-1500.0,Passive
SR08A-PC-HSTR-08:I,1500.0,-1500.0,3,1500.0,-1500.0,I/O Intr
SR08A-PC-HSTR-08:SETI,1500.0,-1500.0,3,1500.0,-1500.0,Passive
SR08A-PC-HSTR-09:I,1500.0,-1500.0,3,1500.0,-1500.0,I/O Intr
SR08A-PC-HSTR-09:SETI,1500.0,-1500.0,3,1500.0,-1500.0,Passive
SR08A-PC-HSTR-10:I,1500.0,-1500.0,3,1500.0,-1500.0,I/O Intr
SR08A-PC-HSTR-10:SETI,1500.0,-1500.0,3,1500.0,-1500.0,Passive
SR08A-PC-HSTR-11:I,1500.0,-1500.0,3,1500.0,-1500.0,I/O Intr
SR08A-PC-HSTR-11:SETI,1500.0,-1500.0,3,1500.0,-1500.0,Passive
SR08A-PC-HSTR-12:I,1500.0,-1500.0,3,1500.0,-1500.0,I/O Intr
SR08A-PC-HSTR-12:SETI,1500.0,-1500.0,3,1500.0,-1500.0,Passive
SR08A-PC-Q0L-17:I,1500.0,-1500.0,3,1500.0,-1500.0,I/O Intr
SR08A-PC-Q0L-17:SETI,1500.0,-1500.0,3,1500.0,-1500.0,Passive
SR08A-PC-Q1L-16:I,1500.0,-1500.0,3,1500.0,-1500.0,I/O Intr
SR08A-PC-Q1L-16:SETI,1500.0,-1500.0,3,1500.0,-1500.0,Passive
SR08A-PC-Q1N-01:I,1500.0,-1500.0,3,1500.0,-1500.0,I/O Intr
SR08A-PC-Q1N-01:SETI,1500.0,-1500.0,3,1500.0,-1500.0,Passive
SR08A-PC-Q2L-15:I,1500.0,-1500.0,3,1500.0,-1500.0,I/O Intr
SR08A-PC-Q2L-15:SETI,1500.0,-1500.0,3,1500.0,-1500.0,Passive
SR08A-PC-Q2N-02:I,1500.0,-1500.0,3,1500.0,-1500.0,I/O Intr
SR08A-PC-Q2N-02:SETI,1500.0,-1500.0,3,1500.0,-1500.0,Passive
SR08A-PC-Q3L-14:I,1500.0,-1500.0,3,1500.0,-1500.0,I/O Intr
SR08A-PC-Q3L-14:SETI,1500.0,-1500.0,3,1500.0,-1500.0,Passive
SR08A-PC-Q3N-03:I,1500.0,-1500.0,3,1500.0,-1500.0,I/O Intr
SR08A-PC-Q3N-03:SETI,1500.0,-1500.0,3,1500.0,-1500.0,Passive
SR08A-PC-Q4N-06:I,1500.0,-1500.0,3,1500.0,-1500.0,I/O Intr
SR08A-PC-Q4N-06:SETI,1500.0,-1500.0,3,1500.0,-1500.0,Passive
SR08A-PC-Q4N-11:I,1500.0,-1500.0,3,1500.0,-1500.0,I/O Intr
SR08A-PC-Q4N-11:SETI,1500.0,-1500.0,3,1500.0,-1500.0,Passive
SR08A-PC-Q5N-07:I,1500.0,-1500.0,3,1500.0,-1500.0,I/O Intr
SR08A-PC-Q5N-07:SETI,1500.0,-1500.0,3,1500.0,-1500.0,Passive
SR08A-PC-Q5N-10:I,1500.0,-1500.0,3,1500.0,-1500.0,I/O Intr
SR08A-PC-Q5N-10:SETI,1500.0,-1500.0,3,1500.0,-1500.0,Passive
SR08A-PC-Q6N-08:I,1500.0,-1500.0,3,1500.0,-1500.0,I/O Intr
SR08A-PC-Q6N-08:SETI,1500.0,-1500.0,3,1500.0,-1500.0,Passive
SR08A-PC-Q6N-09:I,1500.0,-1500.0,3,1500.0,-1500.0,I/O Intr
SR08A-PC-Q6N-09:SETI,1500.0,-1500.0,3,1500.0,-1500.0,Passive
SR08A-PC-S1X-01:I,1500.0,-1500.0,3,1500.0,-1500.0,I/O Intr
SR08A-PC-S1X-01:SETI,1500.0,-1500.0,3,1500.0,-1500.0,Passive
SR08A-PC-S1X-12:I,1500.0,-1500.0,3,1500.0,-1500.0,I/O Intr
SR08A-PC-S1X-12:SETI,1500.0,-1500.0,3,1500.0,-1500.0,Passive
SR08A-PC-S2A-02:I,1500.0,-1500.0,3,1500.0,-1500.0,I/O Intr
SR08A-PC-S2A-02:SETI,1500.0,-1500.0,3,1500.0,-1500.0,Passive
SR08A-PC-S2A-11:I,1500.0,-1500.0,3,1500.0,-1500.0,I/O Intr
SR08A-PC-S2A-11:SETI,1500.0,-1500.0,3,1500.0,-1500.0,Passive
SR08A-PC-S3A-03:I,1500.0,-1500.0,3,1500.0,-1500.0,I/O Intr
SR08A-PC-S3A-03:SETI,1500.0,-1500.0,3,1500.0,-1500.0,Passive
SR08A-PC-S3A-10:I,1500.0,-1500.0,3,1500.0,-1500.0,I/O Intr
SR08A-PC-S3A-10:SETI,1500.0,-1500.0,3,1500.0,-1500.0,Passive
SR08A-PC-S4A-04:I,1500.0,-1500.0,3,1500.0,-1500.0,I/O Intr
SR08A-PC-S4A-04:SETI,1500.0,-1500.0,3,1500.0,-1500.0,Passive
SR08A-PC-S4A-09:I,1500.0,-1500.0,3,1500.0,-1500.0,I/O Intr
SR08A-PC-S4A-09:SETI,1500.0,-1500.0,3,1500.0,-1500.0,Passive
SR08A-PC-S5X-05:I,1500.0,-1500.0,3,1500.0,-1500.0,I/O Intr
SR08A-PC-S5X-05:SETI,1500.0,-1500.0,3,1500.0,-1500.0,Passive
SR08A-PC-S5X-08:I,1500.0,-1500.0,3,1500.0,-1500.0,I/O Intr
SR08A-PC-S5X-08:SETI,1500.0,-1500.0,3,1500.0,-1500.0,Passive
SR08A-PC-S6X-06:I,1500.0,-1500.0,3,1500.0,-1500.0,I/O Intr
SR08A-PC-S6X-06:SETI,1500.0,-1500.0,3,1500.0,-1500.0,Passive
SR08A-PC-S6X-07:I,1500.0,-1500.0,3,1500.0,-1500.0,I/O Intr
SR08A-PC-S6X-07:SETI,1500.0,-1500.0,3,1500.0,-1500.0,Passive
SR08A-PC-SQUAD-01:I,1500.0,-1500.0,3,1500.0,-1500.0,I/O Intr
SR08A-PC-SQUAD-01:SETI,1500.0,-1500.0,3,1500.0,-1500.0,Passive
SR08A-PC-SQUAD-02:I,1500.0,-1500.0,3,1500.0,-1500.0,I/O Intr
SR08A-PC-SQUAD-02:SETI,1500.0,-1500.0,3,1500.0,-1500.0,Passive
SR08A-PC-SQUAD-03:I,1500.0,-1500.0,3,1500.0,-1500.0,I/O Intr
SR08A-PC-SQUAD-03:SETI,1500.0,-1500.0,3,1500.0,-1500.0,Passive
SR08A-PC-SQUAD-04:I,1500.0,-1500.0,3,1500.0,-1500.0,I/O Intr
SR08A-PC-SQUAD-04:SETI,1500.0,-1500.0,3,1500.0,-1500.0,Passive
SR08A-PC-SQUAD-05:I,1500.0,-1500.0,3,1500.0,-1500.0,I/O Intr
SR08A-PC-SQUAD-05:SETI,1500.0,-1500.0,3,1500.0,-1500.0,Passive
SR08A-PC-SQUAD-06:I,1500.0,-1500.0,3,1500.0,-1500.0,I/O Intr
SR08A-PC-SQUAD-06:SETI,1500.0,-1500.0,3,1500.0,-1500.0,Passive
SR08A-PC-SQUAD-07:I,1500.0,-1500.0,3,1500.0,-1500.0,I/O Intr
SR08A-PC-SQUAD-07:SETI,1500.0,-1500.0,3,1500.0,-1500.0,Passive
SR08A-PC-SQUAD-08:I,1500.0,-1500.0,3,1500.0,-1500.0,I/O Intr
SR08A-PC-SQUAD-08:SETI,1500.0,-1500.0,3,1500.0,-1500.0,Passive
SR08A-PC-SQUAD-09:I,1500.0,-1500.0,3,1500.0,-1500.0,I/O Intr
SR08A-PC-SQUAD-09:SETI,1500.0,-1500.0,3,1500.0,-1500.0,Passive
SR08A-PC-SQUAD-10:I,1500.0,-1500.0,3,1500.0,-1500.0,I/O Intr
SR08A-PC-SQUAD-10:SETI,1500.0,-1500.0,3,1500.0,-1500.0,Passive
SR08A-PC-SQUAD-11:I,1500.0,-1500.0,3,1500.0,-1500.0,I/O Intr
SR08A-PC-SQUAD-11:SETI,1500.0,-1500.0,3,1500.0,-1500.0,Passive
SR08A-PC-SQUAD-12:I,1500.0,-1500.0,3,1500.0,-1500.0,I/O Intr
SR08A-PC-SQUAD-12:SETI,1500.0,-1500.0,3,1500.0,-1500.0,Passive
SR08A-PC-VSTR-01:I,1500.0,-1500.0,3,1500.0,-1500.0,I/O Intr
SR08A-PC-VSTR-01:SETI,1500.0,-1500.0,3,1500.0,-1500.0,Passive
SR08A-PC-VSTR-02:I,1500.0,-1500.0,3,1500.0,-1500.0,I/O Intr
SR08A-PC-VSTR-02:SETI,1500.0,-1500.0,3,1500.0,-1500.0,Passive
SR08A-PC-VSTR-03:I,1500.0,-1500.0,3,1500.0,-1500.0,I/O Intr
SR08A-PC-VSTR-03:SETI,1500.0,-1500.0,3,1500.0,-1500.0,Passive
SR08A-PC-VSTR-04:I,1500.0,-1500.0,3,1500.0,-1500.0,I/O Intr
SR08A-PC-VSTR-04:SETI,1500.0,-1500.0,3,1500.0,-1500.0,Passive
SR08A-PC-VSTR-05:I,1500.0,-1500.0,3,1500.0,-1500.0,I/O Intr
SR08A-PC-VSTR-05:SETI,1500.0,-1500.0,3,1500.0,-1500.0,Passive
SR08A-PC-VSTR-06:I,1500.0,-1500.0,3,1500.0,-1500.0,I/O Intr
SR08A-PC-VSTR-06:SETI,1500.0,-1500.0,3,1500.0,-1500.0,Passive
SR08A-PC-VSTR-07:I,1500.0,-1500.0,3,1500.0,-1500.0,I/O Intr
SR08A-PC-VSTR-07:SETI,1500.0,-1500.0,3,1500.0,-1500.0,Passive
SR08A-PC-VSTR-08:I,1500.0,-1500.0,3,1500.0,-1500.0,I/O Intr
SR08A-PC-VSTR-08:SETI,1500.0,-1500.0,3,1500.0,-1500.0,Passive
SR08A-PC-VSTR-09:I,1500.0,-1500.0,3,1500.0,-1500.0,I/O Intr
SR08A-PC-VSTR-09:SETI,1500.0,-1500.0,3,1500.0,-1500.0,Passive
SR08A-PC-VSTR-10:I,1500.0,-1500.0,3,1500.0,-1500.0,I/O Intr
SR08A-PC-VSTR-10:SETI,1500.0,-1500.0,3,1500.0,-1500.0,Passive
SR08A-PC-VSTR-11:I,1500.0,-1500.0,3,1500.0,-1500.0,I/O Intr
SR08A-PC-VSTR-11:SETI,1500.0,-1500.0,3,1500.0,-1500.0,Passive
SR08A-PC-VSTR-12:I,1500.0,-1500.0,3,1500.0,-1500.0,I/O Intr
SR08A-PC-VSTR-12:SETI,1500.0,-1500.0,3,1500.0,-1500.0,Passive
SR08C-DI-EBPM-01:SA:X,1500.0,-1500.0,3,1500.0,-1500.0,I/O Intr
SR08C-DI-EBPM-01:SA:Y,1500.0,-1500.0,3,1500.0,-1500.0,I/O Intr
SR08C-DI-EBPM-02:SA:X,1500.0,-1500.0,3,1500.0,-1500.0,I/O Intr
SR08C-DI-EBPM-02:SA:Y,1500.0,-1500.0,3,1500.0,-1500.0,I/O Intr
SR08C-DI-EBPM-03:SA:X,1500.0,-1500.0,3,1500.0,-1500.0,I/O Intr
SR08C-DI-EBPM-03:SA:Y,1500.0,-1500.0,3,1500.0,-1500.0,I/O Intr
SR08C-DI-EBPM-04:SA:X,1500.0,-1500.0,3,1500.0,-1500.0,I/O Intr
SR08C-DI-EBPM-04:SA:Y,1500.0,-1500.0,3,1500.0,-1500.0,I/O Intr
SR08C-DI-EBPM-05:SA:X,1500.0,-1500.0,3,1500.0,-1500.0,I/O Intr
SR08C-DI-EBPM-05:SA:Y,1500.0,-1500.0,3,1500.0,-1500.0,I/O Intr
SR08C-DI-EBPM-06:SA:X,1500.0,-1500.0,3,1500.0,-1500.0,I/O Intr
SR08C-DI-EBPM-06:SA:Y,1500.0,-1500.0,3,1500.0,-1500.0,I/O Intr
SR08C-DI-EBPM-07:SA:X,1500.0,-1500.0,3,1500.0,-1500.0,I/O Intr
SR08C-DI-EBPM-07:SA:Y,1500.0,-1500.0,3,1500.0,-1500.0,I/O Intr
SR08C-DI-EBPM-08:SA:X,1500.0,-1500.0,3,1500.0,-1500.0,I/O Intr
SR08C-DI-EBPM-08:SA:Y,1500.0,-1500.0,3,1500.0,-1500.0,I/O Intr
SR08C-DI-EBPM-09:SA:X,1500.0,-1500.0,3,1500.0,-1500.0,I/O Intr
SR08C-DI-EBPM-09:SA:Y,1500.0,-1500.0,3,1500.0,-1500.0,I/O Intr
SR08C-DI-EBPM-10:SA:X,1500.0,-1500.0,3,1500.0,-1500.0,I/O Intr
SR08C-DI-EBPM-10:SA:Y,1500.0,-1500.0,3,1500.0,-1500.0,I/O Intr
SR08C-DI-EBPM-11:SA:X,1500.0,-1500.0,3,1500.0,-1500.0,I/O Intr
SR08C-DI-EBPM-11:SA:Y,1500.0,-1500.0,3,1500.0,-1500.0,I/O Intr
SR08I-PC-HSTR-11:I,1500.0,-1500.0,3,1500.0,-1500.0,I/O Intr
SR08I-PC-HSTR-11:SETI,1500.0,-1500.0,3,1500.0,-1500.0,Passive
SR08I-PC-HSTR-12:I,1500.0,-1500.0,3,1500.0,-1500.0,I/O Intr
SR08I-PC-HSTR-12:SETI,1500.0,-1500.0,3,1500.0,-1500.0,Passive
SR08I-PC-VSTR-11:I,1500.0,-1500.0,3,1500.0,-1500.0,I/O Intr
SR08I-PC-VSTR-11:SETI,1500.0,-1500.0,3,1500.0,-1500.0,Passive
SR08I-PC-VSTR-12:I,1500.0,-1500.0,3,1500.0,-1500.0,I/O Intr
SR08I-PC-VSTR-12:SETI,1500.0,-1500.0,3,1500.0,-1500.0,Passive
SR09-PC-DL1:I,1500.0,-1500.0,3,1500.0,-1500.0,I/O Intr
SR09-PC-DL1:SETI,1500.0,-1500.0,3,1500.0,-1500.0,Passive
SR09-PC-DL2:I,1500.0,-1500.0,3,1500.0,-1500.0,I/O Intr
SR09-PC-DL2:SETI,1500.0,-1500.0,3,1500.0,-1500.0,Passive
SR09-PC-DL3:I,1500.0,-1500.0,3,1500.0,-1500.0,I/O Intr
SR09-PC-DL3:SETI,1500.0,-1500.0,3,1500.0,-1500.0,Passive
SR09-PC-DL4:I,1500.0,-1500.0,3,1500.0,-1500.0,I/O Intr
SR09-PC-DL4:SETI,1500.0,-1500.0,3,1500.0,-1500.0,Passive
SR09-PC-DQ1-01:I,1500.0,-1500.0,3,1500.0,-1500.0,I/O Intr
SR09-PC-DQ1-01:SETI,1500.0,-1500.0,3,1500.0,-1500.0,Passive
SR09-PC-DQ1-02:I,1500.0,-1500.0,3,1500.0,-1500.0,I/O Intr
SR09-PC-DQ1-02:SETI,1500.0,-1500.0,3,1500.0,-1500.0,Passive
SR09-PC-O0X-01:I,1500.0,-1500.0,3,1500.0,-1500.0,I/O Intr
SR09-PC-O0X-01:SETI,1500.0,-1500.0,3,1500.0,-1500.0,Passive
SR09-PC-O1X-01:I,1500.0,-1500.0,3,1500.0,-1500.0,I/O Intr
SR09-PC-O1X-01:SETI,1500.0,-1500.0,3,1500.0,-1500.0,Passive
SR09-PC-O1X-02:I,1500.0,-1500.0,3,1500.0,-1500.0,I/O Intr
SR09-PC-O1X-02:SETI,1500.0,-1500.0,3,1500.0,-1500.0,Passive
SR09A-PC-A1L-05:I,1500.0,-1500.0,3,1500.0,-1500.0,I/O Intr
SR09A-PC-A1L-05:SETI,1500.0,-1500.0,3,1500.0,-1500.0,Passive
SR09A-PC-A1N-14:I,1500.0,-1500.0,3,1500.0,-1500.0,I/O Intr
SR09A-PC-A1N-14:SETI,1500.0,-1500.0,3,1500.0,-1500.0,Passive
SR09A-PC-A2L-06:I,1500.0,-1500.0,3,1500.0,-1500.0,I/O Intr
SR09A-PC-A2L-06:SETI,1500.0,-1500.0,3,1500.0,-1500.0,Passive
SR09A-PC-A2N-13:I,1500.0,-1500.0,3,1500.0,-1500.0,I/O Intr
SR09A-PC-A2N-13:SETI,1500.0,-1500.0,3,1500.0,-1500.0,Passive
SR09A-PC-HSTR-01:I,1500.0,-1500.0,3,1500.0,-1500.0,I/O Intr
SR09A-PC-HSTR-01:SETI,1500.0,-1500.0,3,1500.0,-1500.0,Passive
SR09A-PC-HSTR-02:I,1500.0,-1500.0,3,1500.0,-1500.0,I/O Intr
SR09A-PC-HSTR-02:SETI,1500.0,-1500.0,3,1500.0,-1500.0,Passive
SR09A-PC-HSTR-03:I,1500.0,-1500.0,3,1500.0,-1500.0,I/O Intr
SR09A-PC-HSTR-03:SETI,1500.0,-1500.0,3,1500.0,-1500.0,Passive
SR09A-PC-HSTR-04:I,1500.0,-1500.0,3,1500.0,-1500.0,I/O Intr
SR09A-PC-HSTR-04:SETI,1500.0,-1500.0,3,1500.0,-1500.0,Passive
SR09A-PC-HSTR-05:I,1500.0,-1500.0,3,1500.0,-1500.0,I/O Intr
SR09A-PC-HSTR-05:SETI,1500.0,-1500.0,3,1500.0,-1500.0,Passive
SR09A-PC-HSTR-06:I,1500.0,-1500.0,3,1500.0,-1500.0,I/O Intr
SR09A-PC-HSTR-06:SETI,1500.0,-1500.0,3,1500.0,-1500.0,Passive
SR09A-PC-HSTR-07:I,1500.0,-1500.0,3,1500.0,-1500.0,I/O Intr
SR09A-PC-HSTR-07:SETI,1500.0,-1500.0,3,1500.0,-1500.0,Passive
SR09A-PC-HSTR-08:I,1500.0,-1500.0,3,1500.0,-1500.0,I/O Intr
SR09A-PC-HSTR-08:SETI,1500.0,-1500.0,3,1500.0,-1500.0,Passive
SR09A-PC-HSTR-09:I,1500.0,-1500.0,3,1500.0,-1500.0,I/O Intr
SR09A-PC-HSTR-09:SETI,1500.0,-1500.0,3,1500.0,-1500.0,Passive
SR09A-PC-HSTR-10:I,1500.0,-1500.0,3,1500.0,-1500.0,I/O Intr
SR09A-PC-HSTR-10:SETI,1500.0,-1500.0,3,1500.0,-1500.0,Passive
SR09A-PC-HSTR-11:I,1500.0,-1500.0,3,1500.0,-1500.0,I/O Intr
SR09A-PC-HSTR-11:SETI,1500.0,-1500.0,3,1500.0,-1500.0,Passive
SR09A-PC-HSTR-12:I,1500.0,-1500.0,3,1500.0,-1500.0,I/O Intr
SR09A-PC-HSTR-12:SETI,1500.0,-1500.0,3,1500.0,-1500.0,Passive
SR09A-PC-Q0L-01:I,1500.0,-1500.0,3,1500.0,-1500.0,I/O Intr
SR09A-PC-Q0L-01:SETI,1500.0,-1500.0,3,1500.0,-1500.0,Passive
SR09A-PC-Q1L-02:I,1500.0,-1500.0,3,1500.0,-1500.0,I/O Intr
SR09A-PC-Q1L-02:SETI,1500.0,-1500.0,3,1500.0,-1500.0,Passive
SR09A-PC-Q1N-17:I,1500.0,-1500.0,3,1500.0,-1500.0,I/O Intr
SR09A-PC-Q1N-17:SETI,1500.0,-1500.0,3,1500.0,-1500.0,Passive
SR09A-PC-Q2L-03:I,1500.0,-1500.0,3,1500.0,-1500.0,I/O Intr
SR09A-PC-Q2L-03:SETI,1500.0,-1500.0,3,1500.0,-1500.0,Passive
SR09A-PC-Q2N-16:I,1500.0,-1500.0,3,1500.0,-1500.0,I/O Intr
SR09A-PC-Q2N-16:SETI,1500.0,-1500.0,3,1500.0,-1500.0,Passive
SR09A-PC-Q3L-04:I,1500.0,-1500.0,3,1500.0,-1500.0,I/O Intr
SR09A-PC-Q3L-04:SETI,1500.0,-1500.0,3,1500.0,-1500.0,Passive
SR09A-PC-Q3N-15:I,1500.0,-1500.0,3,1500.0,-1500.0,I/O Intr
SR09A-PC-Q3N-15:SETI,1500.0,-1500.0,3,1500.0,-1500.0,Passive
SR09A-PC-Q4N-07:I,1500.0,-1500.0,3,1500.0,-1500.0,I/O Intr
SR09A-PC-Q4N-07:SETI,1500.0,-1500.0,3,1500.0,-1500.0,Passive
SR09A-PC-Q4N-12:I,1500.0,-1500.0,3,1500.0,-1500.0,I/O Intr
SR09A-PC-Q4N-12:SETI,1500.0,-1500.0,3,1500.0,-1500.0,Passive
SR09A-PC-Q5N-08:I,1500.0,-1500.0,3,1500.0,-1500.0,I/O Intr
SR09A-PC-Q5N-08:SETI,1500.0,-1500.0,3,1500.0,-1500.0,Passive
SR09A-PC-Q5N-11:I,1500.0,-1500.0,3,1500.0,-1500.0,I/O Intr
SR09A-PC-Q5N-11:SETI,1500.0,-1500.0,3,1500.0,-1500.0,Passive
SR09A-PC-Q6N-09:I,1500.0,-1500.0,3,1500.0,-1500.0,I/O Intr
SR09A-PC-Q6N-09:SETI,1500.0,-1500.0,3,1500.0,-1500.0,Passive
SR09A-PC-Q6N-10:I,1500.0,-1500.0,3,1500.0,-1500.0,I/O Intr
SR09A-PC-Q6N-10:SETI,1500.0,-1500.0,3,1500.0,-1500.0,Passive
SR09A-PC-S1X-01:I,1500.0,-1500.0,3,1500.0,-1500.0,I/O Intr
SR09A-PC-S1X-01:SETI,1500.0,-1500.0,3,1500.0,-1500.0,Passive
SR09A-PC-S1X-12:I,1500.0,-1500.0,3,1500.0,-1500.0,I/O Intr
SR09A-PC-S1X-12:SETI,1500.0,-1500.0,3,1500.0,-1500.0,Passive
SR09A-PC-S2A-02:I,1500.0,-1500.0,3,1500.0,-1500.0,I/O Intr
SR09A-PC-S2A-02:SETI,1500.0,-1500.0,3,1500.0,-1500.0,Passive
SR09A-PC-S2A-11:I,1500.0,-1500.0,3,1500.0,-1500.0,I/O Intr
SR09A-PC-S2A-11:SETI,1500.0,-1500.0,3,1500.0,-1500.0,Passive
SR09A-PC-S3A-03:I,1500.0,-1500.0,3,1500.0,-1500.0,I/O Intr
SR09A-PC-S3A-03:SETI,1500.0,-1500.0,3,1500.0,-1500.0,Passive
SR09A-PC-S3A-10:I,1500.0,-1500.0,3,1500.0,-1500.0,I/O Intr
SR09A-PC-S3A-10:SETI,1500.0,-1500.0,3,1500.0,-1500.0,Passive
SR09A-PC-S4A-04:I,1500.0,-1500.0,3,1500.0,-1500.0,I/O Intr
SR09A-PC-S4A-04:SETI,1500.0,-1500.0,3,1500.0,-1500.0,Passive
SR09A-PC-S4A-09:I,1500.0,-1500.0,3,1500.0,-1500.0,I/O Intr
SR09A-PC-S4A-09:SETI,1500.0,-1500.0,3,1500.0,-1500.0,Passive
SR09A-PC-S5X-05:I,1500.0,-1500.0,3,1500.0,-1500.0,I/O Intr
SR09A-PC-S5X-05:SETI,1500.0,-1500.0,3,1500.0,-1500.0,Passive
SR09A-PC-S5X-08:I,1500.0,-1500.0,3,1500.0,-1500.0,I/O Intr
SR09A-PC-S5X-08:SETI,1500.0,-1500.0,3,1500.0,-1500.0,Passive
SR09A-PC-S6X-06:I,1500.0,-1500.0,3,1500.0,-1500.0,I/O Intr
SR09A-PC-S6X-06:SETI,1500.0,-1500.0,3,1500.0,-1500.0,Passive
SR09A-PC-S6X-07:I,1500.0,-1500.0,3,1500.0,-1500.0,I/O Intr
SR09A-PC-S6X-07:SETI,1500.0,-1500.0,3,1500.0,-1500.0,Passive
SR09A-PC-SQUAD-01:I,1500.0,-1500.0,3,1500.0,-1500.0,I/O Intr
SR09A-PC-SQUAD-01:SETI,1500.0,-1500.0,3,1500.0,-1500.0,Passive
SR09A-PC-SQUAD-02:I,1500.0,-1500.0,3,1500.0,-1500.0,I/O Intr
SR09A-PC-SQUAD-02:SETI,1500.0,-1500.0,3,1500.0,-1500.0,Passive
SR09A-PC-SQUAD-03:I,1500.0,-1500.0,3,1500.0,-1500.0,I/O Intr
SR09A-PC-SQUAD-03:SETI,1500.0,-1500.0,3,1500.0,-1500.0,Passive
SR09A-PC-SQUAD-04:I,1500.0,-1500.0,3,1500.0,-1500.0,I/O Intr
SR09A-PC-SQUAD-04:SETI,1500.0,-1500.0,3,1500.0,-1500.0,Passive
SR09A-PC-SQUAD-05:I,1500.0,-1500.0,3,1500.0,-1500.0,I/O Intr
SR09A-PC-SQUAD-05:SETI,1500.0,-1500.0,3,1500.0,-1500.0,Passive
SR09A-PC-SQUAD-06:I,1500.0,-1500.0,3,1500.0,-1500.0,I/O Intr
SR09A-PC-SQUAD-06:SETI,1500.0,-1500.0,3,1500.0,-1500.0,Passive
SR09A-PC-SQUAD-07:I,1500.0,-1500.0,3,1500.0,-1500.0,I/O Intr
SR09A-PC-SQUAD-07:SETI,1500.0,-1500.0,3,1500.0,-1500.0,Passive
SR09A-PC-SQUAD-08:I,1500.0,-1500.0,3,1500.0,-1500.0,I/O Intr
SR09A-PC-SQUAD-08:SETI,1500.0,-1500.0,3,1500.0,-1500.0,Passive
SR09A-PC-SQUAD-09:I,1500.0,-1500.0,3,1500.0,-1500.0,I/O Intr
SR09A-PC-SQUAD-09:SETI,1500.0,-1500.0,3,1500.0,-1500.0,Passive
SR09A-PC-SQUAD-10:I,1500.0,-1500.0,3,1500.0,-1500.0,I/O Intr
SR09A-PC-SQUAD-10:SETI,1500.0,-1500.0,3,1500.0,-1500.0,Passive
SR09A-PC-SQUAD-11:I,1500.0,-1500.0,3,1500.0,-1500.0,I/O Intr
SR09A-PC-SQUAD-11:SETI,1500.0,-1500.0,3,1500.0,-1500.0,Passive
SR09A-PC-SQUAD-12:I,1500.0,-1500.0,3,1500.0,-1500.0,I/O Intr
SR09A-PC-SQUAD-12:SETI,1500.0,-1500.0,3,1500.0,-1500.0,Passive
SR09A-PC-VSTR-01:I,1500.0,-1500.0,3,1500.0,-1500.0,I/O Intr
SR09A-PC-VSTR-01:SETI,1500.0,-1500.0,3,1500.0,-1500.0,Passive
SR09A-PC-VSTR-02:I,1500.0,-1500.0,3,1500.0,-1500.0,I/O Intr
SR09A-PC-VSTR-02:SETI,1500.0,-1500.0,3,1500.0,-1500.0,Passive
SR09A-PC-VSTR-03:I,1500.0,-1500.0,3,1500.0,-1500.0,I/O Intr
SR09A-PC-VSTR-03:SETI,1500.0,-1500.0,3,1500.0,-1500.0,Passive
SR09A-PC-VSTR-04:I,1500.0,-1500.0,3,1500.0,-1500.0,I/O Intr
SR09A-PC-VSTR-04:SETI,1500.0,-1500.0,3,1500.0,-1500.0,Passive
SR09A-PC-VSTR-05:I,1500.0,-1500.0,3,1500.0,-1500.0,I/O Intr
SR09A-PC-VSTR-05:SETI,1500.0,-1500.0,3,1500.0,-1500.0,Passive
SR09A-PC-VSTR-06:I,1500.0,-1500.0,3,1500.0,-1500.0,I/O Intr
SR09A-PC-VSTR-06:SETI,1500.0,-1500.0,3,1500.0,-1500.0,Passive
SR09A-PC-VSTR-07:I,1500.0,-1500.0,3,1500.0,-1500.0,I/O Intr
SR09A-PC-VSTR-07:SETI,1500.0,-1500.0,3,1500.0,-1500.0,Passive
SR09A-PC-VSTR-08:I,1500.0,-1500.0,3,1500.0,-1500.0,I/O Intr
SR09A-PC-VSTR-08:SETI,1500.0,-1500.0,3,1500.0,-1500.0,Passive
SR09A-PC-VSTR-09:I,1500.0,-1500.0,3,1500.0,-1500.0,I/O Intr
SR09A-PC-VSTR-09:SETI,1500.0,-1500.0,3,1500.0,-1500.0,Passive
SR09A-PC-VSTR-10:I,1500.0,-1500.0,3,1500.0,-1500.0,I/O Intr
SR09A-PC-VSTR-10:SETI,1500.0,-1500.0,3,1500.0,-1500.0,Passive
SR09A-PC-VSTR-11:I,1500.0,-1500.0,3,1500.0,-1500.0,I/O Intr
SR09A-PC-VSTR-11:SETI,1500.0,-1500.0,3,1500.0,-1500.0,Passive
SR09A-PC-VSTR-12:I,1500.0,-1500.0,3,1500.0,-1500.0,I/O Intr
SR09A-PC-VSTR-12:SETI,1500.0,-1500.0,3,1500.0,-1500.0,Passive
SR09C-DI-EBPM-01:SA:X,1500.0,-1500.0,3,1500.0,-1500.0,I/O Intr
SR09C-DI-EBPM-01:SA:Y,1500.0,-1500.0,3,1500.0,-1500.0,I/O Intr
SR09C-DI-EBPM-02:SA:X,1500.0,-1500.0,3,1500.0,-1500.0,I/O Intr
SR09C-DI-EBPM-02:SA:Y,1500.0,-1500.0,3,1500.0,-1500.0,I/O Intr
SR09C-DI-EBPM-03:SA:X,1500.0,-1500.0,3,1500.0,-1500.0,I/O Intr
SR09C-DI-EBPM-03:SA:Y,1500.0,-1500.0,3,1500.0,-1500.0,I/O Intr
SR09C-DI-EBPM-04:SA:X,1500.0,-1500.0,3,1500.0,-1500.0,I/O Intr
SR09C-DI-EBPM-04:SA:Y,1500.0,-1500.0,3,1500.0,-1500.0,I/O Intr
SR09C-DI-EBPM-05:SA:X,1500.0,-1500.0,3,1500.0,-1500.0,I/O Intr
SR09C-DI-EBPM-05:SA:Y,1500.0,-1500.0,3,1500.0,-1500.0,I/O Intr
SR09C-DI-EBPM-06:SA:X,1500.0,-1500.0,3,1500.0,-1500.0,I/O Intr
SR09C-DI-EBPM-06:SA:Y,1500.0,-1500.0,3,1500.0,-1500.0,I/O Intr
SR09C-DI-EBPM-07:SA:X,1500.0,-1500.0,3,1500.0,-1500.0,I/O Intr
SR09C-DI-EBPM-07:SA:Y,1500.0,-1500.0,3,1500.0,-1500.0,I/O Intr
SR09C-DI-EBPM-08:SA:X,1500.0,-1500.0,3,1500.0,-1500.0,I/O Intr
SR09C-DI-EBPM-08:SA:Y,1500.0,-1500.0,3,1500.0,-1500.0,I/O Intr
SR09C-DI-EBPM-09:SA:X,1500.0,-1500.0,3,1500.0,-1500.0,I/O Intr
SR09C-DI-EBPM-09:SA:Y,1500.0,-1500.0,3,1500.0,-1500.0,I/O Intr
SR09C-DI-EBPM-10:SA:X,1500.0,-1500.0,3,1500.0,-1500.0,I/O Intr
SR09C-DI-EBPM-10:SA:Y,1500.0,-1500.0,3,1500.0,-1500.0,I/O Intr
SR09C-DI-EBPM-11:SA:X,1500.0,-1500.0,3,1500.0,-1500.0,I/O Intr
SR09C-DI-EBPM-11:SA:Y,1500.0,-1500.0,3,1500.0,-1500.0,I/O Intr
SR09I-PC-HSTR-11:I,1500.0,-1500.0,3,1500.0,-1500.0,I/O Intr
SR09I-PC-HSTR-11:SETI,1500.0,-1500.0,3,1500.0,-1500.0,Passive
SR09I-PC-HSTR-12:I,1500.0,-1500.0,3,1500.0,-1500.0,I/O Intr
SR09I-PC-HSTR-12:SETI,1500.0,-1500.0,3,1500.0,-1500.0,Passive
SR09I-PC-HSTR-21:I,1500.0,-1500.0,3,1500.0,-1500.0,I/O Intr
SR09I-PC-HSTR-21:SETI,1500.0,-1500.0,3,1500.0,-1500.0,Passive
SR09I-PC-HSTR-22:I,1500.0,-1500.0,3,1500.0,-1500.0,I/O Intr
SR09I-PC-HSTR-22:SETI,1500.0,-1500.0,3,1500.0,-1500.0,Passive
SR09I-PC-VSTR-11:I,1500.0,-1500.0,3,1500.0,-1500.0,I/O Intr
SR09I-PC-VSTR-11:SETI,1500.0,-1500.0,3,1500.0,-1500.0,Passive
SR09I-PC-VSTR-12:I,1500.0,-1500.0,3,1500.0,-1500.0,I/O Intr
SR09I-PC-VSTR-12:SETI,1500.0,-1500.0,3,1500.0,-1500.0,Passive
SR09I-PC-VSTR-21:I,1500.0,-1500.0,3,1500.0,-1500.0,I/O Intr
SR09I-PC-VSTR-21:SETI,1500.0,-1500.0,3,1500.0,-1500.0,Passive
SR09I-PC-VSTR-22:I,1500.0,-1500.0,3,1500.0,-1500.0,I/O Intr
SR09I-PC-VSTR-22:SETI,1500.0,-1500.0,3,1500.0,-1500.0,Passive
SR10-PC-DL1:I,1500.0,-1500.0,3,1500.0,-1500.0,I/O Intr
SR10-PC-DL1:SETI,1500.0,-1500.0,3,1500.0,-1500.0,Passive
SR10-PC-DL2:I,1500.0,-1500.0,3,1500.0,-1500.0,I/O Intr
SR10-PC-DL2:SETI,1500.0,-1500.0,3,1500.0,-1500.0,Passive
SR10-PC-DL3:I,1500.0,-1500.0,3,1500.0,-1500.0,I/O Intr
SR10-PC-DL3:SETI,1500.0,-1500.0,3,1500.0,-1500.0,Passive
SR10-PC-DL4:I,1500.0,-1500.0,3,1500.0,-1500.0,I/O Intr
SR10-PC-DL4:SETI,1500.0,-1500.0,3,1500.0,-1500.0,Passive
SR10-PC-DQ1-01:I,1500.0,-1500.0,3,1500.0,-1500.0,I/O Intr
SR10-PC-DQ1-01:SETI,1500.0,-1500.0,3,1500.0,-1500.0,Passive
SR10-PC-DQ1-02:I,1500.0,-1500.0,3,1500.0,-1500.0,I/O Intr
SR10-PC-DQ1-02:SETI,1500.0,-1500.0,3,1500.0,-1500.0,Passive
SR10-PC-O1X-01:I,1500.0,-1500.0,3,1500.0,-1500.0,I/O Intr
SR10-PC-O1X-01:SETI,1500.0,-1500.0,3,1500.0,-1500.0,Passive
SR10-PC-O1X-02:I,1500.0,-1500.0,3,1500.0,-1500.0,I/O Intr
SR10-PC-O1X-02:SETI,1500.0,-1500.0,3,1500.0,-1500.0,Passive
SR10A-PC-A1N-04:I,1500.0,-1500.0,3,1500.0,-1500.0,I/O Intr
SR10A-PC-A1N-04:SETI,1500.0,-1500.0,3,1500.0,-1500.0,Passive
SR10A-PC-A1N-13:I,1500.0,-1500.0,3,1500.0,-1500.0,I/O Intr
SR10A-PC-A1N-13:SETI,1500.0,-1500.0,3,1500.0,-1500.0,Passive
SR10A-PC-A2N-05:I,1500.0,-1500.0,3,1500.0,-1500.0,I/O Intr
SR10A-PC-A2N-05:SETI,1500.0,-1500.0,3,1500.0,-1500.0,Passive
SR10A-PC-A2N-12:I,1500.0,-1500.0,3,1500.0,-1500.0,I/O Intr
SR10A-PC-A2N-12:SETI,1500.0,-1500.0,3,1500.0,-1500.0,Passive
SR10A-PC-HSTR-01:I,1500.0,-1500.0,3,1500.0,-1500.0,I/O Intr
SR10A-PC-HSTR-01:SETI,1500.0,-1500.0,3,1500.0,-1500.0,Passive
SR10A-PC-HSTR-02:I,1500.0,-1500.0,3,1500.0,-1500.0,I/O Intr
SR10A-PC-HSTR-02:SETI,1500.0,-1500.0,3,1500.0,-1500.0,Passive
SR10A-PC-HSTR-03:I,1500.0,-1500.0,3,1500.0,-1500.0,I/O Intr
SR10A-PC-HSTR-03:SETI,1500.0,-1500.0,3,1500.0,-1500.0,Passive
SR10A-PC-HSTR-04:I,1500.0,-1500.0,3,1500.0,-1500.0,I/O Intr
SR10A-PC-HSTR-04:SETI,1500.0,-1500.0,3,1500.0,-1500.0,Passive
SR10A-PC-HSTR-05:I,1500.0,-1500.0,3,1500.0,-1500.0,I/O Intr
SR10A-PC-HSTR-05:SETI,1500.0,-1500.0,3,1500.0,-1500.0,Passive
SR10A-PC-HSTR-06:I,1500.0,-1500.0,3,1500.0,-1500.0,I/O Intr
SR10A-PC-HSTR-06:SETI,1500.0,-1500.0,3,1500.0,-1500.0,Passive
SR10A-PC-HSTR-07:I,1500.0,-1500.0,3,1500.0,-1500.0,I/O Intr
SR10A-PC-HSTR-07:SETI,1500.0,-1500.0,3,1500.0,-1500.0,Passive
SR10A-PC-HSTR-08:I,1500.0,-1500.0,3,1500.0,-1500.0,I/O Intr
SR10A-PC-HSTR-08:SETI,1500.0,-1500.0,3,1500.0,-1500.0,Passive
SR10A-PC-HSTR-09:I,1500.0,-1500.0,3,1500.0,-1500.0,I/O Intr
SR10A-PC-HSTR-09:SETI,1500.0,-1500.0,3,1500.0,-1500.0,Passive
SR10A-PC-HSTR-10:I,1500.0,-1500.0,3,1500.0,-1500.0,I/O Intr
SR10A-PC-HSTR-10:SETI,1500.0,-1500.0,3,1500.0,-1500.0,Passive
SR10A-PC-HSTR-11:I,1500.0,-1500.0,3,1500.0,-1500.0,I/O Intr
SR10A-PC-HSTR-11:SETI,1500.0,-1500.0,3,1500.0,-1500.0,Passive
SR10A-PC-HSTR-12:I,1500.0,-1500.0,3,1500.0,-1500.0,I/O Intr
SR10A-PC-HSTR-12:SETI,1500.0,-1500.0,3,1500.0,-1500.0,Passive
SR10A-PC-Q1N-01:I,1500.0,-1500.0,3,1500.0,-1500.0,I/O Intr
SR10A-PC-Q1N-01:SETI,1500.0,-1500.0,3,1500.0,-1500.0,Passive
SR10A-PC-Q1N-16:I,1500.0,-1500.0,3,1500.0,-1500.0,I/O Intr
SR10A-PC-Q1N-16:SETI,1500.0,-1500.0,3,1500.0,-1500.0,Passive
SR10A-PC-Q2N-02:I,1500.0,-1500.0,3,1500.0,-1500.0,I/O Intr
SR10A-PC-Q2N-02:SETI,1500.0,-1500.0,3,1500.0,-1500.0,Passive
SR10A-PC-Q2N-15:I,1500.0,-1500.0,3,1500.0,-1500.0,I/O Intr
SR10A-PC-Q2N-15:SETI,1500.0,-1500.0,3,1500.0,-1500.0,Passive
SR10A-PC-Q3N-03:I,1500.0,-1500.0,3,1500.0,-1500.0,I/O Intr
SR10A-PC-Q3N-03:SETI,1500.0,-1500.0,3,1500.0,-1500.0,Passive
SR10A-PC-Q3N-14:I,1500.0,-1500.0,3,1500.0,-1500.0,I/O Intr
SR10A-PC-Q3N-14:SETI,1500.0,-1500.0,3,1500.0,-1500.0,Passive
SR10A-PC-Q4N-06:I,1500.0,-1500.0,3,1500.0,-1500.0,I/O Intr
SR10A-PC-Q4N-06:SETI,1500.0,-1500.0,3,1500.0,-1500.0,Passive
SR10A-PC-Q4N-11:I,1500.0,-1500.0,3,1500.0,-1500.0,I/O Intr
SR10A-PC-Q4N-11:SETI,1500.0,-1500.0,3,1500.0,-1500.0,Passive
SR10A-PC-Q5N-07:I,1500.0,-1500.0,3,1500.0,-1500.0,I/O Intr
SR10A-PC-Q5N-07:SETI,1500.0,-1500.0,3,1500.0,-1500.0,Passive
SR10A-PC-Q5N-10:I,1500.0,-1500.0,3,1500.0,-1500.0,I/O Intr
SR10A-PC-Q5N-10:SETI,1500.0,-1500.0,3,1500.0,-1500.0,Passive
SR10A-PC-Q6N-08:I,1500.0,-1500.0,3,1500.0,-1500.0,I/O Intr
SR10A-PC-Q6N-08:SETI,1500.0,-1500.0,3,1500.0,-1500.0,Passive
SR10A-PC-Q6N-09:I,1500.0,-1500.0,3,1500.0,-1500.0,I/O Intr
SR10A-PC-Q6N-09:SETI,1500.0,-1500.0,3,1500.0,-1500.0,Passive
SR10A-PC-S1X-01:I,1500.0,-1500.0,3,1500.0,-1500.0,I/O Intr
SR10A-PC-S1X-01:SETI,1500.0,-1500.0,3,1500.0,-1500.0,Passive
SR10A-PC-S1X-12:I,1500.0,-1500.0,3,1500.0,-1500.0,I/O Intr
SR10A-PC-S1X-12:SETI,1500.0,-1500.0,3,1500.0,-1500.0,Passive
SR10A-PC-S2A-02:I,1500.0,-1500.0,3,1500.0,-1500.0,I/O Intr
SR10A-PC-S2A-02:SETI,1500.0,-1500.0,3,1500.0,-1500.0,Passive
SR10A-PC-S2A-11:I,1500.0,-1500.0,3,1500.0,-1500.0,I/O Intr
SR10A-PC-S2A-11:SETI,1500.0,-1500.0,3,1500.0,-1500.0,Passive
SR10A-PC-S3A-03:I,1500.0,-1500.0,3,1500.0,-1500.0,I/O Intr
SR10A-PC-S3A-03:SETI,1500.0,-1500.0,3,1500.0,-1500.0,Passive
SR10A-PC-S3A-10:I,1500.0,-1500.0,3,1500.0,-1500.0,I/O Intr
SR10A-PC-S3A-10:SETI,1500.0,-1500.0,3,1500.0,-1500.0,Passive
SR10A-PC-S4A-04:I,1500.0,-1500.0,3,1500.0,-1500.0,I/O Intr
SR10A-PC-S4A-04:SETI,1500.0,-1500.0,3,1500.0,-1500.0,Passive
SR10A-PC-S4A-09:I,1500.0,-1500.0,3,1500.0,-1500.0,I/O Intr
SR10A-PC-S4A-09:SETI,1500.0,-1500.0,3,1500.0,-1500.0,Passive
SR10A-PC-S5X-05:I,1500.0,-1500.0,3,1500.0,-1500.0,I/O Intr
SR10A-PC-S5X-05:SETI,1500.0,-1500.0,3,1500.0,-1500.0,Passive
SR10A-PC-S5X-08:I,1500.0,-1500.0,3,1500.0,-1500.0,I/O Intr
SR10A-PC-S5X-08:SETI,1500.0,-1500.0,3,1500.0,-1500.0,Passive
SR10A-PC-S6X-06:I,1500.0,-1500.0,3,1500.0,-1500.0,I/O Intr
SR10A-PC-S6X-06:SETI,1500.0,-1500.0,3,1500.0,-1500.0,Passive
SR10A-PC-S6X-07:I,1500.0,-1500.0,3,1500.0,-1500.0,I/O Intr
SR10A-PC-S6X-07:SETI,1500.0,-1500.0,3,1500.0,-1500.0,Passive
SR10A-PC-SQUAD-01:I,1500.0,-1500.0,3,1500.0,-1500.0,I/O Intr
SR10A-PC-SQUAD-01:SETI,1500.0,-1500.0,3,1500.0,-1500.0,Passive
SR10A-PC-SQUAD-02:I,1500.0,-1500.0,3,1500.0,-1500.0,I/O Intr
SR10A-PC-SQUAD-02:SETI,1500.0,-1500.0,3,1500.0,-1500.0,Passive
SR10A-PC-SQUAD-03:I,1500.0,-1500.0,3,1500.0,-1500.0,I/O Intr
SR10A-PC-SQUAD-03:SETI,1500.0,-1500.0,3,1500.0,-1500.0,Passive
SR10A-PC-SQUAD-04:I,1500.0,-1500.0,3,1500.0,-1500.0,I/O Intr
SR10A-PC-SQUAD-04:SETI,1500.0,-1500.0,3,1500.0,-1500.0,Passive
SR10A-PC-SQUAD-05:I,1500.0,-1500.0,3,1500.0,-1500.0,I/O Intr
SR10A-PC-SQUAD-05:SETI,1500.0,-1500.0,3,1500.0,-1500.0,Passive
SR10A-PC-SQUAD-06:I,1500.0,-1500.0,3,1500.0,-1500.0,I/O Intr
SR10A-PC-SQUAD-06:SETI,1500.0,-1500.0,3,1500.0,-1500.0,Passive
SR10A-PC-SQUAD-07:I,1500.0,-1500.0,3,1500.0,-1500.0,I/O Intr
SR10A-PC-SQUAD-07:SETI,1500.0,-1500.0,3,1500.0,-1500.0,Passive
SR10A-PC-SQUAD-08:I,1500.0,-1500.0,3,1500.0,-1500.0,I/O Intr
SR10A-PC-SQUAD-08:SETI,1500.0,-1500.0,3,1500.0,-1500.0,Passive
SR10A-PC-SQUAD-09:I,1500.0,-1500.0,3,1500.0,-1500.0,I/O Intr
SR10A-PC-SQUAD-09:SETI,1500.0,-1500.0,3,1500.0,-1500.0,Passive
SR10A-PC-SQUAD-10:I,1500.0,-1500.0,3,1500.0,-1500.0,I/O Intr
SR10A-PC-SQUAD-10:SETI,1500.0,-1500.0,3,1500.0,-1500.0,Passive
SR10A-PC-SQUAD-11:I,1500.0,-1500.0,3,1500.0,-1500.0,I/O Intr
SR10A-PC-SQUAD-11:SETI,1500.0,-1500.0,3,1500.0,-1500.0,Passive
SR10A-PC-SQUAD-12:I,1500.0,-1500.0,3,1500.0,-1500.0,I/O Intr
SR10A-PC-SQUAD-12:SETI,1500.0,-1500.0,3,1500.0,-1500.0,Passive
SR10A-PC-VSTR-01:I,1500.0,-1500.0,3,1500.0,-1500.0,I/O Intr
SR10A-PC-VSTR-01:SETI,1500.0,-1500.0,3,1500.0,-1500.0,Passive
SR10A-PC-VSTR-02:I,1500.0,-1500.0,3,1500.0,-1500.0,I/O Intr
SR10A-PC-VSTR-02:SETI,1500.0,-1500.0,3,1500.0,-1500.0,Passive
SR10A-PC-VSTR-03:I,1500.0,-1500.0,3,1500.0,-1500.0,I/O Intr
SR10A-PC-VSTR-03:SETI,1500.0,-1500.0,3,1500.0,-1500.0,Passive
SR10A-PC-VSTR-04:I,1500.0,-1500.0,3,1500.0,-1500.0,I/O Intr
SR10A-PC-VSTR-04:SETI,1500.0,-1500.0,3,1500.0,-1500.0,Passive
SR10A-PC-VSTR-05:I,1500.0,-1500.0,3,1500.0,-1500.0,I/O Intr
SR10A-PC-VSTR-05:SETI,1500.0,-1500.0,3,1500.0,-1500.0,Passive
SR10A-PC-VSTR-06:I,1500.0,-1500.0,3,1500.0,-1500.0,I/O Intr
SR10A-PC-VSTR-06:SETI,1500.0,-1500.0,3,1500.0,-1500.0,Passive
SR10A-PC-VSTR-07:I,1500.0,-1500.0,3,1500.0,-1500.0,I/O Intr
SR10A-PC-VSTR-07:SETI,1500.0,-1500.0,3,1500.0,-1500.0,Passive
SR10A-PC-VSTR-08:I,1500.0,-1500.0,3,1500.0,-1500.0,I/O Intr
SR10A-PC-VSTR-08:SETI,1500.0,-1500.0,3,1500.0,-1500.0,Passive
SR10A-PC-VSTR-09:I,1500.0,-1500.0,3,1500.0,-1500.0,I/O Intr
SR10A-PC-VSTR-09:SETI,1500.0,-1500.0,3,1500.0,-1500.0,Passive
SR10A-PC-VSTR-10:I,1500.0,-1500.0,3,1500.0,-1500.0,I/O Intr
SR10A-PC-VSTR-10:SETI,1500.0,-1500.0,3,1500.0,-1500.0,Passive
SR10A-PC-VSTR-11:I,1500.0,-1500.0,3,1500.0,-1500.0,I/O Intr
SR10A-PC-VSTR-11:SETI,1500.0,-1500.0,3,1500.0,-1500.0,Passive
SR10A-PC-VSTR-12:I,1500.0,-1500.0,3,1500.0,-1500.0,I/O Intr
SR10A-PC-VSTR-12:SETI,1500.0,-1500.0,3,1500.0,-1500.0,Passive
SR10C-DI-EBPM-01:SA:X,1500.0,-1500.0,3,1500.0,-1500.0,I/O Intr
SR10C-DI-EBPM-01:SA:Y,1500.0,-1500.0,3,1500.0,-1500.0,I/O Intr
SR10C-DI-EBPM-02:SA:X,1500.0,-1500.0,3,1500.0,-1500.0,I/O Intr
SR10C-DI-EBPM-02:SA:Y,1500.0,-1500.0,3,1500.0,-1500.0,I/O Intr
SR10C-DI-EBPM-03:SA:X,1500.0,-1500.0,3,1500.0,-1500.0,I/O Intr
SR10C-DI-EBPM-03:SA:Y,1500.0,-1500.0,3,1500.0,-1500.0,I/O Intr
SR10C-DI-EBPM-04:SA:X,1500.0,-1500.0,3,1500.0,-1500.0,I/O Intr
SR10C-DI-EBPM-04:SA:Y,1500.0,-1500.0,3,1500.0,-1500.0,I/O Intr
SR10C-DI-EBPM-05:SA:X,1500.0,-1500.0,3,1500.0,-1500.0,I/O Intr
SR10C-DI-EBPM-05:SA:Y,1500.0,-1500.0,3,1500.0,-1500.0,I/O Intr
SR10C-DI-EBPM-06:SA:X,1500.0,-1500.0,3,1500.0,-1500.0,I/O Intr
SR10C-DI-EBPM-06:SA:Y,1500.0,-1500.0,3,1500.0,-1500.0,I/O Intr
SR10C-DI-EBPM-07:SA:X,1500.0,-1500.0,3,1500.0,-1500.0,I/O Intr
SR10C-DI-EBPM-07:SA:Y,1500.0,-1500.0,3,1500.0,-1500.0,I/O Intr
SR10C-DI-EBPM-08:SA:X,1500.0,-1500.0,3,1500.0,-1500.0,I/O Intr
SR10C-DI-EBPM-08:SA:Y,1500.0,-1500.0,3,1500.0,-1500.0,I/O Intr
SR10C-DI-EBPM-09:SA:X,1500.0,-1500.0,3,1500.0,-1500.0,I/O Intr
SR10C-DI-EBPM-09:SA:Y,1500.0,-1500.0,3,1500.0,-1500.0,I/O Intr
SR10C-DI-EBPM-10:SA:X,1500.0,-1500.0,3,1500.0,-1500.0,I/O Intr
SR10C-DI-EBPM-10:SA:Y,1500.0,-1500.0,3,1500.0,-1500.0,I/O Intr
SR10I-PC-HSTR-11:I,1500.0,-1500.0,3,1500.0,-1500.0,I/O Intr
SR10I-PC-HSTR-11:SETI,1500.0,-1500.0,3,1500.0,-1500.0,Passive
SR10I-PC-HSTR-12:I,1500.0,-1500.0,3,1500.0,-1500.0,I/O Intr
SR10I-PC-HSTR-12:SETI,1500.0,-1500.0,3,1500.0,-1500.0,Passive
SR10I-PC-VSTR-11:I,1500.0,-1500.0,3,1500.0,-1500.0,I/O Intr
SR10I-PC-VSTR-11:SETI,1500.0,-1500.0,3,1500.0,-1500.0,Passive
SR10I-PC-VSTR-12:I,1500.0,-1500.0,3,1500.0,-1500.0,I/O Intr
SR10I-PC-VSTR-12:SETI,1500.0,-1500.0,3,1500.0,-1500.0,Passive
SR11-PC-DL1:I,1500.0,-1500.0,3,1500.0,-1500.0,I/O Intr
SR11-PC-DL1:SETI,1500.0,-1500.0,3,1500.0,-1500.0,Passive
SR11-PC-DL2:I,1500.0,-1500.0,3,1500.0,-1500.0,I/O Intr
SR11-PC-DL2:SETI,1500.0,-1500.0,3,1500.0,-1500.0,Passive
SR11-PC-DL3:I,1500.0,-1500.0,3,1500.0,-1500.0,I/O Intr
SR11-PC-DL3:SETI,1500.0,-1500.0,3,1500.0,-1500.0,Passive
SR11-PC-DL4:I,1500.0,-1500.0,3,1500.0,-1500.0,I/O Intr
SR11-PC-DL4:SETI,1500.0,-1500.0,3,1500.0,-1500.0,Passive
SR11-PC-DQ1-01:I,1500.0,-1500.0,3,1500.0,-1500.0,I/O Intr
SR11-PC-DQ1-01:SETI,1500.0,-1500.0,3,1500.0,-1500.0,Passive
SR11-PC-DQ1-02:I,1500.0,-1500.0,3,1500.0,-1500.0,I/O Intr
SR11-PC-DQ1-02:SETI,1500.0,-1500.0,3,1500.0,-1500.0,Passive
SR11-PC-O1X-01:I,1500.0,-1500.0,3,1500.0,-1500.0,I/O Intr
SR11-PC-O1X-01:SETI,1500.0,-1500.0,3,1500.0,-1500.0,Passive
SR11-PC-O1X-02:I,1500.0,-1500.0,3,1500.0,-1500.0,I/O Intr
SR11-PC-O1X-02:SETI,1500.0,-1500.0,3,1500.0,-1500.0,Passive
SR11A-PC-A1N-04:I,1500.0,-1500.0,3,1500.0,-1500.0,I/O Intr
SR11A-PC-A1N-04:SETI,1500.0,-1500.0,3,1500.0,-1500.0,Passive
SR11A-PC-A1N-13:I,1500.0,-1500.0,3,1500.0,-1500.0,I/O Intr
SR11A-PC-A1N-13:SETI,1500.0,-1500.0,3,1500.0,-1500.0,Passive
SR11A-PC-A2N-05:I,1500.0,-1500.0,3,1500.0,-1500.0,I/O Intr
SR11A-PC-A2N-05:SETI,1500.0,-1500.0,3,1500.0,-1500.0,Passive
SR11A-PC-A2N-12:I,1500.0,-1500.0,3,1500.0,-1500.0,I/O Intr
SR11A-PC-A2N-12:SETI,1500.0,-1500.0,3,1500.0,-1500.0,Passive
SR11A-PC-HSTR-01:I,1500.0,-1500.0,3,1500.0,-1500.0,I/O Intr
SR11A-PC-HSTR-01:SETI,1500.0,-1500.0,3,1500.0,-1500.0,Passive
SR11A-PC-HSTR-02:I,1500.0,-1500.0,3,1500.0,-1500.0,I/O Intr
SR11A-PC-HSTR-02:SETI,1500.0,-1500.0,3,1500.0,-1500.0,Passive
SR11A-PC-HSTR-03:I,1500.0,-1500.0,3,1500.0,-1500.0,I/O Intr
SR11A-PC-HSTR-03:SETI,1500.0,-1500.0,3,1500.0,-1500.0,Passive
SR11A-PC-HSTR-04:I,1500.0,-1500.0,3,1500.0,-1500.0,I/O Intr
SR11A-PC-HSTR-04:SETI,1500.0,-1500.0,3,1500.0,-1500.0,Passive
SR11A-PC-HSTR-05:I,1500.0,-1500.0,3,1500.0,-1500.0,I/O Intr
SR11A-PC-HSTR-05:SETI,1500.0,-1500.0,3,1500.0,-1500.0,Passive
SR11A-PC-HSTR-06:I,1500.0,-1500.0,3,1500.0,-1500.0,I/O Intr
SR11A-PC-HSTR-06:SETI,1500.0,-1500.0,3,1500.0,-1500.0,Passive
SR11A-PC-HSTR-07:I,1500.0,-1500.0,3,1500.0,-1500.0,I/O Intr
SR11A-PC-HSTR-07:SETI,1500.0,-1500.0,3,1500.0,-1500.0,Passive
SR11A-PC-HSTR-08:I,1500.0,-1500.0,3,1500.0,-1500.0,I/O Intr
SR11A-PC-HSTR-08:SETI,1500.0,-1500.0,3,1500.0,-1500.0,Passive
SR11A-PC-HSTR-09:I,1500.0,-1500.0,3,1500.0,-1500.0,I/O Intr
SR11A-PC-HSTR-09:SETI,1500.0,-1500.0,3,1500.0,-1500.0,Passive
SR11A-PC-HSTR-10:I,1500.0,-1500.0,3,1500.0,-1500.0,I/O Intr
SR11A-PC-HSTR-10:SETI,1500.0,-1500.0,3,1500.0,-1500.0,Passive
SR11A-PC-HSTR-11:I,1500.0,-1500.0,3,1500.0,-1500.0,I/O Intr
SR11A-PC-HSTR-11:SETI,1500.0,-1500.0,3,1500.0,-1500.0,Passive
SR11A-PC-HSTR-12:I,1500.0,-1500.0,3,1500.0,-1500.0,I/O Intr
SR11A-PC-HSTR-12:SETI,1500.0,-1500.0,3,1500.0,-1500.0,Passive
SR11A-PC-Q1N-01:I,1500.0,-1500.0,3,1500.0,-1500.0,I/O Intr
SR11A-PC-Q1N-01:SETI,1500.0,-1500.0,3,1500.0,-1500.0,Passive
SR11A-PC-Q1N-16:I,1500.0,-1500.0,3,1500.0,-1500.0,I/O Intr
SR11A-PC-Q1N-16:SETI,1500.0,-1500.0,3,1500.0,-1500.0,Passive
SR11A-PC-Q2N-02:I,1500.0,-1500.0,3,1500.0,-1500.0,I/O Intr
SR11A-PC-Q2N-02:SETI,1500.0,-1500.0,3,1500.0,-1500.0,Passive
SR11A-PC-Q2N-15:I,1500.0,-1500.0,3,1500.0,-1500.0,I/O Intr
SR11A-PC-Q2N-15:SETI,1500.0,-1500.0,3,1500.0,-1500.0,Passive
SR11A-PC-Q3N-03:I,1500.0,-1500.0,3,1500.0,-1500.0,I/O Intr
SR11A-PC-Q3N-03:SETI,1500.0,-1500.0,3,1500.0,-1500.0,Passive
SR11A-PC-Q3N-14:I,1500.0,-1500.0,3,1500.0,-1500.0,I/O Intr
SR11A-PC-Q3N-14:SETI,1500.0,-1500.0,3,1500.0,-1500.0,Passive
SR11A-PC-Q4N-06:I,1500.0,-1500.0,3,1500.0,-1500.0,I/O Intr
SR11A-PC-Q4N-06:SETI,1500.0,-1500.0,3,1500.0,-1500.0,Passive
SR11A-PC-Q4N-11:I,1500.0,-1500.0,3,1500.0,-1500.0,I/O Intr
SR11A-PC-Q4N-11:SETI,1500.0,-1500.0,3,1500.0,-1500.0,Passive
SR11A-PC-Q5N-07:I,1500.0,-1500.0,3,1500.0,-1500.0,I/O Intr
SR11A-PC-Q5N-07:SETI,1500.0,-1500.0,3,1500.0,-1500.0,Passive
SR11A-PC-Q5N-10:I,1500.0,-1500.0,3,1500.0,-1500.0,I/O Intr
SR11A-PC-Q5N-10:SETI,1500.0,-1500.0,3,1500.0,-1500.0,Passive
SR11A-PC-Q6N-08:I,1500.0,-1500.0,3,1500.0,-1500.0,I/O Intr
SR11A-PC-Q6N-08:SETI,1500.0,-1500.0,3,1500.0,-1500.0,Passive
SR11A-PC-Q6N-09:I,1500.0,-1500.0,3,1500.0,-1500.0,I/O Intr
SR11A-PC-Q6N-09:SETI,1500.0,-1500.0,3,1500.0,-1500.0,Passive
SR11A-PC-S1X-01:I,1500.0,-1500.0,3,1500.0,-1500.0,I/O Intr
SR11A-PC-S1X-01:SETI,1500.0,-1500.0,3,1500.0,-1500.0,Passive
SR11A-PC-S1X-12:I,1500.0,-1500.0,3,1500.0,-1500.0,I/O Intr
SR11A-PC-S1X-12:SETI,1500.0,-1500.0,3,1500.0,-1500.0,Passive
SR11A-PC-S2A-02:I,1500.0,-1500.0,3,1500.0,-1500.0,I/O Intr
SR11A-PC-S2A-02:SETI,1500.0,-1500.0,3,1500.0,-1500.0,Passive
SR11A-PC-S2A-11:I,1500.0,-1500.0,3,1500.0,-1500.0,I/O Intr
SR11A-PC-S2A-11:SETI,1500.0,-1500.0,3,1500.0,-1500.0,Passive
SR11A-PC-S3A-03:I,1500.0,-1500.0,3,1500.0,-1500.0,I/O Intr
SR11A-PC-S3A-03:SETI,1500.0,-1500.0,3,1500.0,-1500.0,Passive
SR11A-PC-S3A-10:I,1500.0,-1500.0,3,1500.0,-1500.0,I/O Intr
SR11A-PC-S3A-10:SETI,1500.0,-1500.0,3,1500.0,-1500.0,Passive
SR11A-PC-S4A-04:I,1500.0,-1500.0,3,1500.0,-1500.0,I/O Intr
SR11A-PC-S4A-04:SETI,1500.0,-1500.0,3,1500.0,-1500.0,Passive
SR11A-PC-S4A-09:I,1500.0,-1500.0,3,1500.0,-1500.0,I/O Intr
SR11A-PC-S4A-09:SETI,1500.0,-1500.0,3,1500.0,-1500.0,Passive
SR11A-PC-S5X-05:I,1500.0,-1500.0,3,1500.0,-1500.0,I/O Intr
SR11A-PC-S5X-05:SETI,1500.0,-1500.0,3,1500.0,-1500.0,Passive
SR11A-PC-S5X-08:I,1500.0,-1500.0,3,1500.0,-1500.0,I/O Intr
SR11A-PC-S5X-08:SETI,1500.0,-1500.0,3,1500.0,-1500.0,Passive
SR11A-PC-S6X-06:I,1500.0,-1500.0,3,1500.0,-1500.0,I/O Intr
SR11A-PC-S6X-06:SETI,1500.0,-1500.0,3,1500.0,-1500.0,Passive
SR11A-PC-S6X-07:I,1500.0,-1500.0,3,1500.0,-1500.0,I/O Intr
SR11A-PC-S6X-07:SETI,1500.0,-1500.0,3,1500.0,-1500.0,Passive
SR11A-PC-SQUAD-01:I,1500.0,-1500.0,3,1500.0,-1500.0,I/O Intr
SR11A-PC-SQUAD-01:SETI,1500.0,-1500.0,3,1500.0,-1500.0,Passive
SR11A-PC-SQUAD-02:I,1500.0,-1500.0,3,1500.0,-1500.0,I/O Intr
SR11A-PC-SQUAD-02:SETI,1500.0,-1500.0,3,1500.0,-1500.0,Passive
SR11A-PC-SQUAD-03:I,1500.0,-1500.0,3,1500.0,-1500.0,I/O Intr
SR11A-PC-SQUAD-03:SETI,1500.0,-1500.0,3,1500.0,-1500.0,Passive
SR11A-PC-SQUAD-04:I,1500.0,-1500.0,3,1500.0,-1500.0,I/O Intr
SR11A-PC-SQUAD-04:SETI,1500.0,-1500.0,3,1500.0,-1500.0,Passive
SR11A-PC-SQUAD-05:I,1500.0,-1500.0,3,1500.0,-1500.0,I/O Intr
SR11A-PC-SQUAD-05:SETI,1500.0,-1500.0,3,1500.0,-1500.0,Passive
SR11A-PC-SQUAD-06:I,1500.0,-1500.0,3,1500.0,-1500.0,I/O Intr
SR11A-PC-SQUAD-06:SETI,1500.0,-1500.0,3,1500.0,-1500.0,Passive
SR11A-PC-SQUAD-07:I,1500.0,-1500.0,3,1500.0,-1500.0,I/O Intr
SR11A-PC-SQUAD-07:SETI,1500.0,-1500.0,3,1500.0,-1500.0,Passive
SR11A-PC-SQUAD-08:I,1500.0,-1500.0,3,1500.0,-1500.0,I/O Intr
SR11A-PC-SQUAD-08:SETI,1500.0,-1500.0,3,1500.0,-1500.0,Passive
SR11A-PC-SQUAD-09:I,1500.0,-1500.0,3,1500.0,-1500.0,I/O Intr
SR11A-PC-SQUAD-09:SETI,1500.0,-1500.0,3,1500.0,-1500.0,Passive
SR11A-PC-SQUAD-10:I,1500.0,-1500.0,3,1500.0,-1500.0,I/O Intr
SR11A-PC-SQUAD-10:SETI,1500.0,-1500.0,3,1500.0,-1500.0,Passive
SR11A-PC-SQUAD-11:I,1500.0,-1500.0,3,1500.0,-1500.0,I/O Intr
SR11A-PC-SQUAD-11:SETI,1500.0,-1500.0,3,1500.0,-1500.0,Passive
SR11A-PC-SQUAD-12:I,1500.0,-1500.0,3,1500.0,-1500.0,I/O Intr
SR11A-PC-SQUAD-12:SETI,1500.0,-1500.0,3,1500.0,-1500.0,Passive
SR11A-PC-VSTR-01:I,1500.0,-1500.0,3,1500.0,-1500.0,I/O Intr
SR11A-PC-VSTR-01:SETI,1500.0,-1500.0,3,1500.0,-1500.0,Passive
SR11A-PC-VSTR-02:I,1500.0,-1500.0,3,1500.0,-1500.0,I/O Intr
SR11A-PC-VSTR-02:SETI,1500.0,-1500.0,3,1500.0,-1500.0,Passive
SR11A-PC-VSTR-03:I,1500.0,-1500.0,3,1500.0,-1500.0,I/O Intr
SR11A-PC-VSTR-03:SETI,1500.0,-1500.0,3,1500.0,-1500.0,Passive
SR11A-PC-VSTR-04:I,1500.0,-1500.0,3,1500.0,-1500.0,I/O Intr
SR11A-PC-VSTR-04:SETI,1500.0,-1500.0,3,1500.0,-1500.0,Passive
SR11A-PC-VSTR-05:I,1500.0,-1500.0,3,1500.0,-1500.0,I/O Intr
SR11A-PC-VSTR-05:SETI,1500.0,-1500.0,3,1500.0,-1500.0,Passive
SR11A-PC-VSTR-06:I,1500.0,-1500.0,3,1500.0,-1500.0,I/O Intr
SR11A-PC-VSTR-06:SETI,1500.0,-1500.0,3,1500.0,-1500.0,Passive
SR11A-PC-VSTR-07:I,1500.0,-1500.0,3,1500.0,-1500.0,I/O Intr
SR11A-PC-VSTR-07:SETI,1500.0,-1500.0,3,1500.0,-1500.0,Passive
SR11A-PC-VSTR-08:I,1500.0,-1500.0,3,1500.0,-1500.0,I/O Intr
SR11A-PC-VSTR-08:SETI,1500.0,-1500.0,3,1500.0,-1500.0,Passive
SR11A-PC-VSTR-09:I,1500.0,-1500.0,3,1500.0,-1500.0,I/O Intr
SR11A-PC-VSTR-09:SETI,1500.0,-1500.0,3,1500.0,-1500.0,Passive
SR11A-PC-VSTR-10:I,1500.0,-1500.0,3,1500.0,-1500.0,I/O Intr
SR11A-PC-VSTR-10:SETI,1500.0,-1500.0,3,1500.0,-1500.0,Passive
SR11A-PC-VSTR-11:I,1500.0,-1500.0,3,1500.0,-1500.0,I/O Intr
SR11A-PC-VSTR-11:SETI,1500.0,-1500.0,3,1500.0,-1500.0,Passive
SR11A-PC-VSTR-12:I,1500.0,-1500.0,3,1500.0,-1500.0,I/O Intr
SR11A-PC-VSTR-12:SETI,1500.0,-1500.0,3,1500.0,-1500.0,Passive
SR11C-DI-EBPM-01:SA:X,1500.0,-1500.0,3,1500.0,-1500.0,I/O Intr
SR11C-DI-EBPM-01:SA:Y,1500.0,-1500.0,3,1500.0,-1500.0,I/O Intr
SR11C-DI-EBPM-02:SA:X,1500.0,-1500.0,3,1500.0,-1500.0,I/O Intr
SR11C-DI-EBPM-02:SA:Y,1500.0,-1500.0,3,1500.0,-1500.0,I/O Intr
SR11C-DI-EBPM-03:SA:X,1500.0,-1500.0,3,1500.0,-1500.0,I/O Intr
SR11C-DI-EBPM-03:SA:Y,1500.0,-1500.0,3,1500.0,-1500.0,I/O Intr
SR11C-DI-EBPM-04:SA:X,1500.0,-1500.0,3,1500.0,-1500.0,I/O Intr
SR11C-DI-EBPM-04:SA:Y,1500.0,-1500.0,3,1500.0,-1500.0,I/O Intr
SR11C-DI-EBPM-05:SA:X,1500.0,-1500.0,3,1500.0,-1500.0,I/O Intr
SR11C-DI-EBPM-05:SA:Y,1500.0,-1500.0,3,1500.0,-1500.0,I/O Intr
SR11C-DI-EBPM-06:SA:X,1500.0,-1500.0,3,1500.0,-1500.0,I/O Intr
SR11C-DI-EBPM-06:SA:Y,1500.0,-1500.0,3,1500.0,-1500.0,I/O Intr
SR11C-DI-EBPM-07:SA:X,1500.0,-1500.0,3,1500.0,-1500.0,I/O Intr
SR11C-DI-EBPM-07:SA:Y,1500.0,-1500.0,3,1500.0,-1500.0,I/O Intr
SR11C-DI-EBPM-08:SA:X,1500.0,-1500.0,3,1500.0,-1500.0,I/O Intr
SR11C-DI-EBPM-08:SA:Y,1500.0,-1500.0,3,1500.0,-1500.0,I/O Intr
SR11C-DI-EBPM-09:SA:X,1500.0,-1500.0,3,1500.0,-1500.0,I/O Intr
SR11C-DI-EBPM-09:SA:Y,1500.0,-1500.0,3,1500.0,-1500.0,I/O Intr
SR11C-DI-EBPM-10:SA:X,1500.0,-1500.0,3,1500.0,-1500.0,I/O Intr
SR11C-DI-EBPM-10:SA:Y,1500.0,-1500.0,3,1500.0,-1500.0,I/O Intr
SR11I-PC-HSTR-11:I,1500.0,-1500.0,3,1500.0,-1500.0,I/O Intr
SR11I-PC-HSTR-11:SETI,1500.0,-1500.0,3,1500.0,-1500.0,Passive
SR11I-PC-HSTR-12:I,1500.0,-1500.0,3,1500.0,-1500.0,I/O Intr
SR11I-PC-HSTR-12:SETI,1500.0,-1500.0,3,1500.0,-1500.0,Passive
SR11I-PC-VSTR-11:I,1500.0,-1500.0,3,1500.0,-1500.0,I/O Intr
SR11I-PC-VSTR-11:SETI,1500.0,-1500.0,3,1500.0,-1500.0,Passive
SR11I-PC-VSTR-12:I,1500.0,-1500.0,3,1500.0,-1500.0,I/O Intr
SR11I-PC-VSTR-12:SETI,1500.0,-1500.0,3,1500.0,-1500.0,Passive
SR11K-PC-HSTR-11:I,1500.0,-1500.0,3,1500.0,-1500.0,I/O Intr
SR11K-PC-HSTR-11:SETI,1500.0,-1500.0,3,1500.0,-1500.0,Passive
SR11K-PC-HSTR-12:I,1500.0,-1500.0,3,1500.0,-1500.0,I/O Intr
SR11K-PC-HSTR-12:SETI,1500.0,-1500.0,3,1500.0,-1500.0,Passive
SR11K-PC-VSTR-11:I,1500.0,-1500.0,3,1500.0,-1500.0,I/O Intr
SR11K-PC-VSTR-11:SETI,1500.0,-1500.0,3,1500.0,-1500.0,Passive
SR11K-PC-VSTR-12:I,1500.0,-1500.0,3,1500.0,-1500.0,I/O Intr
SR11K-PC-VSTR-12:SETI,1500.0,-1500.0,3,1500.0,-1500.0,Passive
SR12-PC-DL1:I,1500.0,-1500.0,3,1500.0,-1500.0,I/O Intr
SR12-PC-DL1:SETI,1500.0,-1500.0,3,1500.0,-1500.0,Passive
SR12-PC-DL2:I,1500.0,-1500.0,3,1500.0,-1500.0,I/O Intr
SR12-PC-DL2:SETI,1500.0,-1500.0,3,1500.0,-1500.0,Passive
SR12-PC-DL3:I,1500.0,-1500.0,3,1500.0,-1500.0,I/O Intr
SR12-PC-DL3:SETI,1500.0,-1500.0,3,1500.0,-1500.0,Passive
SR12-PC-DL4:I,1500.0,-1500.0,3,1500.0,-1500.0,I/O Intr
SR12-PC-DL4:SETI,1500.0,-1500.0,3,1500.0,-1500.0,Passive
SR12-PC-DQ1-01:I,1500.0,-1500.0,3,1500.0,-1500.0,I/O Intr
SR12-PC-DQ1-01:SETI,1500.0,-1500.0,3,1500.0,-1500.0,Passive
SR12-PC-DQ1-02:I,1500.0,-1500.0,3,1500.0,-1500.0,I/O Intr
SR12-PC-DQ1-02:SETI,1500.0,-1500.0,3,1500.0,-1500.0,Passive
SR12-PC-O0X-01:I,1500.0,-1500.0,3,1500.0,-1500.0,I/O Intr
SR12-PC-O0X-01:SETI,1500.0,-1500.0,3,1500.0,-1500.0,Passive
SR12-PC-O1X-01:I,1500.0,-1500.0,3,1500.0,-1500.0,I/O Intr
SR12-PC-O1X-01:SETI,1500.0,-1500.0,3,1500.0,-1500.0,Passive
SR12-PC-O1X-02:I,1500.0,-1500.0,3,1500.0,-1500.0,I/O Intr
SR12-PC-O1X-02:SETI,1500.0,-1500.0,3,1500.0,-1500.0,Passive
SR12A-PC-A1L-13:I,1500.0,-1500.0,3,1500.0,-1500.0,I/O Intr
SR12A-PC-A1L-13:SETI,1500.0,-1500.0,3,1500.0,-1500.0,Passive
SR12A-PC-A1N-04:I,1500.0,-1500.0,3,1500.0,-1500.0,I/O Intr
SR12A-PC-A1N-04:SETI,1500.0,-1500.0,3,1500.0,-1500.0,Passive
SR12A-PC-A2L-12:I,1500.0,-1500.0,3,1500.0,-1500.0,I/O Intr
SR12A-PC-A2L-12:SETI,1500.0,-1500.0,3,1500.0,-1500.0,Passive
SR12A-PC-A2N-05:I,1500.0,-1500.0,3,1500.0,-1500.0,I/O Intr
SR12A-PC-A2N-05:SETI,1500.0,-1500.0,3,1500.0,-1500.0,Passive
SR12A-PC-HSTR-01:I,1500.0,-1500.0,3,1500.0,-1500.0,I/O Intr
SR12A-PC-HSTR-01:SETI,1500.0,-1500.0,3,1500.0,-1500.0,Passive
SR12A-PC-HSTR-02:I,1500.0,-1500.0,3,1500.0,-1500.0,I/O Intr
SR12A-PC-HSTR-02:SETI,1500.0,-1500.0,3,1500.0,-1500.0,Passive
SR12A-PC-HSTR-03:I,1500.0,-1500.0,3,1500.0,-1500.0,I/O Intr
SR12A-PC-HSTR-03:SETI,1500.0,-1500.0,3,1500.0,-1500.0,Passive
SR12A-PC-HSTR-04:I,1500.0,-1500.0,3,1500.0,-1500.0,I/O Intr
SR12A-PC-HSTR-04:SETI,1500.0,-1500.0,3,1500.0,-1500.0,Passive
SR12A-PC-HSTR-05:I,1500.0,-1500.0,3,1500.0,-1500.0,I/O Intr
SR12A-PC-HSTR-05:SETI,1500.0,-1500.0,3,1500.0,-1500.0,Passive
SR12A-PC-HSTR-06:I,1500.0,-1500.0,3,1500.0,-1500.0,I/O Intr
SR12A-PC-HSTR-06:SETI,1500.0,-1500.0,3,1500.0,-1500.0,Passive
SR12A-PC-HSTR-07:I,1500.0,-1500.0,3,1500.0,-1500.0,I/O Intr
SR12A-PC-HSTR-07:SETI,1500.0,-1500.0,3,1500.0,-1500.0,Passive
SR12A-PC-HSTR-08:I,1500.0,-1500.0,3,1500.0,-1500.0,I/O Intr
SR12A-PC-HSTR-08:SETI,1500.0,-1500.0,3,1500.0,-1500.0,Passive
SR12A-PC-HSTR-09:I,1500.0,-1500.0,3,1500.0,-1500.0,I/O Intr
SR12A-PC-HSTR-09:SETI,1500.0,-1500.0,3,1500.0,-1500.0,Passive
SR12A-PC-HSTR-10:I,1500.0,-1500.0,3,1500.0,-1500.0,I/O Intr
SR12A-PC-HSTR-10:SETI,1500.0,-1500.0,3,1500.0,-1500.0,Passive
SR12A-PC-HSTR-11:I,1500.0,-1500.0,3,1500.0,-1500.0,I/O Intr
SR12A-PC-HSTR-11:SETI,1500.0,-1500.0,3,1500.0,-1500.0,Passive
SR12A-PC-HSTR-12:I,1500.0,-1500.0,3,1500.0,-1500.0,I/O Intr
SR12A-PC-HSTR-12:SETI,1500.0,-1500.0,3,1500.0,-1500.0,Passive
SR12A-PC-Q0L-17:I,1500.0,-1500.0,3,1500.0,-1500.0,I/O Intr
SR12A-PC-Q0L-17:SETI,1500.0,-1500.0,3,1500.0,-1500.0,Passive
SR12A-PC-Q1L-16:I,1500.0,-1500.0,3,1500.0,-1500.0,I/O Intr
SR12A-PC-Q1L-16:SETI,1500.0,-1500.0,3,1500.0,-1500.0,Passive
SR12A-PC-Q1N-01:I,1500.0,-1500.0,3,1500.0,-1500.0,I/O Intr
SR12A-PC-Q1N-01:SETI,1500.0,-1500.0,3,1500.0,-1500.0,Passive
SR12A-PC-Q2L-15:I,1500.0,-1500.0,3,1500.0,-1500.0,I/O Intr
SR12A-PC-Q2L-15:SETI,1500.0,-1500.0,3,1500.0,-1500.0,Passive
SR12A-PC-Q2N-02:I,1500.0,-1500.0,3,1500.0,-1500.0,I/O Intr
SR12A-PC-Q2N-02:SETI,1500.0,-1500.0,3,1500.0,-1500.0,Passive
SR12A-PC-Q3L-14:I,1500.0,-1500.0,3,1500.0,-1500.0,I/O Intr
SR12A-PC-Q3L-14:SETI,1500.0,-1500.0,3,1500.0,-1500.0,Passive
SR12A-PC-Q3N-03:I,1500.0,-1500.0,3,1500.0,-1500.0,I/O Intr
SR12A-PC-Q3N-03:SETI,1500.0,-1500.0,3,1500.0,-1500.0,Passive
SR12A-PC-Q4N-06:I,1500.0,-1500.0,3,1500.0,-1500.0,I/O Intr
SR12A-PC-Q4N-06:SETI,1500.0,-1500.0,3,1500.0,-1500.0,Passive
SR12A-PC-Q4N-11:I,1500.0,-1500.0,3,1500.0,-1500.0,I/O Intr
SR12A-PC-Q4N-11:SETI,1500.0,-1500.0,3,1500.0,-1500.0,Passive
SR12A-PC-Q5N-07:I,1500.0,-1500.0,3,1500.0,-1500.0,I/O Intr
SR12A-PC-Q5N-07:SETI,1500.0,-1500.0,3,1500.0,-1500.0,Passive
SR12A-PC-Q5N-10:I,1500.0,-1500.0,3,1500.0,-1500.0,I/O Intr
SR12A-PC-Q5N-10:SETI,1500.0,-1500.0,3,1500.0,-1500.0,Passive
SR12A-PC-Q6N-08:I,1500.0,-1500.0,3,1500.0,-1500.0,I/O Intr
SR12A-PC-Q6N-08:SETI,1500.0,-1500.0,3,1500.0,-1500.0,Passive
SR12A-PC-Q6N-09:I,1500.0,-1500.0,3,1500.0,-1500.0,I/O Intr
SR12A-PC-Q6N-09:SETI,1500.0,-1500.0,3,1500.0,-1500.0,Passive
SR12A-PC-S1X-01:I,1500.0,-1500.0,3,1500.0,-1500.0,I/O Intr
SR12A-PC-S1X-01:SETI,1500.0,-1500.0,3,1500.0,-1500.0,Passive
SR12A-PC-S1X-12:I,1500.0,-1500.0,3,1500.0,-1500.0,I/O Intr
SR12A-PC-S1X-12:SETI,1500.0,-1500.0,3,1500.0,-1500.0,Passive
SR12A-PC-S2A-02:I,1500.0,-1500.0,3,1500.0,-1500.0,I/O Intr
SR12A-PC-S2A-02:SETI,1500.0,-1500.0,3,1500.0,-1500.0,Passive
SR12A-PC-S2A-11:I,1500.0,-1500.0,3,1500.0,-1500.0,I/O Intr
SR12A-PC-S2A-11:SETI,1500.0,-1500.0,3,1500.0,-1500.0,Passive
SR12A-PC-S3A-03:I,1500.0,-1500.0,3,1500.0,-1500.0,I/O Intr
SR12A-PC-S3A-03:SETI,1500.0,-1500.0,3,1500.0,-1500.0,Passive
SR12A-PC-S3A-10:I,1500.0,-1500.0,3,1500.0,-1500.0,I/O Intr
SR12A-PC-S3A-10:SETI,1500.0,-1500.0,3,1500.0,-1500.0,Passive
SR12A-PC-S4A-04:I,1500.0,-1500.0,3,1500.0,-1500.0,I/O Intr
SR12A-PC-S4A-04:SETI,1500.0,-1500.0,3,1500.0,-1500.0,Passive
SR12A-PC-S4A-09:I,1500.0,-1500.0,3,1500.0,-1500.0,I/O Intr
SR12A-PC-S4A-09:SETI,1500.0,-1500.0,3,1500.0,-1500.0,Passive
SR12A-PC-S5X-05:I,1500.0,-1500.0,3,1500.0,-1500.0,I/O Intr
SR12A-PC-S5X-05:SETI,1500.0,-1500.0,3,1500.0,-1500.0,Passive
SR12A-PC-S5X-08:I,1500.0,-1500.0,3,1500.0,-1500.0,I/O Intr
SR12A-PC-S5X-08:SETI,1500.0,-1500.0,3,1500.0,-1500.0,Passive
SR12A-PC-S6X-06:I,1500.0,-1500.0,3,1500.0,-1500.0,I/O Intr
SR12A-PC-S6X-06:SETI,1500.0,-1500.0,3,1500.0,-1500.0,Passive
SR12A-PC-S6X-07:I,1500.0,-1500.0,3,1500.0,-1500.0,I/O Intr
SR12A-PC-S6X-07:SETI,1500.0,-1500.0,3,1500.0,-1500.0,Passive
SR12A-PC-SQUAD-01:I,1500.0,-1500.0,3,1500.0,-1500.0,I/O Intr
SR12A-PC-SQUAD-01:SETI,1500.0,-1500.0,3,1500.0,-1500.0,Passive
SR12A-PC-SQUAD-02:I,1500.0,-1500.0,3,1500.0,-1500.0,I/O Intr
SR12A-PC-SQUAD-02:SETI,1500.0,-1500.0,3,1500.0,-1500.0,Passive
SR12A-PC-SQUAD-03:I,1500.0,-1500.0,3,1500.0,-1500.0,I/O Intr
SR12A-PC-SQUAD-03:SETI,1500.0,-1500.0,3,1500.0,-1500.0,Passive
SR12A-PC-SQUAD-04:I,1500.0,-1500.0,3,1500.0,-1500.0,I/O Intr
SR12A-PC-SQUAD-04:SETI,1500.0,-1500.0,3,1500.0,-1500.0,Passive
SR12A-PC-SQUAD-05:I,1500.0,-1500.0,3,1500.0,-1500.0,I/O Intr
SR12A-PC-SQUAD-05:SETI,1500.0,-1500.0,3,1500.0,-1500.0,Passive
SR12A-PC-SQUAD-06:I,1500.0,-1500.0,3,1500.0,-1500.0,I/O Intr
SR12A-PC-SQUAD-06:SETI,1500.0,-1500.0,3,1500.0,-1500.0,Passive
SR12A-PC-SQUAD-07:I,1500.0,-1500.0,3,1500.0,-1500.0,I/O Intr
SR12A-PC-SQUAD-07:SETI,1500.0,-1500.0,3,1500.0,-1500.0,Passive
SR12A-PC-SQUAD-08:I,1500.0,-1500.0,3,1500.0,-1500.0,I/O Intr
SR12A-PC-SQUAD-08:SETI,1500.0,-1500.0,3,1500.0,-1500.0,Passive
SR12A-PC-SQUAD-09:I,1500.0,-1500.0,3,1500.0,-1500.0,I/O Intr
SR12A-PC-SQUAD-09:SETI,1500.0,-1500.0,3,1500.0,-1500.0,Passive
SR12A-PC-SQUAD-10:I,1500.0,-1500.0,3,1500.0,-1500.0,I/O Intr
SR12A-PC-SQUAD-10:SETI,1500.0,-1500.0,3,1500.0,-1500.0,Passive
SR12A-PC-SQUAD-11:I,1500.0,-1500.0,3,1500.0,-1500.0,I/O Intr
SR12A-PC-SQUAD-11:SETI,1500.0,-1500.0,3,1500.0,-1500.0,Passive
SR12A-PC-SQUAD-12:I,1500.0,-1500.0,3,1500.0,-1500.0,I/O Intr
SR12A-PC-SQUAD-12:SETI,1500.0,-1500.0,3,1500.0,-1500.0,Passive
SR12A-PC-VSTR-01:I,1500.0,-1500.0,3,1500.0,-1500.0,I/O Intr
SR12A-PC-VSTR-01:SETI,1500.0,-1500.0,3,1500.0,-1500.0,Passive
SR12A-PC-VSTR-02:I,1500.0,-1500.0,3,1500.0,-1500.0,I/O Intr
SR12A-PC-VSTR-02:SETI,1500.0,-1500.0,3,1500.0,-1500.0,Passive
SR12A-PC-VSTR-03:I,1500.0,-1500.0,3,1500.0,-1500.0,I/O Intr
SR12A-PC-VSTR-03:SETI,1500.0,-1500.0,3,1500.0,-1500.0,Passive
SR12A-PC-VSTR-04:I,1500.0,-1500.0,3,1500.0,-1500.0,I/O Intr
SR12A-PC-VSTR-04:SETI,1500.0,-1500.0,3,1500.0,-1500.0,Passive
SR12A-PC-VSTR-05:I,1500.0,-1500.0,3,1500.0,-1500.0,I/O Intr
SR12A-PC-VSTR-05:SETI,1500.0,-1500.0,3,1500.0,-1500.0,Passive
SR12A-PC-VSTR-06:I,1500.0,-1500.0,3,1500.0,-1500.0,I/O Intr
SR12A-PC-VSTR-06:SETI,1500.0,-1500.0,3,1500.0,-1500.0,Passive
SR12A-PC-VSTR-07:I,1500.0,-1500.0,3,1500.0,-1500.0,I/O Intr
SR12A-PC-VSTR-07:SETI,1500.0,-1500.0,3,1500.0,-1500.0,Passive
SR12A-PC-VSTR-08:I,1500.0,-1500.0,3,1500.0,-1500.0,I/O Intr
SR12A-PC-VSTR-08:SETI,1500.0,-1500.0,3,1500.0,-1500.0,Passive
SR12A-PC-VSTR-09:I,1500.0,-1500.0,3,1500.0,-1500.0,I/O Intr
SR12A-PC-VSTR-09:SETI,1500.0,-1500.0,3,1500.0,-1500.0,Passive
SR12A-PC-VSTR-10:I,1500.0,-1500.0,3,1500.0,-1500.0,I/O Intr
SR12A-PC-VSTR-10:SETI,1500.0,-1500.0,3,1500.0,-1500.0,Passive
SR12A-PC-VSTR-11:I,1500.0,-1500.0,3,1500.0,-1500.0,I/O Intr
SR12A-PC-VSTR-11:SETI,1500.0,-1500.0,3,1500.0,-1500.0,Passive
SR12A-PC-VSTR-12:I,1500.0,-1500.0,3,1500.0,-1500.0,I/O Intr
SR12A-PC-VSTR-12:SETI,1500.0,-1500.0,3,1500.0,-1500.0,Passive
SR12C-DI-EBPM-01:SA:X,1500.0,-1500.0,3,1500.0,-1500.0,I/O Intr
SR12C-DI-EBPM-01:SA:Y,1500.0,-1500.0,3,1500.0,-1500.0,I/O Intr
SR12C-DI-EBPM-02:SA:X,1500.0,-1500.0,3,1500.0,-1500.0,I/O Intr
SR12C-DI-EBPM-02:SA:Y,1500.0,-1500.0,3,1500.0,-1500.0,I/O Intr
SR12C-DI-EBPM-03:SA:X,1500.0,-1500.0,3,1500.0,-1500.0,I/O Intr
SR12C-DI-EBPM-03:SA:Y,1500.0,-1500.0,3,1500.0,-1500.0,I/O Intr
SR12C-DI-EBPM-04:SA:X,1500.0,-1500.0,3,1500.0,-1500.0,I/O Intr
SR12C-DI-EBPM-04:SA:Y,1500.0,-1500.0,3,1500.0,-1500.0,I/O Intr
SR12C-DI-EBPM-05:SA:X,1500.0,-1500.0,3,1500.0,-1500.0,I/O Intr
SR12C-DI-EBPM-05:SA:Y,1500.0,-1500.0,3,1500.0,-1500.0,I/O Intr
SR12C-DI-EBPM-06:SA:X,1500.0,-1500.0,3,1500.0,-1500.0,I/O Intr
SR12C-DI-EBPM-06:SA:Y,1500.0,-1500.0,3,1500.0,-1500.0,I/O Intr
SR12C-DI-EBPM-07:SA:X,1500.0,-1500.0,3,1500.0,-1500.0,I/O Intr
SR12C-DI-EBPM-07:SA:Y,1500.0,-1500.0,3,1500.0,-1500.0,I/O Intr
SR12C-DI-EBPM-08:SA:X,1500.0,-1500.0,3,1500.0,-1500.0,I/O Intr
SR12C-DI-EBPM-08:SA:Y,1500.0,-1500.0,3,1500.0,-1500.0,I/O Intr
SR12C-DI-EBPM-09:SA:X,1500.0,-1500.0,3,1500.0,-1500.0,I/O Intr
SR12C-DI-EBPM-09:SA:Y,1500.0,-1500.0,3,1500.0,-1500.0,I/O Intr
SR12C-DI-EBPM-10:SA:X,1500.0,-1500.0,3,1500.0,-1500.0,I/O Intr
SR12C-DI-EBPM-10:SA:Y,1500.0,-1500.0,3,1500.0,-1500.0,I/O Intr
SR12C-DI-EBPM-11:SA:X,1500.0,-1500.0,3,1500.0,-1500.0,I/O Intr
SR12C-DI-EBPM-11:SA:Y,1500.0,-1500.0,3,1500.0,-1500.0,I/O Intr
SR12I-PC-HSTR-11:I,1500.0,-1500.0,3,1500.0,-1500.0,I/O Intr
SR12I-PC-HSTR-11:SETI,1500.0,-1500.0,3,1500.0,-1500.0,Passive
SR12I-PC-HSTR-12:I,1500.0,-1500.0,3,1500.0,-1500.0,I/O Intr
SR12I-PC-HSTR-12:SETI,1500.0,-1500.0,3,1500.0,-1500.0,Passive
SR12I-PC-VSTR-11:I,1500.0,-1500.0,3,1500.0,-1500.0,I/O Intr
SR12I-PC-VSTR-11:SETI,1500.0,-1500.0,3,1500.0,-1500.0,Passive
SR12I-PC-VSTR-12:I,1500.0,-1500.0,3,1500.0,-1500.0,I/O Intr
SR12I-PC-VSTR-12:SETI,1500.0,-1500.0,3,1500.0,-1500.0,Passive
SR13-PC-DL1:I,1500.0,-1500.0,3,1500.0,-1500.0,I/O Intr
SR13-PC-DL1:SETI,1500.0,-1500.0,3,1500.0,-1500.0,Passive
SR13-PC-DL2:I,1500.0,-1500.0,3,1500.0,-1500.0,I/O Intr
SR13-PC-DL2:SETI,1500.0,-1500.0,3,1500.0,-1500.0,Passive
SR13-PC-DL3:I,1500.0,-1500.0,3,1500.0,-1500.0,I/O Intr
SR13-PC-DL3:SETI,1500.0,-1500.0,3,1500.0,-1500.0,Passive
SR13-PC-DL4:I,1500.0,-1500.0,3,1500.0,-1500.0,I/O Intr
SR13-PC-DL4:SETI,1500.0,-1500.0,3,1500.0,-1500.0,Passive
SR13-PC-DQ1-01:I,1500.0,-1500.0,3,1500.0,-1500.0,I/O Intr
SR13-PC-DQ1-01:SETI,1500.0,-1500.0,3,1500.0,-1500.0,Passive
SR13-PC-DQ1-02:I,1500.0,-1500.0,3,1500.0,-1500.0,I/O Intr
SR13-PC-DQ1-02:SETI,1500.0,-1500.0,3,1500.0,-1500.0,Passive
SR13-PC-O0X-01:I,1500.0,-1500.0,3,1500.0,-1500.0,I/O Intr
SR13-PC-O0X-01:SETI,1500.0,-1500.0,3,1500.0,-1500.0,Passive
SR13-PC-O1X-01:I,1500.0,-1500.0,3,1500.0,-1500.0,I/O Intr
SR13-PC-O1X-01:SETI,1500.0,-1500.0,3,1500.0,-1500.0,Passive
SR13-PC-O1X-02:I,1500.0,-1500.0,3,1500.0,-1500.0,I/O Intr
SR13-PC-O1X-02:SETI,1500.0,-1500.0,3,1500.0,-1500.0,Passive
SR13A-PC-A1L-05:I,1500.0,-1500.0,3,1500.0,-1500.0,I/O Intr
SR13A-PC-A1L-05:SETI,1500.0,-1500.0,3,1500.0,-1500.0,Passive
SR13A-PC-A1N-14:I,1500.0,-1500.0,3,1500.0,-1500.0,I/O Intr
SR13A-PC-A1N-14:SETI,1500.0,-1500.0,3,1500.0,-1500.0,Passive
SR13A-PC-A2L-06:I,1500.0,-1500.0,3,1500.0,-1500.0,I/O Intr
SR13A-PC-A2L-06:SETI,1500.0,-1500.0,3,1500.0,-1500.0,Passive
SR13A-PC-A2N-13:I,1500.0,-1500.0,3,1500.0,-1500.0,I/O Intr
SR13A-PC-A2N-13:SETI,1500.0,-1500.0,3,1500.0,-1500.0,Passive
SR13A-PC-HSTR-01:I,1500.0,-1500.0,3,1500.0,-1500.0,I/O Intr
SR13A-PC-HSTR-01:SETI,1500.0,-1500.0,3,1500.0,-1500.0,Passive
SR13A-PC-HSTR-02:I,1500.0,-1500.0,3,1500.0,-1500.0,I/O Intr
SR13A-PC-HSTR-02:SETI,1500.0,-1500.0,3,1500.0,-1500.0,Passive
SR13A-PC-HSTR-03:I,1500.0,-1500.0,3,1500.0,-1500.0,I/O Intr
SR13A-PC-HSTR-03:SETI,1500.0,-1500.0,3,1500.0,-1500.0,Passive
SR13A-PC-HSTR-04:I,1500.0,-1500.0,3,1500.0,-1500.0,I/O Intr
SR13A-PC-HSTR-04:SETI,1500.0,-1500.0,3,1500.0,-1500.0,Passive
SR13A-PC-HSTR-05:I,1500.0,-1500.0,3,1500.0,-1500.0,I/O Intr
SR13A-PC-HSTR-05:SETI,1500.0,-1500.0,3,1500.0,-1500.0,Passive
SR13A-PC-HSTR-06:I,1500.0,-1500.0,3,1500.0,-1500.0,I/O Intr
SR13A-PC-HSTR-06:SETI,1500.0,-1500.0,3,1500.0,-1500.0,Passive
SR13A-PC-HSTR-07:I,1500.0,-1500.0,3,1500.0,-1500.0,I/O Intr
SR13A-PC-HSTR-07:SETI,1500.0,-1500.0,3,1500.0,-1500.0,Passive
SR13A-PC-HSTR-08:I,1500.0,-1500.0,3,1500.0,-1500.0,I/O Intr
SR13A-PC-HSTR-08:SETI,1500.0,-1500.0,3,1500.0,-1500.0,Passive
SR13A-PC-HSTR-09:I,1500.0,-1500.0,3,1500.0,-1500.0,I/O Intr
SR13A-PC-HSTR-09:SETI,1500.0,-1500.0,3,1500.0,-1500.0,Passive
SR13A-PC-HSTR-10:I,1500.0,-1500.0,3,1500.0,-1500.0,I/O Intr
SR13A-PC-HSTR-10:SETI,1500.0,-1500.0,3,1500.0,-1500.0,Passive
SR13A-PC-HSTR-11:I,1500.0,-1500.0,3,1500.0,-1500.0,I/O Intr
SR13A-PC-HSTR-11:SETI,1500.0,-1500.0,3,1500.0,-1500.0,Passive
SR13A-PC-HSTR-12:I,1500.0,-1500.0,3,1500.0,-1500.0,I/O Intr
SR13A-PC-HSTR-12:SETI,1500.0,-1500.0,3,1500.0,-1500.0,Passive
SR13A-PC-Q0L-01:I,1500.0,-1500.0,3,1500.0,-1500.0,I/O Intr
SR13A-PC-Q0L-01:SETI,1500.0,-1500.0,3,1500.0,-1500.0,Passive
SR13A-PC-Q1L-02:I,1500.0,-1500.0,3,1500.0,-1500.0,I/O Intr
SR13A-PC-Q1L-02:SETI,1500.0,-1500.0,3,1500.0,-1500.0,Passive
SR13A-PC-Q1N-17:I,1500.0,-1500.0,3,1500.0,-1500.0,I/O Intr
SR13A-PC-Q1N-17:SETI,1500.0,-1500.0,3,1500.0,-1500.0,Passive
SR13A-PC-Q2L-03:I,1500.0,-1500.0,3,1500.0,-1500.0,I/O Intr
SR13A-PC-Q2L-03:SETI,1500.0,-1500.0,3,1500.0,-1500.0,Passive
SR13A-PC-Q2N-16:I,1500.0,-1500.0,3,1500.0,-1500.0,I/O Intr
SR13A-PC-Q2N-16:SETI,1500.0,-1500.0,3,1500.0,-1500.0,Passive
SR13A-PC-Q3L-04:I,1500.0,-1500.0,3,1500.0,-1500.0,I/O Intr
SR13A-PC-Q3L-04:SETI,1500.0,-1500.0,3,1500.0,-1500.0,Passive
SR13A-PC-Q3N-15:I,1500.0,-1500.0,3,1500.0,-1500.0,I/O Intr
SR13A-PC-Q3N-15:SETI,1500.0,-1500.0,3,1500.0,-1500.0,Passive
SR13A-PC-Q4N-07:I,1500.0,-1500.0,3,1500.0,-1500.0,I/O Intr
SR13A-PC-Q4N-07:SETI,1500.0,-1500.0,3,1500.0,-1500.0,Passive
SR13A-PC-Q4N-12:I,1500.0,-1500.0,3,1500.0,-1500.0,I/O Intr
SR13A-PC-Q4N-12:SETI,1500.0,-1500.0,3,1500.0,-1500.0,Passive
SR13A-PC-Q5N-08:I,1500.0,-1500.0,3,1500.0,-1500.0,I/O Intr
SR13A-PC-Q5N-08:SETI,1500.0,-1500.0,3,1500.0,-1500.0,Passive
SR13A-PC-Q5N-11:I,1500.0,-1500.0,3,1500.0,-1500.0,I/O Intr
SR13A-PC-Q5N-11:SETI,1500.0,-1500.0,3,1500.0,-1500.0,Passive
SR13A-PC-Q6N-09:I,1500.0,-1500.0,3,1500.0,-1500.0,I/O Intr
SR13A-PC-Q6N-09:SETI,1500.0,-1500.0,3,1500.0,-1500.0,Passive
SR13A-PC-Q6N-10:I,1500.0,-1500.0,3,1500.0,-1500.0,I/O Intr
SR13A-PC-Q6N-10:SETI,1500.0,-1500.0,3,1500.0,-1500.0,Passive
SR13A-PC-S1X-01:I,1500.0,-1500.0,3,1500.0,-1500.0,I/O Intr
SR13A-PC-S1X-01:SETI,1500.0,-1500.0,3,1500.0,-1500.0,Passive
SR13A-PC-S1X-12:I,1500.0,-1500.0,3,1500.0,-1500.0,I/O Intr
SR13A-PC-S1X-12:SETI,1500.0,-1500.0,3,1500.0,-1500.0,Passive
SR13A-PC-S2A-02:I,1500.0,-1500.0,3,1500.0,-1500.0,I/O Intr
SR13A-PC-S2A-02:SETI,1500.0,-1500.0,3,1500.0,-1500.0,Passive
SR13A-PC-S2A-11:I,1500.0,-1500.0,3,1500.0,-1500.0,I/O Intr
SR13A-PC-S2A-11:SETI,1500.0,-1500.0,3,1500.0,-1500.0,Passive
SR13A-PC-S3A-03:I,1500.0,-1500.0,3,1500.0,-1500.0,I/O Intr
SR13A-PC-S3A-03:SETI,1500.0,-1500.0,3,1500.0,-1500.0,Passive
SR13A-PC-S3A-10:I,1500.0,-1500.0,3,1500.0,-1500.0,I/O Intr
SR13A-PC-S3A-10:SETI,1500.0,-1500.0,3,1500.0,-1500.0,Passive
SR13A-PC-S4A-04:I,1500.0,-1500.0,3,1500.0,-1500.0,I/O Intr
SR13A-PC-S4A-04:SETI,1500.0,-1500.0,3,1500.0,-1500.0,Passive
SR13A-PC-S4A-09:I,1500.0,-1500.0,3,1500.0,-1500.0,I/O Intr
SR13A-PC-S4A-09:SETI,1500.0,-1500.0,3,1500.0,-1500.0,Passive
SR13A-PC-S5X-05:I,1500.0,-1500.0,3,1500.0,-1500.0,I/O Intr
SR13A-PC-S5X-05:SETI,1500.0,-1500.0,3,1500.0,-1500.0,Passive
SR13A-PC-S5X-08:I,1500.0,-1500.0,3,1500.0,-1500.0,I/O Intr
SR13A-PC-S5X-08:SETI,1500.0,-1500.0,3,1500.0,-1500.0,Passive
SR13A-PC-S6X-06:I,1500.0,-1500.0,3,1500.0,-1500.0,I/O Intr
SR13A-PC-S6X-06:SETI,1500.0,-1500.0,3,1500.0,-1500.0,Passive
SR13A-PC-S6X-07:I,1500.0,-1500.0,3,1500.0,-1500.0,I/O Intr
SR13A-PC-S6X-07:SETI,1500.0,-1500.0,3,1500.0,-1500.0,Passive
SR13A-PC-SQUAD-01:I,1500.0,-1500.0,3,1500.0,-1500.0,I/O Intr
SR13A-PC-SQUAD-01:SETI,1500.0,-1500.0,3,1500.0,-1500.0,Passive
SR13A-PC-SQUAD-02:I,1500.0,-1500.0,3,1500.0,-1500.0,I/O Intr
SR13A-PC-SQUAD-02:SETI,1500.0,-1500.0,3,1500.0,-1500.0,Passive
SR13A-PC-SQUAD-03:I,1500.0,-1500.0,3,1500.0,-1500.0,I/O Intr
SR13A-PC-SQUAD-03:SETI,1500.0,-1500.0,3,1500.0,-1500.0,Passive
SR13A-PC-SQUAD-04:I,1500.0,-1500.0,3,1500.0,-1500.0,I/O Intr
SR13A-PC-SQUAD-04:SETI,1500.0,-1500.0,3,1500.0,-1500.0,Passive
SR13A-PC-SQUAD-05:I,1500.0,-1500.0,3,1500.0,-1500.0,I/O Intr
SR13A-PC-SQUAD-05:SETI,1500.0,-1500.0,3,1500.0,-1500.0,Passive
SR13A-PC-SQUAD-06:I,1500.0,-1500.0,3,1500.0,-1500.0,I/O Intr
SR13A-PC-SQUAD-06:SETI,1500.0,-1500.0,3,1500.0,-1500.0,Passive
SR13A-PC-SQUAD-07:I,1500.0,-1500.0,3,1500.0,-1500.0,I/O Intr
SR13A-PC-SQUAD-07:SETI,1500.0,-1500.0,3,1500.0,-1500.0,Passive
SR13A-PC-SQUAD-08:I,1500.0,-1500.0,3,1500.0,-1500.0,I/O Intr
SR13A-PC-SQUAD-08:SETI,1500.0,-1500.0,3,1500.0,-1500.0,Passive
SR13A-PC-SQUAD-09:I,1500.0,-1500.0,3,1500.0,-1500.0,I/O Intr
SR13A-PC-SQUAD-09:SETI,1500.0,-1500.0,3,1500.0,-1500.0,Passive
SR13A-PC-SQUAD-10:I,1500.0,-1500.0,3,1500.0,-1500.0,I/O Intr
SR13A-PC-SQUAD-10:SETI,1500.0,-1500.0,3,1500.0,-1500.0,Passive
SR13A-PC-SQUAD-11:I,1500.0,-1500.0,3,1500.0,-1500.0,I/O Intr
SR13A-PC-SQUAD-11:SETI,1500.0,-1500.0,3,1500.0,-1500.0,Passive
SR13A-PC-SQUAD-12:I,1500.0,-1500.0,3,1500.0,-1500.0,I/O Intr
SR13A-PC-SQUAD-12:SETI,1500.0,-1500.0,3,1500.0,-1500.0,Passive
SR13A-PC-VSTR-01:I,1500.0,-1500.0,3,1500.0,-1500.0,I/O Intr
SR13A-PC-VSTR-01:SETI,1500.0,-1500.0,3,1500.0,-1500.0,Passive
SR13A-PC-VSTR-02:I,1500.0,-1500.0,3,1500.0,-1500.0,I/O Intr
SR13A-PC-VSTR-02:SETI,1500.0,-1500.0,3,1500.0,-1500.0,Passive
SR13A-PC-VSTR-03:I,1500.0,-1500.0,3,1500.0,-1500.0,I/O Intr
SR13A-PC-VSTR-03:SETI,1500.0,-1500.0,3,1500.0,-1500.0,Passive
SR13A-PC-VSTR-04:I,1500.0,-1500.0,3,1500.0,-1500.0,I/O Intr
SR13A-PC-VSTR-04:SETI,1500.0,-1500.0,3,1500.0,-1500.0,Passive
SR13A-PC-VSTR-05:I,1500.0,-1500.0,3,1500.0,-1500.0,I/O Intr
SR13A-PC-VSTR-05:SETI,1500.0,-1500.0,3,1500.0,-1500.0,Passive
SR13A-PC-VSTR-06:I,1500.0,-1500.0,3,1500.0,-1500.0,I/O Intr
SR13A-PC-VSTR-06:SETI,1500.0,-1500.0,3,1500.0,-1500.0,Passive
SR13A-PC-VSTR-07:I,1500.0,-1500.0,3,1500.0,-1500.0,I/O Intr
SR13A-PC-VSTR-07:SETI,1500.0,-1500.0,3,1500.0,-1500.0,Passive
SR13A-PC-VSTR-08:I,1500.0,-1500.0,3,1500.0,-1500.0,I/O Intr
SR13A-PC-VSTR-08:SETI,1500.0,-1500.0,3,1500.0,-1500.0,Passive
SR13A-PC-VSTR-09:I,1500.0,-1500.0,3,1500.0,-1500.0,I/O Intr
SR13A-PC-VSTR-09:SETI,1500.0,-1500.0,3,1500.0,-1500.0,Passive
SR13A-PC-VSTR-10:I,1500.0,-1500.0,3,1500.0,-1500.0,I/O Intr
SR13A-PC-VSTR-10:SETI,1500.0,-1500.0,3,1500.0,-1500.0,Passive
SR13A-PC-VSTR-11:I,1500.0,-1500.0,3,1500.0,-1500.0,I/O Intr
SR13A-PC-VSTR-11:SETI,1500.0,-1500.0,3,1500.0,-1500.0,Passive
SR13A-PC-VSTR-12:I,1500.0,-1500.0,3,1500.0,-1500.0,I/O Intr
SR13A-PC-VSTR-12:SETI,1500.0,-1500.0,3,1500.0,-1500.0,Passive
SR13C-DI-EBPM-01:SA:X,1500.0,-1500.0,3,1500.0,-1500.0,I/O Intr
SR13C-DI-EBPM-01:SA:Y,1500.0,-1500.0,3,1500.0,-1500.0,I/O Intr
SR13C-DI-EBPM-02:SA:X,1500.0,-1500.0,3,1500.0,-1500.0,I/O Intr
SR13C-DI-EBPM-02:SA:Y,1500.0,-1500.0,3,1500.0,-1500.0,I/O Intr
SR13C-DI-EBPM-03:SA:X,1500.0,-1500.0,3,1500.0,-1500.0,I/O Intr
SR13C-DI-EBPM-03:SA:Y,1500.0,-1500.0,3,1500.0,-1500.0,I/O Intr
SR13C-DI-EBPM-04:SA:X,1500.0,-1500.0,3,1500.0,-1500.0,I/O Intr
SR13C-DI-EBPM-04:SA:Y,1500.0,-1500.0,3,1500.0,-1500.0,I/O Intr
SR13C-DI-EBPM-05:SA:X,1500.0,-1500.0,3,1500.0,-1500.0,I/O Intr
SR13C-DI-EBPM-05:SA:Y,1500.0,-1500.0,3,1500.0,-1500.0,I/O Intr
SR13C-DI-EBPM-06:SA:X,1500.0,-1500.0,3,1500.0,-1500.0,I/O Intr
SR13C-DI-EBPM-06:SA:Y,1500.0,-1500.0,3,1500.0,-1500.0,I/O Intr
SR13C-DI-EBPM-07:SA:X,1500.0,-1500.0,3,1500.0,-1500.0,I/O Intr
SR13C-DI-EBPM-07:SA:Y,1500.0,-1500.0,3,1500.0,-1500.0,I/O Intr
SR13C-DI-EBPM-08:SA:X,1500.0,-1500.0,3,1500.0,-1500.0,I/O Intr
SR13C-DI-EBPM-08:SA:Y,1500.0,-1500.0,3,1500.0,-1500.0,I/O Intr
SR13C-DI-EBPM-09:SA:X,1500.0,-1500.0,3,1500.0,-1500.0,I/O Intr
SR13C-DI-EBPM-09:SA:Y,1500.0,-1500.0,3,1500.0,-1500.0,I/O Intr
SR13C-DI-EBPM-10:SA:X,1500.0,-1500.0,3,1500.0,-1500.0,I/O Intr
SR13C-DI-EBPM-10:SA:Y,1500.0,-1500.0,3,1500.0,-1500.0,I/O Intr
SR13C-DI-EBPM-11:SA:X,1500.0,-1500.0,3,1500.0,-1500.0,I/O Intr
SR13C-DI-EBPM-11:SA:Y,1500.0,-1500.0,3,1500.0,-1500.0,I/O Intr
SR13I-PC-HSTR-11:I,1500.0,-1500.0,3,1500.0,-1500.0,I/O Intr
SR13I-PC-HSTR-11:SETI,1500.0,-1500.0,3,1500.0,-1500.0,Passive
SR13I-PC-HSTR-12:I,1500.0,-1500.0,3,1500.0,-1500.0,I/O Intr
SR13I-PC-HSTR-12:SETI,1500.0,-1500.0,3,1500.0,-1500.0,Passive
SR13I-PC-HSTR-21:I,1500.0,-1500.0,3,1500.0,-1500.0,I/O Intr
SR13I-PC-HSTR-21:SETI,1500.0,-1500.0,3,1500.0,-1500.0,Passive
SR13I-PC-HSTR-22:I,1500.0,-1500.0,3,1500.0,-1500.0,I/O Intr
SR13I-PC-HSTR-22:SETI,1500.0,-1500.0,3,1500.0,-1500.0,Passive
SR13I-PC-VSTR-11:I,1500.0,-1500.0,3,1500.0,-1500.0,I/O Intr
SR13I-PC-VSTR-11:SETI,1500.0,-1500.0,3,1500.0,-1500.0,Passive
SR13I-PC-VSTR-12:I,1500.0,-1500.0,3,1500.0,-1500.0,I/O Intr
SR13I-PC-VSTR-12:SETI,1500.0,-1500.0,3,1500.0,-1500.0,Passive
SR13I-PC-VSTR-21:I,1500.0,-1500.0,3,1500.0,-1500.0,I/O Intr
SR13I-PC-VSTR-21:SETI,1500.0,-1500.0,3,1500.0,-1500.0,Passive
SR13I-PC-VSTR-22:I,1500.0,-1500.0,3,1500.0,-1500.0,I/O Intr
SR13I-PC-VSTR-22:SETI,1500.0,-1500.0,3,1500.0,-1500.0,Passive
SR14-PC-DL1:I,1500.0,-1500.0,3,1500.0,-1500.0,I/O Intr
SR14-PC-DL1:SETI,1500.0,-1500.0,3,1500.0,-1500.0,Passive
SR14-PC-DL2:I,1500.0,-1500.0,3,1500.0,-1500.0,I/O Intr
SR14-PC-DL2:SETI,1500.0,-1500.0,3,1500.0,-1500.0,Passive
SR14-PC-DL3:I,1500.0,-1500.0,3,1500.0,-1500.0,I/O Intr
SR14-PC-DL3:SETI,1500.0,-1500.0,3,1500.0,-1500.0,Passive
SR14-PC-DL4:I,1500.0,-1500.0,3,1500.0,-1500.0,I/O Intr
SR14-PC-DL4:SETI,1500.0,-1500.0,3,1500.0,-1500.0,Passive
SR14-PC-DQ1-01:I,1500.0,-1500.0,3,1500.0,-1500.0,I/O Intr
SR14-PC-DQ1-01:SETI,1500.0,-1500.0,3,1500.0,-1500.0,Passive
SR14-PC-DQ1-02:I,1500.0,-1500.0,3,1500.0,-1500.0,I/O Intr
SR14-PC-DQ1-02:SETI,1500.0,-1500.0,3,1500.0,-1500.0,Passive
SR14-PC-O1X-01:I,1500.0,-1500.0,3,1500.0,-1500.0,I/O Intr
SR14-PC-O1X-01:SETI,1500.0,-1500.0,3,1500.0,-1500.0,Passive
SR14-PC-O1X-02:I,1500.0,-1500.0,3,1500.0,-1500.0,I/O Intr
SR14-PC-O1X-02:SETI,1500.0,-1500.0,3,1500.0,-1500.0,Passive
SR14A-PC-A1N-04:I,1500.0,-1500.0,3,1500.0,-1500.0,I/O Intr
SR14A-PC-A1N-04:SETI,1500.0,-1500.0,3,1500.0,-1500.0,Passive
SR14A-PC-A1N-13:I,1500.0,-1500.0,3,1500.0,-1500.0,I/O Intr
SR14A-PC-A1N-13:SETI,1500.0,-1500.0,3,1500.0,-1500.0,Passive
SR14A-PC-A2N-05:I,1500.0,-1500.0,3,1500.0,-1500.0,I/O Intr
SR14A-PC-A2N-05:SETI,1500.0,-1500.0,3,1500.0,-1500.0,Passive
SR14A-PC-A2N-12:I,1500.0,-1500.0,3,1500.0,-1500.0,I/O Intr
SR14A-PC-A2N-12:SETI,1500.0,-1500.0,3,1500.0,-1500.0,Passive
SR14A-PC-HSTR-01:I,1500.0,-1500.0,3,1500.0,-1500.0,I/O Intr
SR14A-PC-HSTR-01:SETI,1500.0,-1500.0,3,1500.0,-1500.0,Passive
SR14A-PC-HSTR-02:I,1500.0,-1500.0,3,1500.0,-1500.0,I/O Intr
SR14A-PC-HSTR-02:SETI,1500.0,-1500.0,3,1500.0,-1500.0,Passive
SR14A-PC-HSTR-03:I,1500.0,-1500.0,3,1500.0,-1500.0,I/O Intr
SR14A-PC-HSTR-03:SETI,1500.0,-1500.0,3,1500.0,-1500.0,Passive
SR14A-PC-HSTR-04:I,1500.0,-1500.0,3,1500.0,-1500.0,I/O Intr
SR14A-PC-HSTR-04:SETI,1500.0,-1500.0,3,1500.0,-1500.0,Passive
SR14A-PC-HSTR-05:I,1500.0,-1500.0,3,1500.0,-1500.0,I/O Intr
SR14A-PC-HSTR-05:SETI,1500.0,-1500.0,3,1500.0,-1500.0,Passive
SR14A-PC-HSTR-06:I,1500.0,-1500.0,3,1500.0,-1500.0,I/O Intr
SR14A-PC-HSTR-06:SETI,1500.0,-1500.0,3,1500.0,-1500.0,Passive
SR14A-PC-HSTR-07:I,1500.0,-1500.0,3,1500.0,-1500.0,I/O Intr
SR14A-PC-HSTR-07:SETI,1500.0,-1500.0,3,1500.0,-1500.0,Passive
SR14A-PC-HSTR-08:I,1500.0,-1500.0,3,1500.0,-1500.0,I/O Intr
SR14A-PC-HSTR-08:SETI,1500.0,-1500.0,3,1500.0,-1500.0,Passive
SR14A-PC-HSTR-09:I,1500.0,-1500.0,3,1500.0,-1500.0,I/O Intr
SR14A-PC-HSTR-09:SETI,1500.0,-1500.0,3,1500.0,-1500.0,Passive
SR14A-PC-HSTR-10:I,1500.0,-1500.0,3,1500.0,-1500.0,I/O Intr
SR14A-PC-HSTR-10:SETI,1500.0,-1500.0,3,1500.0,-1500.0,Passive
SR14A-PC-HSTR-11:I,1500.0,-1500.0,3,1500.0,-1500.0,I/O Intr
SR14A-PC-HSTR-11:SETI,1500.0,-1500.0,3,1500.0,-1500.0,Passive
SR14A-PC-HSTR-12:I,1500.0,-1500.0,3,1500.0,-1500.0,I/O Intr
SR14A-PC-HSTR-12:SETI,1500.0,-1500.0,3,1500.0,-1500.0,Passive
SR14A-PC-Q1N-01:I,1500.0,-1500.0,3,1500.0,-1500.0,I/O Intr
SR14A-PC-Q1N-01:SETI,1500.0,-1500.0,3,1500.0,-1500.0,Passive
SR14A-PC-Q1N-16:I,1500.0,-1500.0,3,1500.0,-1500.0,I/O Intr
SR14A-PC-Q1N-16:SETI,1500.0,-1500.0,3,1500.0,-1500.0,Passive
SR14A-PC-Q2N-02:I,1500.0,-1500.0,3,1500.0,-1500.0,I/O Intr
SR14A-PC-Q2N-02:SETI,1500.0,-1500.0,3,1500.0,-1500.0,Passive
SR14A-PC-Q2N-15:I,1500.0,-1500.0,3,1500.0,-1500.0,I/O Intr
SR14A-PC-Q2N-15:SETI,1500.0,-1500.0,3,1500.0,-1500.0,Passive
SR14A-PC-Q3N-03:I,1500.0,-1500.0,3,1500.0,-1500.0,I/O Intr
SR14A-PC-Q3N-03:SETI,1500.0,-1500.0,3,1500.0,-1500.0,Passive
SR14A-PC-Q3N-14:I,1500.0,-1500.0,3,1500.0,-1500.0,I/O Intr
SR14A-PC-Q3N-14:SETI,1500.0,-1500.0,3,1500.0,-1500.0,Passive
SR14A-PC-Q4N-06:I,1500.0,-1500.0,3,1500.0,-1500.0,I/O Intr
SR14A-PC-Q4N-06:SETI,1500.0,-1500.0,3,1500.0,-1500.0,Passive
SR14A-PC-Q4N-11:I,1500.0,-1500.0,3,1500.0,-1500.0,I/O Intr
SR14A-PC-Q4N-11:SETI,1500.0,-1500.0,3,1500.0,-1500.0,Passive
SR14A-PC-Q5N-07:I,1500.0,-1500.0,3,1500.0,-1500.0,I/O Intr
SR14A-PC-Q5N-07:SETI,1500.0,-1500.0,3,1500.0,-1500.0,Passive
SR14A-PC-Q5N-10:I,1500.0,-1500.0,3,1500.0,-1500.0,I/O Intr
SR14A-PC-Q5N-10:SETI,1500.0,-1500.0,3,1500.0,-1500.0,Passive
SR14A-PC-Q6N-08:I,1500.0,-1500.0,3,1500.0,-1500.0,I/O Intr
SR14A-PC-Q6N-08:SETI,1500.0,-1500.0,3,1500.0,-1500.0,Passive
SR14A-PC-Q6N-09:I,1500.0,-1500.0,3,1500.0,-1500.0,I/O Intr
SR14A-PC-Q6N-09:SETI,1500.0,-1500.0,3,1500.0,-1500.0,Passive
SR14A-PC-S1X-01:I,1500.0,-1500.0,3,1500.0,-1500.0,I/O Intr
SR14A-PC-S1X-01:SETI,1500.0,-1500.0,3,1500.0,-1500.0,Passive
SR14A-PC-S1X-12:I,1500.0,-1500.0,3,1500.0,-1500.0,I/O Intr
SR14A-PC-S1X-12:SETI,1500.0,-1500.0,3,1500.0,-1500.0,Passive
SR14A-PC-S2A-02:I,1500.0,-1500.0,3,1500.0,-1500.0,I/O Intr
SR14A-PC-S2A-02:SETI,1500.0,-1500.0,3,1500.0,-1500.0,Passive
SR14A-PC-S2A-11:I,1500.0,-1500.0,3,1500.0,-1500.0,I/O Intr
SR14A-PC-S2A-11:SETI,1500.0,-1500.0,3,1500.0,-1500.0,Passive
SR14A-PC-S3A-03:I,1500.0,-1500.0,3,1500.0,-1500.0,I/O Intr
SR14A-PC-S3A-03:SETI,1500.0,-1500.0,3,1500.0,-1500.0,Passive
SR14A-PC-S3A-10:I,1500.0,-1500.0,3,1500.0,-1500.0,I/O Intr
SR14A-PC-S3A-10:SETI,1500.0,-1500.0,3,1500.0,-1500.0,Passive
SR14A-PC-S4A-04:I,1500.0,-1500.0,3,1500.0,-1500.0,I/O Intr
SR14A-PC-S4A-04:SETI,1500.0,-1500.0,3,1500.0,-1500.0,Passive
SR14A-PC-S4A-09:I,1500.0,-1500.0,3,1500.0,-1500.0,I/O Intr
SR14A-PC-S4A-09:SETI,1500.0,-1500.0,3,1500.0,-1500.0,Passive
SR14A-PC-S5X-05:I,1500.0,-1500.0,3,1500.0,-1500.0,I/O Intr
SR14A-PC-S5X-05:SETI,1500.0,-1500.0,3,1500.0,-1500.0,Passive
SR14A-PC-S5X-08:I,1500.0,-1500.0,3,1500.0,-1500.0,I/O Intr
SR14A-PC-S5X-08:SETI,1500.0,-1500.0,3,1500.0,-1500.0,Passive
SR14A-PC-S6X-06:I,1500.0,-1500.0,3,1500.0,-1500.0,I/O Intr
SR14A-PC-S6X-06:SETI,1500.0,-1500.0,3,1500.0,-1500.0,Passive
SR14A-PC-S6X-07:I,1500.0,-1500.0,3,1500.0,-1500.0,I/O Intr
SR14A-PC-S6X-07:SETI,1500.0,-1500.0,3,1500.0,-1500.0,Passive
SR14A-PC-SQUAD-01:I,1500.0,-1500.0,3,1500.0,-1500.0,I/O Intr
SR14A-PC-SQUAD-01:SETI,1500.0,-1500.0,3,1500.0,-1500.0,Passive
SR14A-PC-SQUAD-02:I,1500.0,-1500.0,3,1500.0,-1500.0,I/O Intr
SR14A-PC-SQUAD-02:SETI,1500.0,-1500.0,3,1500.0,-1500.0,Passive
SR14A-PC-SQUAD-03:I,1500.0,-1500.0,3,1500.0,-1500.0,I/O Intr
SR14A-PC-SQUAD-03:SETI,1500.0,-1500.0,3,1500.0,-1500.0,Passive
SR14A-PC-SQUAD-04:I,1500.0,-1500.0,3,1500.0,-1500.0,I/O Intr
SR14A-PC-SQUAD-04:SETI,1500.0,-1500.0,3,1500.0,-1500.0,Passive
SR14A-PC-SQUAD-05:I,1500.0,-1500.0,3,1500.0,-1500.0,I/O Intr
SR14A-PC-SQUAD-05:SETI,1500.0,-1500.0,3,1500.0,-1500.0,Passive
SR14A-PC-SQUAD-06:I,1500.0,-1500.0,3,1500.0,-1500.0,I/O Intr
SR14A-PC-SQUAD-06:SETI,1500.0,-1500.0,3,1500.0,-1500.0,Passive
SR14A-PC-SQUAD-07:I,1500.0,-1500.0,3,1500.0,-1500.0,I/O Intr
SR14A-PC-SQUAD-07:SETI,1500.0,-1500.0,3,1500.0,-1500.0,Passive
SR14A-PC-SQUAD-08:I,1500.0,-1500.0,3,1500.0,-1500.0,I/O Intr
SR14A-PC-SQUAD-08:SETI,1500.0,-1500.0,3,1500.0,-1500.0,Passive
SR14A-PC-SQUAD-09:I,1500.0,-1500.0,3,1500.0,-1500.0,I/O Intr
SR14A-PC-SQUAD-09:SETI,1500.0,-1500.0,3,1500.0,-1500.0,Passive
SR14A-PC-SQUAD-10:I,1500.0,-1500.0,3,1500.0,-1500.0,I/O Intr
SR14A-PC-SQUAD-10:SETI,1500.0,-1500.0,3,1500.0,-1500.0,Passive
SR14A-PC-SQUAD-11:I,1500.0,-1500.0,3,1500.0,-1500.0,I/O Intr
SR14A-PC-SQUAD-11:SETI,1500.0,-1500.0,3,1500.0,-1500.0,Passive
SR14A-PC-SQUAD-12:I,1500.0,-1500.0,3,1500.0,-1500.0,I/O Intr
SR14A-PC-SQUAD-12:SETI,1500.0,-1500.0,3,1500.0,-1500.0,Passive
SR14A-PC-VSTR-01:I,1500.0,-1500.0,3,1500.0,-1500.0,I/O Intr
SR14A-PC-VSTR-01:SETI,1500.0,-1500.0,3,1500.0,-1500.0,Passive
SR14A-PC-VSTR-02:I,1500.0,-1500.0,3,1500.0,-1500.0,I/O Intr
SR14A-PC-VSTR-02:SETI,1500.0,-1500.0,3,1500.0,-1500.0,Passive
SR14A-PC-VSTR-03:I,1500.0,-1500.0,3,1500.0,-1500.0,I/O Intr
SR14A-PC-VSTR-03:SETI,1500.0,-1500.0,3,1500.0,-1500.0,Passive
SR14A-PC-VSTR-04:I,1500.0,-1500.0,3,1500.0,-1500.0,I/O Intr
SR14A-PC-VSTR-04:SETI,1500.0,-1500.0,3,1500.0,-1500.0,Passive
SR14A-PC-VSTR-05:I,1500.0,-1500.0,3,1500.0,-1500.0,I/O Intr
SR14A-PC-VSTR-05:SETI,1500.0,-1500.0,3,1500.0,-1500.0,Passive
SR14A-PC-VSTR-06:I,1500.0,-1500.0,3,1500.0,-1500.0,I/O Intr
SR14A-PC-VSTR-06:SETI,1500.0,-1500.0,3,1500.0,-1500.0,Passive
SR14A-PC-VSTR-07:I,1500.0,-1500.0,3,1500.0,-1500.0,I/O Intr
SR14A-PC-VSTR-07:SETI,1500.0,-1500.0,3,1500.0,-1500.0,Passive
SR14A-PC-VSTR-08:I,1500.0,-1500.0,3,1500.0,-1500.0,I/O Intr
SR14A-PC-VSTR-08:SETI,1500.0,-1500.0,3,1500.0,-1500.0,Passive
SR14A-PC-VSTR-09:I,1500.0,-1500.0,3,1500.0,-1500.0,I/O Intr
SR14A-PC-VSTR-09:SETI,1500.0,-1500.0,3,1500.0,-1500.0,Passive
SR14A-PC-VSTR-10:I,1500.0,-1500.0,3,1500.0,-1500.0,I/O Intr
SR14A-PC-VSTR-10:SETI,1500.0,-1500.0,3,1500.0,-1500.0,Passive
SR14A-PC-VSTR-11:I,1500.0,-1500.0,3,1500.0,-1500.0,I/O Intr
SR14A-PC-VSTR-11:SETI,1500.0,-1500.0,3,1500.0,-1500.0,Passive
SR14A-PC-VSTR-12:I,1500.0,-1500.0,3,1500.0,-1500.0,I/O Intr
SR14A-PC-VSTR-12:SETI,1500.0,-1500.0,3,1500.0,-1500.0,Passive
SR14C-DI-EBPM-01:SA:X,1500.0,-1500.0,3,1500.0,-1500.0,I/O Intr
SR14C-DI-EBPM-01:SA:Y,1500.0,-1500.0,3,1500.0,-1500.0,I/O Intr
SR14C-DI-EBPM-02:SA:X,1500.0,-1500.0,3,1500.0,-1500.0,I/O Intr
SR14C-DI-EBPM-02:SA:Y,1500.0,-1500.0,3,1500.0,-1500.0,I/O Intr
SR14C-DI-EBPM-03:SA:X,1500.0,-1500.0,3,1500.0,-1500.0,I/O Intr
SR14C-DI-EBPM-03:SA:Y,1500.0,-1500.0,3,1500.0,-1500.0,I/O Intr
SR14C-DI-EBPM-04:SA:X,1500.0,-1500.0,3,1500.0,-1500.0,I/O Intr
SR14C-DI-EBPM-04:SA:Y,1500.0,-1500.0,3,1500.0,-1500.0,I/O Intr
SR14C-DI-EBPM-05:SA:X,1500.0,-1500.0,3,1500.0,-1500.0,I/O Intr
SR14C-DI-EBPM-05:SA:Y,1500.0,-1500.0,3,1500.0,-1500.0,I/O Intr
SR14C-DI-EBPM-06:SA:X,1500.0,-1500.0,3,1500.0,-1500.0,I/O Intr
SR14C-DI-EBPM-06:SA:Y,1500.0,-1500.0,3,1500.0,-1500.0,I/O Intr
SR14C-DI-EBPM-07:SA:X,1500.0,-1500.0,3,1500.0,-1500.0,I/O Intr
SR14C-DI-EBPM-07:SA:Y,1500.0,-1500.0,3,1500.0,-1500.0,I/O Intr
SR14C-DI-EBPM-08:SA:X,1500.0,-1500.0,3,1500.0,-1500.0,I/O Intr
SR14C-DI-EBPM-08:SA:Y,1500.0,-1500.0,3,1500.0,-1500.0,I/O Intr
SR14C-DI-EBPM-09:SA:X,1500.0,-1500.0,3,1500.0,-1500.0,I/O Intr
SR14C-DI-EBPM-09:SA:Y,1500.0,-1500.0,3,1500.0,-1500.0,I/O Intr
SR14C-DI-EBPM-10:SA:X,1500.0,-1500.0,3,1500.0,-1500.0,I/O Intr
SR14C-DI-EBPM-10:SA:Y,1500.0,-1500.0,3,1500.0,-1500.0,I/O Intr
SR14I-PC-HSTR-11:I,1500.0,-1500.0,3,1500.0,-1500.0,I/O Intr
SR14I-PC-HSTR-11:SETI,1500.0,-1500.0,3,1500.0,-1500.0,Passive
SR14I-PC-HSTR-12:I,1500.0,-1500.0,3,1500.0,-1500.0,I/O Intr
SR14I-PC-HSTR-12:SETI,1500.0,-1500.0,3,1500.0,-1500.0,Passive
SR14I-PC-VSTR-11:I,1500.0,-1500.0,3,1500.0,-1500.0,I/O Intr
SR14I-PC-VSTR-11:SETI,1500.0,-1500.0,3,1500.0,-1500.0,Passive
SR14I-PC-VSTR-12:I,1500.0,-1500.0,3,1500.0,-1500.0,I/O Intr
SR14I-PC-VSTR-12:SETI,1500.0,-1500.0,3,1500.0,-1500.0,Passive
SR14K-PC-HSTR-11:I,1500.0,-1500.0,3,1500.0,-1500.0,I/O Intr
SR14K-PC-HSTR-11:SETI,1500.0,-1500.0,3,1500.0,-1500.0,Passive
SR14K-PC-HSTR-12:I,1500.0,-1500.0,3,1500.0,-1500.0,I/O Intr
SR14K-PC-HSTR-12:SETI,1500.0,-1500.0,3,1500.0,-1500.0,Passive
SR14K-PC-VSTR-11:I,1500.0,-1500.0,3,1500.0,-1500.0,I/O Intr
SR14K-PC-VSTR-11:SETI,1500.0,-1500.0,3,1500.0,-1500.0,Passive
SR14K-PC-VSTR-12:I,1500.0,-1500.0,3,1500.0,-1500.0,I/O Intr
SR14K-PC-VSTR-12:SETI,1500.0,-1500.0,3,1500.0,-1500.0,Passive
SR15-PC-DL1:I,1500.0,-1500.0,3,1500.0,-1500.0,I/O Intr
SR15-PC-DL1:SETI,1500.0,-1500.0,3,1500.0,-1500.0,Passive
SR15-PC-DL2:I,1500.0,-1500.0,3,1500.0,-1500.0,I/O Intr
SR15-PC-DL2:SETI,1500.0,-1500.0,3,1500.0,-1500.0,Passive
SR15-PC-DL3:I,1500.0,-1500.0,3,1500.0,-1500.0,I/O Intr
SR15-PC-DL3:SETI,1500.0,-1500.0,3,1500.0,-1500.0,Passive
SR15-PC-DL4:I,1500.0,-1500.0,3,1500.0,-1500.0,I/O Intr
SR15-PC-DL4:SETI,1500.0,-1500.0,3,1500.0,-1500.0,Passive
SR15-PC-DQ1-01:I,1500.0,-1500.0,3,1500.0,-1500.0,I/O Intr
SR15-PC-DQ1-01:SETI,1500.0,-1500.0,3,1500.0,-1500.0,Passive
SR15-PC-DQ1-02:I,1500.0,-1500.0,3,1500.0,-1500.0,I/O Intr
SR15-PC-DQ1-02:SETI,1500.0,-1500.0,3,1500.0,-1500.0,Passive
SR15-PC-O1X-01:I,1500.0,-1500.0,3,1500.0,-1500.0,I/O Intr
SR15-PC-O1X-01:SETI,1500.0,-1500.0,3,1500.0,-1500.0,Passive
SR15-PC-O1X-02:I,1500.0,-1500.0,3,1500.0,-1500.0,I/O Intr
SR15-PC-O1X-02:SETI,1500.0,-1500.0,3,1500.0,-1500.0,Passive
SR15A-PC-A1N-04:I,1500.0,-1500.0,3,1500.0,-1500.0,I/O Intr
SR15A-PC-A1N-04:SETI,1500.0,-1500.0,3,1500.0,-1500.0,Passive
SR15A-PC-A1N-13:I,1500.0,-1500.0,3,1500.0,-1500.0,I/O Intr
SR15A-PC-A1N-13:SETI,1500.0,-1500.0,3,1500.0,-1500.0,Passive
SR15A-PC-A2N-05:I,1500.0,-1500.0,3,1500.0,-1500.0,I/O Intr
SR15A-PC-A2N-05:SETI,1500.0,-1500.0,3,1500.0,-1500.0,Passive
SR15A-PC-A2N-12:I,1500.0,-1500.0,3,1500.0,-1500.0,I/O Intr
SR15A-PC-A2N-12:SETI,1500.0,-1500.0,3,1500.0,-1500.0,Passive
SR15A-PC-HSTR-01:I,1500.0,-1500.0,3,1500.0,-1500.0,I/O Intr
SR15A-PC-HSTR-01:SETI,1500.0,-1500.0,3,1500.0,-1500.0,Passive
SR15A-PC-HSTR-02:I,1500.0,-1500.0,3,1500.0,-1500.0,I/O Intr
SR15A-PC-HSTR-02:SETI,1500.0,-1500.0,3,1500.0,-1500.0,Passive
SR15A-PC-HSTR-03:I,1500.0,-1500.0,3,1500.0,-1500.0,I/O Intr
SR15A-PC-HSTR-03:SETI,1500.0,-1500.0,3,1500.0,-1500.0,Passive
SR15A-PC-HSTR-04:I,1500.0,-1500.0,3,1500.0,-1500.0,I/O Intr
SR15A-PC-HSTR-04:SETI,1500.0,-1500.0,3,1500.0,-1500.0,Passive
SR15A-PC-HSTR-05:I,1500.0,-1500.0,3,1500.0,-1500.0,I/O Intr
SR15A-PC-HSTR-05:SETI,1500.0,-1500.0,3,1500.0,-1500.0,Passive
SR15A-PC-HSTR-06:I,1500.0,-1500.0,3,1500.0,-1500.0,I/O Intr
SR15A-PC-HSTR-06:SETI,1500.0,-1500.0,3,1500.0,-1500.0,Passive
SR15A-PC-HSTR-07:I,1500.0,-1500.0,3,1500.0,-1500.0,I/O Intr
SR15A-PC-HSTR-07:SETI,1500.0,-1500.0,3,1500.0,-1500.0,Passive
SR15A-PC-HSTR-08:I,1500.0,-1500.0,3,1500.0,-1500.0,I/O Intr
SR15A-PC-HSTR-08:SETI,1500.0,-1500.0,3,1500.0,-1500.0,Passive
SR15A-PC-HSTR-09:I,1500.0,-1500.0,3,1500.0,-1500.0,I/O Intr
SR15A-PC-HSTR-09:SETI,1500.0,-1500.0,3,1500.0,-1500.0,Passive
SR15A-PC-HSTR-10:I,1500.0,-1500.0,3,1500.0,-1500.0,I/O Intr
SR15A-PC-HSTR-10:SETI,1500.0,-1500.0,3,1500.0,-1500.0,Passive
SR15A-PC-HSTR-11:I,1500.0,-1500.0,3,1500.0,-1500.0,I/O Intr
SR15A-PC-HSTR-11:SETI,1500.0,-1500.0,3,1500.0,-1500.0,Passive
SR15A-PC-HSTR-12:I,1500.0,-1500.0,3,1500.0,-1500.0,I/O Intr
SR15A-PC-HSTR-12:SETI,1500.0,-1500.0,3,1500.0,-1500.0,Passive
SR15A-PC-Q1N-01:I,1500.0,-1500.0,3,1500.0,-1500.0,I/O Intr
SR15A-PC-Q1N-01:SETI,1500.0,-1500.0,3,1500.0,-1500.0,Passive
SR15A-PC-Q1N-16:I,1500.0,-1500.0,3,1500.0,-1500.0,I/O Intr
SR15A-PC-Q1N-16:SETI,1500.0,-1500.0,3,1500.0,-1500.0,Passive
SR15A-PC-Q2N-02:I,1500.0,-1500.0,3,1500.0,-1500.0,I/O Intr
SR15A-PC-Q2N-02:SETI,1500.0,-1500.0,3,1500.0,-1500.0,Passive
SR15A-PC-Q2N-15:I,1500.0,-1500.0,3,1500.0,-1500.0,I/O Intr
SR15A-PC-Q2N-15:SETI,1500.0,-1500.0,3,1500.0,-1500.0,Passive
SR15A-PC-Q3N-03:I,1500.0,-1500.0,3,1500.0,-1500.0,I/O Intr
SR15A-PC-Q3N-03:SETI,1500.0,-1500.0,3,1500.0,-1500.0,Passive
SR15A-PC-Q3N-14:I,1500.0,-1500.0,3,1500.0,-1500.0,I/O Intr
SR15A-PC-Q3N-14:SETI,1500.0,-1500.0,3,1500.0,-1500.0,Passive
SR15A-PC-Q4N-06:I,1500.0,-1500.0,3,1500.0,-1500.0,I/O Intr
SR15A-PC-Q4N-06:SETI,1500.0,-1500.0,3,1500.0,-1500.0,Passive
SR15A-PC-Q4N-11:I,1500.0,-1500.0,3,1500.0,-1500.0,I/O Intr
SR15A-PC-Q4N-11:SETI,1500.0,-1500.0,3,1500.0,-1500.0,Passive
SR15A-PC-Q5N-07:I,1500.0,-1500.0,3,1500.0,-1500.0,I/O Intr
SR15A-PC-Q5N-07:SETI,1500.0,-1500.0,3,1500.0,-1500.0,Passive
SR15A-PC-Q5N-10:I,1500.0,-1500.0,3,1500.0,-1500.0,I/O Intr
SR15A-PC-Q5N-10:SETI,1500.0,-1500.0,3,1500.0,-1500.0,Passive
SR15A-PC-Q6N-08:I,1500.0,-1500.0,3,1500.0,-1500.0,I/O Intr
SR15A-PC-Q6N-08:SETI,1500.0,-1500.0,3,1500.0,-1500.0,Passive
SR15A-PC-Q6N-09:I,1500.0,-1500.0,3,1500.0,-1500.0,I/O Intr
SR15A-PC-Q6N-09:SETI,1500.0,-1500.0,3,1500.0,-1500.0,Passive
SR15A-PC-S1X-01:I,1500.0,-1500.0,3,1500.0,-1500.0,I/O Intr
SR15A-PC-S1X-01:SETI,1500.0,-1500.0,3,1500.0,-1500.0,Passive
SR15A-PC-S1X-12:I,1500.0,-1500.0,3,1500.0,-1500.0,I/O Intr
SR15A-PC-S1X-12:SETI,1500.0,-1500.0,3,1500.0,-1500.0,Passive
SR15A-PC-S2A-02:I,1500.0,-1500.0,3,1500.0,-1500.0,I/O Intr
SR15A-PC-S2A-02:SETI,1500.0,-1500.0,3,1500.0,-1500.0,Passive
SR15A-PC-S2A-11:I,1500.0,-1500.0,3,1500.0,-1500.0,I/O Intr
SR15A-PC-S2A-11:SETI,1500.0,-1500.0,3,1500.0,-1500.0,Passive
SR15A-PC-S3A-03:I,1500.0,-1500.0,3,1500.0,-1500.0,I/O Intr
SR15A-PC-S3A-03:SETI,1500.0,-1500.0,3,1500.0,-1500.0,Passive
SR15A-PC-S3A-10:I,1500.0,-1500.0,3,1500.0,-1500.0,I/O Intr
SR15A-PC-S3A-10:SETI,1500.0,-1500.0,3,1500.0,-1500.0,Passive
SR15A-PC-S4A-04:I,1500.0,-1500.0,3,1500.0,-1500.0,I/O Intr
SR15A-PC-S4A-04:SETI,1500.0,-1500.0,3,1500.0,-1500.0,Passive
SR15A-PC-S4A-09:I,1500.0,-1500.0,3,1500.0,-1500.0,I/O Intr
SR15A-PC-S4A-09:SETI,1500.0,-1500.0,3,1500.0,-1500.0,Passive
SR15A-PC-S5X-05:I,1500.0,-1500.0,3,1500.0,-1500.0,I/O Intr
SR15A-PC-S5X-05:SETI,1500.0,-1500.0,3,1500.0,-1500.0,Passive
SR15A-PC-S5X-08:I,1500.0,-1500.0,3,1500.0,-1500.0,I/O Intr
SR15A-PC-S5X-08:SETI,1500.0,-1500.0,3,1500.0,-1500.0,Passive
SR15A-PC-S6X-06:I,1500.0,-1500.0,3,1500.0,-1500.0,I/O Intr
SR15A-PC-S6X-06:SETI,1500.0,-1500.0,3,1500.0,-1500.0,Passive
SR15A-PC-S6X-07:I,1500.0,-1500.0,3,1500.0,-1500.0,I/O Intr
SR15A-PC-S6X-07:SETI,1500.0,-1500.0,3,1500.0,-1500.0,Passive
SR15A-PC-SQUAD-01:I,1500.0,-1500.0,3,1500.0,-1500.0,I/O Intr
SR15A-PC-SQUAD-01:SETI,1500.0,-1500.0,3,1500.0,-1500.0,Passive
SR15A-PC-SQUAD-02:I,1500.0,-1500.0,3,1500.0,-1500.0,I/O Intr
SR15A-PC-SQUAD-02:SETI,1500.0,-1500.0,3,1500.0,-1500.0,Passive
SR15A-PC-SQUAD-03:I,1500.0,-1500.0,3,1500.0,-1500.0,I/O Intr
SR15A-PC-SQUAD-03:SETI,1500.0,-1500.0,3,1500.0,-1500.0,Passive
SR15A-PC-SQUAD-04:I,1500.0,-1500.0,3,1500.0,-1500.0,I/O Intr
SR15A-PC-SQUAD-04:SETI,1500.0,-1500.0,3,1500.0,-1500.0,Passive
SR15A-PC-SQUAD-05:I,1500.0,-1500.0,3,1500.0,-1500.0,I/O Intr
SR15A-PC-SQUAD-05:SETI,1500.0,-1500.0,3,1500.0,-1500.0,Passive
SR15A-PC-SQUAD-06:I,1500.0,-1500.0,3,1500.0,-1500.0,I/O Intr
SR15A-PC-SQUAD-06:SETI,1500.0,-1500.0,3,1500.0,-1500.0,Passive
SR15A-PC-SQUAD-07:I,1500.0,-1500.0,3,1500.0,-1500.0,I/O Intr
SR15A-PC-SQUAD-07:SETI,1500.0,-1500.0,3,1500.0,-1500.0,Passive
SR15A-PC-SQUAD-08:I,1500.0,-1500.0,3,1500.0,-1500.0,I/O Intr
SR15A-PC-SQUAD-08:SETI,1500.0,-1500.0,3,1500.0,-1500.0,Passive
SR15A-PC-SQUAD-09:I,1500.0,-1500.0,3,1500.0,-1500.0,I/O Intr
SR15A-PC-SQUAD-09:SETI,1500.0,-1500.0,3,1500.0,-1500.0,Passive
SR15A-PC-SQUAD-10:I,1500.0,-1500.0,3,1500.0,-1500.0,I/O Intr
SR15A-PC-SQUAD-10:SETI,1500.0,-1500.0,3,1500.0,-1500.0,Passive
SR15A-PC-SQUAD-11:I,1500.0,-1500.0,3,1500.0,-1500.0,I/O Intr
SR15A-PC-SQUAD-11:SETI,1500.0,-1500.0,3,1500.0,-1500.0,Passive
SR15A-PC-SQUAD-12:I,1500.0,-1500.0,3,1500.0,-1500.0,I/O Intr
SR15A-PC-SQUAD-12:SETI,1500.0,-1500.0,3,1500.0,-1500.0,Passive
SR15A-PC-VSTR-01:I,1500.0,-1500.0,3,1500.0,-1500.0,I/O Intr
SR15A-PC-VSTR-01:SETI,1500.0,-1500.0,3,1500.0,-1500.0,Passive
SR15A-PC-VSTR-02:I,1500.0,-1500.0,3,1500.0,-1500.0,I/O Intr
SR15A-PC-VSTR-02:SETI,1500.0,-1500.0,3,1500.0,-1500.0,Passive
SR15A-PC-VSTR-03:I,1500.0,-1500.0,3,1500.0,-1500.0,I/O Intr
SR15A-PC-VSTR-03:SETI,1500.0,-1500.0,3,1500.0,-1500.0,Passive
SR15A-PC-VSTR-04:I,1500.0,-1500.0,3,1500.0,-1500.0,I/O Intr
SR15A-PC-VSTR-04:SETI,1500.0,-1500.0,3,1500.0,-1500.0,Passive
SR15A-PC-VSTR-05:I,1500.0,-1500.0,3,1500.0,-1500.0,I/O Intr
SR15A-PC-VSTR-05:SETI,1500.0,-1500.0,3,1500.0,-1500.0,Passive
SR15A-PC-VSTR-06:I,1500.0,-1500.0,3,1500.0,-1500.0,I/O Intr
SR15A-PC-VSTR-06:SETI,1500.0,-1500.0,3,1500.0,-1500.0,Passive
SR15A-PC-VSTR-07:I,1500.0,-1500.0,3,1500.0,-1500.0,I/O Intr
SR15A-PC-VSTR-07:SETI,1500.0,-1500.0,3,1500.0,-1500.0,Passive
SR15A-PC-VSTR-08:I,1500.0,-1500.0,3,1500.0,-1500.0,I/O Intr
SR15A-PC-VSTR-08:SETI,1500.0,-1500.0,3,1500.0,-1500.0,Passive
SR15A-PC-VSTR-09:I,1500.0,-1500.0,3,1500.0,-1500.0,I/O Intr
SR15A-PC-VSTR-09:SETI,1500.0,-1500.0,3,1500.0,-1500.0,Passive
SR15A-PC-VSTR-10:I,1500.0,-1500.0,3,1500.0,-1500.0,I/O Intr
SR15A-PC-VSTR-10:SETI,1500.0,-1500.0,3,1500.0,-1500.0,Passive
SR15A-PC-VSTR-11:I,1500.0,-1500.0,3,1500.0,-1500.0,I/O Intr
SR15A-PC-VSTR-11:SETI,1500.0,-1500.0,3,1500.0,-1500.0,Passive
SR15A-PC-VSTR-12:I,1500.0,-1500.0,3,1500.0,-1500.0,I/O Intr
SR15A-PC-VSTR-12:SETI,1500.0,-1500.0,3,1500.0,-1500.0,Passive
SR15C-DI-EBPM-01:SA:X,1500.0,-1500.0,3,1500.0,-1500.0,I/O Intr
SR15C-DI-EBPM-01:SA:Y,1500.0,-1500.0,3,1500.0,-1500.0,I/O Intr
SR15C-DI-EBPM-02:SA:X,1500.0,-1500.0,3,1500.0,-1500.0,I/O Intr
SR15C-DI-EBPM-02:SA:Y,1500.0,-1500.0,3,1500.0,-1500.0,I/O Intr
SR15C-DI-EBPM-03:SA:X,1500.0,-1500.0,3,1500.0,-1500.0,I/O Intr
SR15C-DI-EBPM-03:SA:Y,1500.0,-1500.0,3,1500.0,-1500.0,I/O Intr
SR15C-DI-EBPM-04:SA:X,1500.0,-1500.0,3,1500.0,-1500.0,I/O Intr
SR15C-DI-EBPM-04:SA:Y,1500.0,-1500.0,3,1500.0,-1500.0,I/O Intr
SR15C-DI-EBPM-05:SA:X,1500.0,-1500.0,3,1500.0,-1500.0,I/O Intr
SR15C-DI-EBPM-05:SA:Y,1500.0,-1500.0,3,1500.0,-1500.0,I/O Intr
SR15C-DI-EBPM-06:SA:X,1500.0,-1500.0,3,1500.0,-1500.0,I/O Intr
SR15C-DI-EBPM-06:SA:Y,1500.0,-1500.0,3,1500.0,-1500.0,I/O Intr
SR15C-DI-EBPM-07:SA:X,1500.0,-1500.0,3,1500.0,-1500.0,I/O Intr
SR15C-DI-EBPM-07:SA:Y,1500.0,-1500.0,3,1500.0,-1500.0,I/O Intr
SR15C-DI-EBPM-08:SA:X,1500.0,-1500.0,3,1500.0,-1500.0,I/O Intr
SR15C-DI-EBPM-08:SA:Y,1500.0,-1500.0,3,1500.0,-1500.0,I/O Intr
SR15C-DI-EBPM-09:SA:X,1500.0,-1500.0,3,1500.0,-1500.0,I/O Intr
SR15C-DI-EBPM-09:SA:Y,1500.0,-1500.0,3,1500.0,-1500.0,I/O Intr
SR15C-DI-EBPM-10:SA:X,1500.0,-1500.0,3,1500.0,-1500.0,I/O Intr
SR15C-DI-EBPM-10:SA:Y,1500.0,-1500.0,3,1500.0,-1500.0,I/O Intr
SR15I-PC-HSTR-11:I,1500.0,-1500.0,3,1500.0,-1500.0,I/O Intr
SR15I-PC-HSTR-11:SETI,1500.0,-1500.0,3,1500.0,-1500.0,Passive
SR15I-PC-HSTR-12:I,1500.0,-1500.0,3,1500.0,-1500.0,I/O Intr
SR15I-PC-HSTR-12:SETI,1500.0,-1500.0,3,1500.0,-1500.0,Passive
SR15I-PC-VSTR-11:I,1500.0,-1500.0,3,1500.0,-1500.0,I/O Intr
SR15I-PC-VSTR-11:SETI,1500.0,-1500.0,3,1500.0,-1500.0,Passive
SR15I-PC-VSTR-12:I,1500.0,-1500.0,3,1500.0,-1500.0,I/O Intr
SR15I-PC-VSTR-12:SETI,1500.0,-1500.0,3,1500.0,-1500.0,Passive
SR16-PC-DL1:I,1500.0,-1500.0,3,1500.0,-1500.0,I/O Intr
SR16-PC-DL1:SETI,1500.0,-1500.0,3,1500.0,-1500.0,Passive
SR16-PC-DL2:I,1500.0,-1500.0,3,1500.0,-1500.0,I/O Intr
SR16-PC-DL2:SETI,1500.0,-1500.0,3,1500.0,-1500.0,Passive
SR16-PC-DL3:I,1500.0,-1500.0,3,1500.0,-1500.0,I/O Intr
SR16-PC-DL3:SETI,1500.0,-1500.0,3,1500.0,-1500.0,Passive
SR16-PC-DL4:I,1500.0,-1500.0,3,1500.0,-1500.0,I/O Intr
SR16-PC-DL4:SETI,1500.0,-1500.0,3,1500.0,-1500.0,Passive
SR16-PC-DQ1-01:I,1500.0,-1500.0,3,1500.0,-1500.0,I/O Intr
SR16-PC-DQ1-01:SETI,1500.0,-1500.0,3,1500.0,-1500.0,Passive
SR16-PC-DQ1-02:I,1500.0,-1500.0,3,1500.0,-1500.0,I/O Intr
SR16-PC-DQ1-02:SETI,1500.0,-1500.0,3,1500.0,-1500.0,Passive
SR16-PC-O0X-01:I,1500.0,-1500.0,3,1500.0,-1500.0,I/O Intr
SR16-PC-O0X-01:SETI,1500.0,-1500.0,3,1500.0,-1500.0,Passive
SR16-PC-O1X-01:I,1500.0,-1500.0,3,1500.0,-1500.0,I/O Intr
SR16-PC-O1X-01:SETI,1500.0,-1500.0,3,1500.0,-1500.0,Passive
SR16-PC-O1X-02:I,1500.0,-1500.0,3,1500.0,-1500.0,I/O Intr
SR16-PC-O1X-02:SETI,1500.0,-1500.0,3,1500.0,-1500.0,Passive
SR16A-PC-A1L-13:I,1500.0,-1500.0,3,1500.0,-1500.0,I/O Intr
SR16A-PC-A1L-13:SETI,1500.0,-1500.0,3,1500.0,-1500.0,Passive
SR16A-PC-A1N-04:I,1500.0,-1500.0,3,1500.0,-1500.0,I/O Intr
SR16A-PC-A1N-04:SETI,1500.0,-1500.0,3,1500.0,-1500.0,Passive
SR16A-PC-A2L-12:I,1500.0,-1500.0,3,1500.0,-1500.0,I/O Intr
SR16A-PC-A2L-12:SETI,1500.0,-1500.0,3,1500.0,-1500.0,Passive
SR16A-PC-A2N-05:I,1500.0,-1500.0,3,1500.0,-1500.0,I/O Intr
SR16A-PC-A2N-05:SETI,1500.0,-1500.0,3,1500.0,-1500.0,Passive
SR16A-PC-HSTR-01:I,1500.0,-1500.0,3,1500.0,-1500.0,I/O Intr
SR16A-PC-HSTR-01:SETI,1500.0,-1500.0,3,1500.0,-1500.0,Passive
SR16A-PC-HSTR-02:I,1500.0,-1500.0,3,1500.0,-1500.0,I/O Intr
SR16A-PC-HSTR-02:SETI,1500.0,-1500.0,3,1500.0,-1500.0,Passive
SR16A-PC-HSTR-03:I,1500.0,-1500.0,3,1500.0,-1500.0,I/O Intr
SR16A-PC-HSTR-03:SETI,1500.0,-1500.0,3,1500.0,-1500.0,Passive
SR16A-PC-HSTR-04:I,1500.0,-1500.0,3,1500.0,-1500.0,I/O Intr
SR16A-PC-HSTR-04:SETI,1500.0,-1500.0,3,1500.0,-1500.0,Passive
SR16A-PC-HSTR-05:I,1500.0,-1500.0,3,1500.0,-1500.0,I/O Intr
SR16A-PC-HSTR-05:SETI,1500.0,-1500.0,3,1500.0,-1500.0,Passive
SR16A-PC-HSTR-06:I,1500.0,-1500.0,3,1500.0,-1500.0,I/O Intr
SR16A-PC-HSTR-06:SETI,1500.0,-1500.0,3,1500.0,-1500.0,Passive
SR16A-PC-HSTR-07:I,1500.0,-1500.0,3,1500.0,-1500.0,I/O Intr
SR16A-PC-HSTR-07:SETI,1500.0,-1500.0,3,1500.0,-1500.0,Passive
SR16A-PC-HSTR-08:I,1500.0,-1500.0,3,1500.0,-1500.0,I/O Intr
SR16A-PC-HSTR-08:SETI,1500.0,-1500.0,3,1500.0,-1500.0,Passive
SR16A-PC-HSTR-09:I,1500.0,-1500.0,3,1500.0,-1500.0,I/O Intr
SR16A-PC-HSTR-09:SETI,1500.0,-1500.0,3,1500.0,-1500.0,Passive
SR16A-PC-HSTR-10:I,1500.0,-1500.0,3,1500.0,-1500.0,I/O Intr
SR16A-PC-HSTR-10:SETI,1500.0,-1500.0,3,1500.0,-1500.0,Passive
SR16A-PC-HSTR-11:I,1500.0,-1500.0,3,1500.0,-1500.0,I/O Intr
SR16A-PC-HSTR-11:SETI,1500.0,-1500.0,3,1500.0,-1500.0,Passive
SR16A-PC-HSTR-12:I,1500.0,-1500.0,3,1500.0,-1500.0,I/O Intr
SR16A-PC-HSTR-12:SETI,1500.0,-1500.0,3,1500.0,-1500.0,Passive
SR16A-PC-Q0L-17:I,1500.0,-1500.0,3,1500.0,-1500.0,I/O Intr
SR16A-PC-Q0L-17:SETI,1500.0,-1500.0,3,1500.0,-1500.0,Passive
SR16A-PC-Q1L-16:I,1500.0,-1500.0,3,1500.0,-1500.0,I/O Intr
SR16A-PC-Q1L-16:SETI,1500.0,-1500.0,3,1500.0,-1500.0,Passive
SR16A-PC-Q1N-01:I,1500.0,-1500.0,3,1500.0,-1500.0,I/O Intr
SR16A-PC-Q1N-01:SETI,1500.0,-1500.0,3,1500.0,-1500.0,Passive
SR16A-PC-Q2L-15:I,1500.0,-1500.0,3,1500.0,-1500.0,I/O Intr
SR16A-PC-Q2L-15:SETI,1500.0,-1500.0,3,1500.0,-1500.0,Passive
SR16A-PC-Q2N-02:I,1500.0,-1500.0,3,1500.0,-1500.0,I/O Intr
SR16A-PC-Q2N-02:SETI,1500.0,-1500.0,3,1500.0,-1500.0,Passive
SR16A-PC-Q3L-14:I,1500.0,-1500.0,3,1500.0,-1500.0,I/O Intr
SR16A-PC-Q3L-14:SETI,1500.0,-1500.0,3,1500.0,-1500.0,Passive
SR16A-PC-Q3N-03:I,1500.0,-1500.0,3,1500.0,-1500.0,I/O Intr
SR16A-PC-Q3N-03:SETI,1500.0,-1500.0,3,1500.0,-1500.0,Passive
SR16A-PC-Q4N-06:I,1500.0,-1500.0,3,1500.0,-1500.0,I/O Intr
SR16A-PC-Q4N-06:SETI,1500.0,-1500.0,3,1500.0,-1500.0,Passive
SR16A-PC-Q4N-11:I,1500.0,-1500.0,3,1500.0,-1500.0,I/O Intr
SR16A-PC-Q4N-11:SETI,1500.0,-1500.0,3,1500.0,-1500.0,Passive
SR16A-PC-Q5N-07:I,1500.0,-1500.0,3,1500.0,-1500.0,I/O Intr
SR16A-PC-Q5N-07:SETI,1500.0,-1500.0,3,1500.0,-1500.0,Passive
SR16A-PC-Q5N-10:I,1500.0,-1500.0,3,1500.0,-1500.0,I/O Intr
SR16A-PC-Q5N-10:SETI,1500.0,-1500.0,3,1500.0,-1500.0,Passive
SR16A-PC-Q6N-08:I,1500.0,-1500.0,3,1500.0,-1500.0,I/O Intr
SR16A-PC-Q6N-08:SETI,1500.0,-1500.0,3,1500.0,-1500.0,Passive
SR16A-PC-Q6N-09:I,1500.0,-1500.0,3,1500.0,-1500.0,I/O Intr
SR16A-PC-Q6N-09:SETI,1500.0,-1500.0,3,1500.0,-1500.0,Passive
SR16A-PC-S1X-01:I,1500.0,-1500.0,3,1500.0,-1500.0,I/O Intr
SR16A-PC-S1X-01:SETI,1500.0,-1500.0,3,1500.0,-1500.0,Passive
SR16A-PC-S1X-12:I,1500.0,-1500.0,3,1500.0,-1500.0,I/O Intr
SR16A-PC-S1X-12:SETI,1500.0,-1500.0,3,1500.0,-1500.0,Passive
SR16A-PC-S2A-02:I,1500.0,-1500.0,3,1500.0,-1500.0,I/O Intr
SR16A-PC-S2A-02:SETI,1500.0,-1500.0,3,1500.0,-1500.0,Passive
SR16A-PC-S2A-11:I,1500.0,-1500.0,3,1500.0,-1500.0,I/O Intr
SR16A-PC-S2A-11:SETI,1500.0,-1500.0,3,1500.0,-1500.0,Passive
SR16A-PC-S3A-03:I,1500.0,-1500.0,3,1500.0,-1500.0,I/O Intr
SR16A-PC-S3A-03:SETI,1500.0,-1500.0,3,1500.0,-1500.0,Passive
SR16A-PC-S3A-10:I,1500.0,-1500.0,3,1500.0,-1500.0,I/O Intr
SR16A-PC-S3A-10:SETI,1500.0,-1500.0,3,1500.0,-1500.0,Passive
SR16A-PC-S4A-04:I,1500.0,-1500.0,3,1500.0,-1500.0,I/O Intr
SR16A-PC-S4A-04:SETI,1500.0,-1500.0,3,1500.0,-1500.0,Passive
SR16A-PC-S4A-09:I,1500.0,-1500.0,3,1500.0,-1500.0,I/O Intr
SR16A-PC-S4A-09:SETI,1500.0,-1500.0,3,1500.0,-1500.0,Passive
SR16A-PC-S5X-05:I,1500.0,-1500.0,3,1500.0,-1500.0,I/O Intr
SR16A-PC-S5X-05:SETI,1500.0,-1500.0,3,1500.0,-1500.0,Passive
SR16A-PC-S5X-08:I,1500.0,-1500.0,3,1500.0,-1500.0,I/O Intr
SR16A-PC-S5X-08:SETI,1500.0,-1500.0,3,1500.0,-1500.0,Passive
SR16A-PC-S6X-06:I,1500.0,-1500.0,3,1500.0,-1500.0,I/O Intr
SR16A-PC-S6X-06:SETI,1500.0,-1500.0,3,1500.0,-1500.0,Passive
SR16A-PC-S6X-07:I,1500.0,-1500.0,3,1500.0,-1500.0,I/O Intr
SR16A-PC-S6X-07:SETI,1500.0,-1500.0,3,1500.0,-1500.0,Passive
SR16A-PC-SQUAD-01:I,1500.0,-1500.0,3,1500.0,-1500.0,I/O Intr
SR16A-PC-SQUAD-01:SETI,1500.0,-1500.0,3,1500.0,-1500.0,Passive
SR16A-PC-SQUAD-02:I,1500.0,-1500.0,3,1500.0,-1500.0,I/O Intr
SR16A-PC-SQUAD-02:SETI,1500.0,-1500.0,3,1500.0,-1500.0,Passive
SR16A-PC-SQUAD-03:I,1500.0,-1500.0,3,1500.0,-1500.0,I/O Intr
SR16A-PC-SQUAD-03:SETI,1500.0,-1500.0,3,1500.0,-1500.0,Passive
SR16A-PC-SQUAD-04:I,1500.0,-1500.0,3,1500.0,-1500.0,I/O Intr
SR16A-PC-SQUAD-04:SETI,1500.0,-1500.0,3,1500.0,-1500.0,Passive
SR16A-PC-SQUAD-05:I,1500.0,-1500.0,3,1500.0,-1500.0,I/O Intr
SR16A-PC-SQUAD-05:SETI,1500.0,-1500.0,3,1500.0,-1500.0,Passive
SR16A-PC-SQUAD-06:I,1500.0,-1500.0,3,1500.0,-1500.0,I/O Intr
SR16A-PC-SQUAD-06:SETI,1500.0,-1500.0,3,1500.0,-1500.0,Passive
SR16A-PC-SQUAD-07:I,1500.0,-1500.0,3,1500.0,-1500.0,I/O Intr
SR16A-PC-SQUAD-07:SETI,1500.0,-1500.0,3,1500.0,-1500.0,Passive
SR16A-PC-SQUAD-08:I,1500.0,-1500.0,3,1500.0,-1500.0,I/O Intr
SR16A-PC-SQUAD-08:SETI,1500.0,-1500.0,3,1500.0,-1500.0,Passive
SR16A-PC-SQUAD-09:I,1500.0,-1500.0,3,1500.0,-1500.0,I/O Intr
SR16A-PC-SQUAD-09:SETI,1500.0,-1500.0,3,1500.0,-1500.0,Passive
SR16A-PC-SQUAD-10:I,1500.0,-1500.0,3,1500.0,-1500.0,I/O Intr
SR16A-PC-SQUAD-10:SETI,1500.0,-1500.0,3,1500.0,-1500.0,Passive
SR16A-PC-SQUAD-11:I,1500.0,-1500.0,3,1500.0,-1500.0,I/O Intr
SR16A-PC-SQUAD-11:SETI,1500.0,-1500.0,3,1500.0,-1500.0,Passive
SR16A-PC-SQUAD-12:I,1500.0,-1500.0,3,1500.0,-1500.0,I/O Intr
SR16A-PC-SQUAD-12:SETI,1500.0,-1500.0,3,1500.0,-1500.0,Passive
SR16A-PC-VSTR-01:I,1500.0,-1500.0,3,1500.0,-1500.0,I/O Intr
SR16A-PC-VSTR-01:SETI,1500.0,-1500.0,3,1500.0,-1500.0,Passive
SR16A-PC-VSTR-02:I,1500.0,-1500.0,3,1500.0,-1500.0,I/O Intr
SR16A-PC-VSTR-02:SETI,1500.0,-1500.0,3,1500.0,-1500.0,Passive
SR16A-PC-VSTR-03:I,1500.0,-1500.0,3,1500.0,-1500.0,I/O Intr
SR16A-PC-VSTR-03:SETI,1500.0,-1500.0,3,1500.0,-1500.0,Passive
SR16A-PC-VSTR-04:I,1500.0,-1500.0,3,1500.0,-1500.0,I/O Intr
SR16A-PC-VSTR-04:SETI,1500.0,-1500.0,3,1500.0,-1500.0,Passive
SR16A-PC-VSTR-05:I,1500.0,-1500.0,3,1500.0,-1500.0,I/O Intr
SR16A-PC-VSTR-05:SETI,1500.0,-1500.0,3,1500.0,-1500.0,Passive
SR16A-PC-VSTR-06:I,1500.0,-1500.0,3,1500.0,-1500.0,I/O Intr
SR16A-PC-VSTR-06:SETI,1500.0,-1500.0,3,1500.0,-1500.0,Passive
SR16A-PC-VSTR-07:I,1500.0,-1500.0,3,1500.0,-1500.0,I/O Intr
SR16A-PC-VSTR-07:SETI,1500.0,-1500.0,3,1500.0,-1500.0,Passive
SR16A-PC-VSTR-08:I,1500.0,-1500.0,3,1500.0,-1500.0,I/O Intr
SR16A-PC-VSTR-08:SETI,1500.0,-1500.0,3,1500.0,-1500.0,Passive
SR16A-PC-VSTR-09:I,1500.0,-1500.0,3,1500.0,-1500.0,I/O Intr
SR16A-PC-VSTR-09:SETI,1500.0,-1500.0,3,1500.0,-1500.0,Passive
SR16A-PC-VSTR-10:I,1500.0,-1500.0,3,1500.0,-1500.0,I/O Intr
SR16A-PC-VSTR-10:SETI,1500.0,-1500.0,3,1500.0,-1500.0,Passive
SR16A-PC-VSTR-11:I,1500.0,-1500.0,3,1500.0,-1500.0,I/O Intr
SR16A-PC-VSTR-11:SETI,1500.0,-1500.0,3,1500.0,-1500.0,Passive
SR16A-PC-VSTR-12:I,1500.0,-1500.0,3,1500.0,-1500.0,I/O Intr
SR16A-PC-VSTR-12:SETI,1500.0,-1500.0,3,1500.0,-1500.0,Passive
SR16C-DI-EBPM-01:SA:X,1500.0,-1500.0,3,1500.0,-1500.0,I/O Intr
SR16C-DI-EBPM-01:SA:Y,1500.0,-1500.0,3,1500.0,-1500.0,I/O Intr
SR16C-DI-EBPM-02:SA:X,1500.0,-1500.0,3,1500.0,-1500.0,I/O Intr
SR16C-DI-EBPM-02:SA:Y,1500.0,-1500.0,3,1500.0,-1500.0,I/O Intr
SR16C-DI-EBPM-03:SA:X,1500.0,-1500.0,3,1500.0,-1500.0,I/O Intr
SR16C-DI-EBPM-03:SA:Y,1500.0,-1500.0,3,1500.0,-1500.0,I/O Intr
SR16C-DI-EBPM-04:SA:X,1500.0,-1500.0,3,1500.0,-1500.0,I/O Intr
SR16C-DI-EBPM-04:SA:Y,1500.0,-1500.0,3,1500.0,-1500.0,I/O Intr
SR16C-DI-EBPM-05:SA:X,1500.0,-1500.0,3,1500.0,-1500.0,I/O Intr
SR16C-DI-EBPM-05:SA:Y,1500.0,-1500.0,3,1500.0,-1500.0,I/O Intr
SR16C-DI-EBPM-06:SA:X,1500.0,-1500.0,3,1500.0,-1500.0,I/O Intr
SR16C-DI-EBPM-06:SA:Y,1500.0,-1500.0,3,1500.0,-1500.0,I/O Intr
SR16C-DI-EBPM-07:SA:X,1500.0,-1500.0,3,1500.0,-1500.0,I/O Intr
SR16C-DI-EBPM-07:SA:Y,1500.0,-1500.0,3,1500.0,-1500.0,I/O Intr
SR16C-DI-EBPM-08:SA:X,1500.0,-1500.0,3,1500.0,-1500.0,I/O Intr
SR16C-DI-EBPM-08:SA:Y,1500.0,-1500.0,3,1500.0,-1500.0,I/O Intr
SR16C-DI-EBPM-09:SA:X,1500.0,-1500.0,3,1500.0,-1500.0,I/O Intr
SR16C-DI-EBPM-09:SA:Y,1500.0,-1500.0,3,1500.0,-1500.0,I/O Intr
SR16C-DI-EBPM-10:SA:X,1500.0,-1500.0,3,1500.0,-1500.0,I/O Intr
SR16C-DI-EBPM-10:SA:Y,1500.0,-1500.0,3,1500.0,-1500.0,I/O Intr
SR16C-DI-EBPM-11:SA:X,1500.0,-1500.0,3,1500.0,-1500.0,I/O Intr
SR16C-DI-EBPM-11:SA:Y,1500.0,-1500.0,3,1500.0,-1500.0,I/O Intr
SR16I-PC-HSTR-11:I,1500.0,-1500.0,3,1500.0,-1500.0,I/O Intr
SR16I-PC-HSTR-11:SETI,1500.0,-1500.0,3,1500.0,-1500.0,Passive
SR16I-PC-HSTR-12:I,1500.0,-1500.0,3,1500.0,-1500.0,I/O Intr
SR16I-PC-HSTR-12:SETI,1500.0,-1500.0,3,1500.0,-1500.0,Passive
SR16I-PC-VSTR-11:I,1500.0,-1500.0,3,1500.0,-1500.0,I/O Intr
SR16I-PC-VSTR-11:SETI,1500.0,-1500.0,3,1500.0,-1500.0,Passive
SR16I-PC-VSTR-12:I,1500.0,-1500.0,3,1500.0,-1500.0,I/O Intr
SR16I-PC-VSTR-12:SETI,1500.0,-1500.0,3,1500.0,-1500.0,Passive
SR16K-PC-HSTR-11:I,1500.0,-1500.0,3,1500.0,-1500.0,I/O Intr
SR16K-PC-HSTR-11:SETI,1500.0,-1500.0,3,1500.0,-1500.0,Passive
SR16K-PC-HSTR-12:I,1500.0,-1500.0,3,1500.0,-1500.0,I/O Intr
SR16K-PC-HSTR-12:SETI,1500.0,-1500.0,3,1500.0,-1500.0,Passive
SR16K-PC-VSTR-11:I,1500.0,-1500.0,3,1500.0,-1500.0,I/O Intr
SR16K-PC-VSTR-11:SETI,1500.0,-1500.0,3,1500.0,-1500.0,Passive
SR16K-PC-VSTR-12:I,1500.0,-1500.0,3,1500.0,-1500.0,I/O Intr
SR16K-PC-VSTR-12:SETI,1500.0,-1500.0,3,1500.0,-1500.0,Passive
SR17-PC-DL1:I,1500.0,-1500.0,3,1500.0,-1500.0,I/O Intr
SR17-PC-DL1:SETI,1500.0,-1500.0,3,1500.0,-1500.0,Passive
SR17-PC-DL2:I,1500.0,-1500.0,3,1500.0,-1500.0,I/O Intr
SR17-PC-DL2:SETI,1500.0,-1500.0,3,1500.0,-1500.0,Passive
SR17-PC-DL3:I,1500.0,-1500.0,3,1500.0,-1500.0,I/O Intr
SR17-PC-DL3:SETI,1500.0,-1500.0,3,1500.0,-1500.0,Passive
SR17-PC-DL4:I,1500.0,-1500.0,3,1500.0,-1500.0,I/O Intr
SR17-PC-DL4:SETI,1500.0,-1500.0,3,1500.0,-1500.0,Passive
SR17-PC-DQ1-01:I,1500.0,-1500.0,3,1500.0,-1500.0,I/O Intr
SR17-PC-DQ1-01:SETI,1500.0,-1500.0,3,1500.0,-1500.0,Passive
SR17-PC-DQ1-02:I,1500.0,-1500.0,3,1500.0,-1500.0,I/O Intr
SR17-PC-DQ1-02:SETI,1500.0,-1500.0,3,1500.0,-1500.0,Passive
SR17-PC-O0X-01:I,1500.0,-1500.0,3,1500.0,-1500.0,I/O Intr
SR17-PC-O0X-01:SETI,1500.0,-1500.0,3,1500.0,-1500.0,Passive
SR17-PC-O1X-01:I,1500.0,-1500.0,3,1500.0,-1500.0,I/O Intr
SR17-PC-O1X-01:SETI,1500.0,-1500.0,3,1500.0,-1500.0,Passive
SR17-PC-O1X-02:I,1500.0,-1500.0,3,1500.0,-1500.0,I/O Intr
SR17-PC-O1X-02:SETI,1500.0,-1500.0,3,1500.0,-1500.0,Passive
SR17A-PC-A1L-05:I,1500.0,-1500.0,3,1500.0,-1500.0,I/O Intr
SR17A-PC-A1L-05:SETI,1500.0,-1500.0,3,1500.0,-1500.0,Passive
SR17A-PC-A1N-14:I,1500.0,-1500.0,3,1500.0,-1500.0,I/O Intr
SR17A-PC-A1N-14:SETI,1500.0,-1500.0,3,1500.0,-1500.0,Passive
SR17A-PC-A2L-06:I,1500.0,-1500.0,3,1500.0,-1500.0,I/O Intr
SR17A-PC-A2L-06:SETI,1500.0,-1500.0,3,1500.0,-1500.0,Passive
SR17A-PC-A2N-13:I,1500.0,-1500.0,3,1500.0,-1500.0,I/O Intr
SR17A-PC-A2N-13:SETI,1500.0,-1500.0,3,1500.0,-1500.0,Passive
SR17A-PC-HSTR-01:I,1500.0,-1500.0,3,1500.0,-1500.0,I/O Intr
SR17A-PC-HSTR-01:SETI,1500.0,-1500.0,3,1500.0,-1500.0,Passive
SR17A-PC-HSTR-02:I,1500.0,-1500.0,3,1500.0,-1500.0,I/O Intr
SR17A-PC-HSTR-02:SETI,1500.0,-1500.0,3,1500.0,-1500.0,Passive
SR17A-PC-HSTR-03:I,1500.0,-1500.0,3,1500.0,-1500.0,I/O Intr
SR17A-PC-HSTR-03:SETI,1500.0,-1500.0,3,1500.0,-1500.0,Passive
SR17A-PC-HSTR-04:I,1500.0,-1500.0,3,1500.0,-1500.0,I/O Intr
SR17A-PC-HSTR-04:SETI,1500.0,-1500.0,3,1500.0,-1500.0,Passive
SR17A-PC-HSTR-05:I,1500.0,-1500.0,3,1500.0,-1500.0,I/O Intr
SR17A-PC-HSTR-05:SETI,1500.0,-1500.0,3,1500.0,-1500.0,Passive
SR17A-PC-HSTR-06:I,1500.0,-1500.0,3,1500.0,-1500.0,I/O Intr
SR17A-PC-HSTR-06:SETI,1500.0,-1500.0,3,1500.0,-1500.0,Passive
SR17A-PC-HSTR-07:I,1500.0,-1500.0,3,1500.0,-1500.0,I/O Intr
SR17A-PC-HSTR-07:SETI,1500.0,-1500.0,3,1500.0,-1500.0,Passive
SR17A-PC-HSTR-08:I,1500.0,-1500.0,3,1500.0,-1500.0,I/O Intr
SR17A-PC-HSTR-08:SETI,1500.0,-1500.0,3,1500.0,-1500.0,Passive
SR17A-PC-HSTR-09:I,1500.0,-1500.0,3,1500.0,-1500.0,I/O Intr
SR17A-PC-HSTR-09:SETI,1500.0,-1500.0,3,1500.0,-1500.0,Passive
SR17A-PC-HSTR-10:I,1500.0,-1500.0,3,1500.0,-1500.0,I/O Intr
SR17A-PC-HSTR-10:SETI,1500.0,-1500.0,3,1500.0,-1500.0,Passive
SR17A-PC-HSTR-11:I,1500.0,-1500.0,3,1500.0,-1500.0,I/O Intr
SR17A-PC-HSTR-11:SETI,1500.0,-1500.0,3,1500.0,-1500.0,Passive
SR17A-PC-HSTR-12:I,1500.0,-1500.0,3,1500.0,-1500.0,I/O Intr
SR17A-PC-HSTR-12:SETI,1500.0,-1500.0,3,1500.0,-1500.0,Passive
SR17A-PC-Q0L-01:I,1500.0,-1500.0,3,1500.0,-1500.0,I/O Intr
SR17A-PC-Q0L-01:SETI,1500.0,-1500.0,3,1500.0,-1500.0,Passive
SR17A-PC-Q1L-02:I,1500.0,-1500.0,3,1500.0,-1500.0,I/O Intr
SR17A-PC-Q1L-02:SETI,1500.0,-1500.0,3,1500.0,-1500.0,Passive
SR17A-PC-Q1N-17:I,1500.0,-1500.0,3,1500.0,-1500.0,I/O Intr
SR17A-PC-Q1N-17:SETI,1500.0,-1500.0,3,1500.0,-1500.0,Passive
SR17A-PC-Q2L-03:I,1500.0,-1500.0,3,1500.0,-1500.0,I/O Intr
SR17A-PC-Q2L-03:SETI,1500.0,-1500.0,3,1500.0,-1500.0,Passive
SR17A-PC-Q2N-16:I,1500.0,-1500.0,3,1500.0,-1500.0,I/O Intr
SR17A-PC-Q2N-16:SETI,1500.0,-1500.0,3,1500.0,-1500.0,Passive
SR17A-PC-Q3L-04:I,1500.0,-1500.0,3,1500.0,-1500.0,I/O Intr
SR17A-PC-Q3L-04:SETI,1500.0,-1500.0,3,1500.0,-1500.0,Passive
SR17A-PC-Q3N-15:I,1500.0,-1500.0,3,1500.0,-1500.0,I/O Intr
SR17A-PC-Q3N-15:SETI,1500.0,-1500.0,3,1500.0,-1500.0,Passive
SR17A-PC-Q4N-07:I,1500.0,-1500.0,3,1500.0,-1500.0,I/O Intr
SR17A-PC-Q4N-07:SETI,1500.0,-1500.0,3,1500.0,-1500.0,Passive
SR17A-PC-Q4N-12:I,1500.0,-1500.0,3,1500.0,-1500.0,I/O Intr
SR17A-PC-Q4N-12:SETI,1500.0,-1500.0,3,1500.0,-1500.0,Passive
SR17A-PC-Q5N-08:I,1500.0,-1500.0,3,1500.0,-1500.0,I/O Intr
SR17A-PC-Q5N-08:SETI,1500.0,-1500.0,3,1500.0,-1500.0,Passive
SR17A-PC-Q5N-11:I,1500.0,-1500.0,3,1500.0,-1500.0,I/O Intr
SR17A-PC-Q5N-11:SETI,1500.0,-1500.0,3,1500.0,-1500.0,Passive
SR17A-PC-Q6N-09:I,1500.0,-1500.0,3,1500.0,-1500.0,I/O Intr
SR17A-PC-Q6N-09:SETI,1500.0,-1500.0,3,1500.0,-1500.0,Passive
SR17A-PC-Q6N-10:I,1500.0,-1500.0,3,1500.0,-1500.0,I/O Intr
SR17A-PC-Q6N-10:SETI,1500.0,-1500.0,3,1500.0,-1500.0,Passive
SR17A-PC-S1X-01:I,1500.0,-1500.0,3,1500.0,-1500.0,I/O Intr
SR17A-PC-S1X-01:SETI,1500.0,-1500.0,3,1500.0,-1500.0,Passive
SR17A-PC-S1X-12:I,1500.0,-1500.0,3,1500.0,-1500.0,I/O Intr
SR17A-PC-S1X-12:SETI,1500.0,-1500.0,3,1500.0,-1500.0,Passive
SR17A-PC-S2A-02:I,1500.0,-1500.0,3,1500.0,-1500.0,I/O Intr
SR17A-PC-S2A-02:SETI,1500.0,-1500.0,3,1500.0,-1500.0,Passive
SR17A-PC-S2A-11:I,1500.0,-1500.0,3,1500.0,-1500.0,I/O Intr
SR17A-PC-S2A-11:SETI,1500.0,-1500.0,3,1500.0,-1500.0,Passive
SR17A-PC-S3A-03:I,1500.0,-1500.0,3,1500.0,-1500.0,I/O Intr
SR17A-PC-S3A-03:SETI,1500.0,-1500.0,3,1500.0,-1500.0,Passive
SR17A-PC-S3A-10:I,1500.0,-1500.0,3,1500.0,-1500.0,I/O Intr
SR17A-PC-S3A-10:SETI,1500.0,-1500.0,3,1500.0,-1500.0,Passive
SR17A-PC-S4A-04:I,1500.0,-1500.0,3,1500.0,-1500.0,I/O Intr
SR17A-PC-S4A-04:SETI,1500.0,-1500.0,3,1500.0,-1500.0,Passive
SR17A-PC-S4A-09:I,1500.0,-1500.0,3,1500.0,-1500.0,I/O Intr
SR17A-PC-S4A-09:SETI,1500.0,-1500.0,3,1500.0,-1500.0,Passive
SR17A-PC-S5X-05:I,1500.0,-1500.0,3,1500.0,-1500.0,I/O Intr
SR17A-PC-S5X-05:SETI,1500.0,-1500.0,3,1500.0,-1500.0,Passive
SR17A-PC-S5X-08:I,1500.0,-1500.0,3,1500.0,-1500.0,I/O Intr
SR17A-PC-S5X-08:SETI,1500.0,-1500.0,3,1500.0,-1500.0,Passive
SR17A-PC-S6X-06:I,1500.0,-1500.0,3,1500.0,-1500.0,I/O Intr
SR17A-PC-S6X-06:SETI,1500.0,-1500.0,3,1500.0,-1500.0,Passive
SR17A-PC-S6X-07:I,1500.0,-1500.0,3,1500.0,-1500.0,I/O Intr
SR17A-PC-S6X-07:SETI,1500.0,-1500.0,3,1500.0,-1500.0,Passive
SR17A-PC-SQUAD-01:I,1500.0,-1500.0,3,1500.0,-1500.0,I/O Intr
SR17A-PC-SQUAD-01:SETI,1500.0,-1500.0,3,1500.0,-1500.0,Passive
SR17A-PC-SQUAD-02:I,1500.0,-1500.0,3,1500.0,-1500.0,I/O Intr
SR17A-PC-SQUAD-02:SETI,1500.0,-1500.0,3,1500.0,-1500.0,Passive
SR17A-PC-SQUAD-03:I,1500.0,-1500.0,3,1500.0,-1500.0,I/O Intr
SR17A-PC-SQUAD-03:SETI,1500.0,-1500.0,3,1500.0,-1500.0,Passive
SR17A-PC-SQUAD-04:I,1500.0,-1500.0,3,1500.0,-1500.0,I/O Intr
SR17A-PC-SQUAD-04:SETI,1500.0,-1500.0,3,1500.0,-1500.0,Passive
SR17A-PC-SQUAD-05:I,1500.0,-1500.0,3,1500.0,-1500.0,I/O Intr
SR17A-PC-SQUAD-05:SETI,1500.0,-1500.0,3,1500.0,-1500.0,Passive
SR17A-PC-SQUAD-06:I,1500.0,-1500.0,3,1500.0,-1500.0,I/O Intr
SR17A-PC-SQUAD-06:SETI,1500.0,-1500.0,3,1500.0,-1500.0,Passive
SR17A-PC-SQUAD-07:I,1500.0,-1500.0,3,1500.0,-1500.0,I/O Intr
SR17A-PC-SQUAD-07:SETI,1500.0,-1500.0,3,1500.0,-1500.0,Passive
SR17A-PC-SQUAD-08:I,1500.0,-1500.0,3,1500.0,-1500.0,I/O Intr
SR17A-PC-SQUAD-08:SETI,1500.0,-1500.0,3,1500.0,-1500.0,Passive
SR17A-PC-SQUAD-09:I,1500.0,-1500.0,3,1500.0,-1500.0,I/O Intr
SR17A-PC-SQUAD-09:SETI,1500.0,-1500.0,3,1500.0,-1500.0,Passive
SR17A-PC-SQUAD-10:I,1500.0,-1500.0,3,1500.0,-1500.0,I/O Intr
SR17A-PC-SQUAD-10:SETI,1500.0,-1500.0,3,1500.0,-1500.0,Passive
SR17A-PC-SQUAD-11:I,1500.0,-1500.0,3,1500.0,-1500.0,I/O Intr
SR17A-PC-SQUAD-11:SETI,1500.0,-1500.0,3,1500.0,-1500.0,Passive
SR17A-PC-SQUAD-12:I,1500.0,-1500.0,3,1500.0,-1500.0,I/O Intr
SR17A-PC-SQUAD-12:SETI,1500.0,-1500.0,3,1500.0,-1500.0,Passive
SR17A-PC-VSTR-01:I,1500.0,-1500.0,3,1500.0,-1500.0,I/O Intr
SR17A-PC-VSTR-01:SETI,1500.0,-1500.0,3,1500.0,-1500.0,Passive
SR17A-PC-VSTR-02:I,1500.0,-1500.0,3,1500.0,-1500.0,I/O Intr
SR17A-PC-VSTR-02:SETI,1500.0,-1500.0,3,1500.0,-1500.0,Passive
SR17A-PC-VSTR-03:I,1500.0,-1500.0,3,1500.0,-1500.0,I/O Intr
SR17A-PC-VSTR-03:SETI,1500.0,-1500.0,3,1500.0,-1500.0,Passive
SR17A-PC-VSTR-04:I,1500.0,-1500.0,3,1500.0,-1500.0,I/O Intr
SR17A-PC-VSTR-04:SETI,1500.0,-1500.0,3,1500.0,-1500.0,Passive
SR17A-PC-VSTR-05:I,1500.0,-1500.0,3,1500.0,-1500.0,I/O Intr
SR17A-PC-VSTR-05:SETI,1500.0,-1500.0,3,1500.0,-1500.0,Passive
SR17A-PC-VSTR-06:I,1500.0,-1500.0,3,1500.0,-1500.0,I/O Intr
SR17A-PC-VSTR-06:SETI,1500.0,-1500.0,3,1500.0,-1500.0,Passive
SR17A-PC-VSTR-07:I,1500.0,-1500.0,3,1500.0,-1500.0,I/O Intr
SR17A-PC-VSTR-07:SETI,1500.0,-1500.0,3,1500.0,-1500.0,Passive
SR17A-PC-VSTR-08:I,1500.0,-1500.0,3,1500.0,-1500.0,I/O Intr
SR17A-PC-VSTR-08:SETI,1500.0,-1500.0,3,1500.0,-1500.0,Passive
SR17A-PC-VSTR-09:I,1500.0,-1500.0,3,1500.0,-1500.0,I/O Intr
SR17A-PC-VSTR-09:SETI,1500.0,-1500.0,3,1500.0,-1500.0,Passive
SR17A-PC-VSTR-10:I,1500.0,-1500.0,3,1500.0,-1500.0,I/O Intr
SR17A-PC-VSTR-10:SETI,1500.0,-1500.0,3,1500.0,-1500.0,Passive
SR17A-PC-VSTR-11:I,1500.0,-1500.0,3,1500.0,-1500.0,I/O Intr
SR17A-PC-VSTR-11:SETI,1500.0,-1500.0,3,1500.0,-1500.0,Passive
SR17A-PC-VSTR-12:I,1500.0,-1500.0,3,1500.0,-1500.0,I/O Intr
SR17A-PC-VSTR-12:SETI,1500.0,-1500.0,3,1500.0,-1500.0,Passive
SR17C-DI-EBPM-01:SA:X,1500.0,-1500.0,3,1500.0,-1500.0,I/O Intr
SR17C-DI-EBPM-01:SA:Y,1500.0,-1500.0,3,1500.0,-1500.0,I/O Intr
SR17C-DI-EBPM-02:SA:X,1500.0,-1500.0,3,1500.0,-1500.0,I/O Intr
SR17C-DI-EBPM-02:SA:Y,1500.0,-1500.0,3,1500.0,-1500.0,I/O Intr
SR17C-DI-EBPM-03:SA:X,1500.0,-1500.0,3,1500.0,-1500.0,I/O Intr
SR17C-DI-EBPM-03:SA:Y,1500.0,-1500.0,3,1500.0,-1500.0,I/O Intr
SR17C-DI-EBPM-04:SA:X,1500.0,-1500.0,3,1500.0,-1500.0,I/O Intr
SR17C-DI-EBPM-04:SA:Y,1500.0,-1500.0,3,1500.0,-1500.0,I/O Intr
SR17C-DI-EBPM-05:SA:X,1500.0,-1500.0,3,1500.0,-1500.0,I/O Intr
SR17C-DI-EBPM-05:SA:Y,1500.0,-1500.0,3,1500.0,-1500.0,I/O Intr
SR17C-DI-EBPM-06:SA:X,1500.0,-1500.0,3,1500.0,-1500.0,I/O Intr
SR17C-DI-EBPM-06:SA:Y,1500.0,-1500.0,3,1500.0,-1500.0,I/O Intr
SR17C-DI-EBPM-07:SA:X,1500.0,-1500.0,3,1500.0,-1500.0,I/O Intr
SR17C-DI-EBPM-07:SA:Y,1500.0,-1500.0,3,1500.0,-1500.0,I/O Intr
SR17C-DI-EBPM-08:SA:X,1500.0,-1500.0,3,1500.0,-1500.0,I/O Intr
SR17C-DI-EBPM-08:SA:Y,1500.0,-1500.0,3,1500.0,-1500.0,I/O Intr
SR17C-DI-EBPM-09:SA:X,1500.0,-1500.0,3,1500.0,-1500.0,I/O Intr
SR17C-DI-EBPM-09:SA:Y,1500.0,-1500.0,3,1500.0,-1500.0,I/O Intr
SR17C-DI-EBPM-10:SA:X,1500.0,-1500.0,3,1500.0,-1500.0,I/O Intr
SR17C-DI-EBPM-10:SA:Y,1500.0,-1500.0,3,1500.0,-1500.0,I/O Intr
SR17C-DI-EBPM-11:SA:X,1500.0,-1500.0,3,1500.0,-1500.0,I/O Intr
SR17C-DI-EBPM-11:SA:Y,1500.0,-1500.0,3,1500.0,-1500.0,I/O Intr
SR17I-PC-HSTR-11:I,1500.0,-1500.0,3,1500.0,-1500.0,I/O Intr
SR17I-PC-HSTR-11:SETI,1500.0,-1500.0,3,1500.0,-1500.0,Passive
SR17I-PC-HSTR-12:I,1500.0,-1500.0,3,1500.0,-1500.0,I/O Intr
SR17I-PC-HSTR-12:SETI,1500.0,-1500.0,3,1500.0,-1500.0,Passive
SR17I-PC-VSTR-11:I,1500.0,-1500.0,3,1500.0,-1500.0,I/O Intr
SR17I-PC-VSTR-11:SETI,1500.0,-1500.0,3,1500.0,-1500.0,Passive
SR17I-PC-VSTR-12:I,1500.0,-1500.0,3,1500.0,-1500.0,I/O Intr
SR17I-PC-VSTR-12:SETI,1500.0,-1500.0,3,1500.0,-1500.0,Passive
SR18-PC-DL1:I,1500.0,-1500.0,3,1500.0,-1500.0,I/O Intr
SR18-PC-DL1:SETI,1500.0,-1500.0,3,1500.0,-1500.0,Passive
SR18-PC-DL2:I,1500.0,-1500.0,3,1500.0,-1500.0,I/O Intr
SR18-PC-DL2:SETI,1500.0,-1500.0,3,1500.0,-1500.0,Passive
SR18-PC-DL3:I,1500.0,-1500.0,3,1500.0,-1500.0,I/O Intr
SR18-PC-DL3:SETI,1500.0,-1500.0,3,1500.0,-1500.0,Passive
SR18-PC-DL4:I,1500.0,-1500.0,3,1500.0,-1500.0,I/O Intr
SR18-PC-DL4:SETI,1500.0,-1500.0,3,1500.0,-1500.0,Passive
SR18-PC-DQ1-01:I,1500.0,-1500.0,3,1500.0,-1500.0,I/O Intr
SR18-PC-DQ1-01:SETI,1500.0,-1500.0,3,1500.0,-1500.0,Passive
SR18-PC-DQ1-02:I,1500.0,-1500.0,3,1500.0,-1500.0,I/O Intr
SR18-PC-DQ1-02:SETI,1500.0,-1500.0,3,1500.0,-1500.0,Passive
SR18-PC-O1X-01:I,1500.0,-1500.0,3,1500.0,-1500.0,I/O Intr
SR18-PC-O1X-01:SETI,1500.0,-1500.0,3,1500.0,-1500.0,Passive
SR18-PC-O1X-02:I,1500.0,-1500.0,3,1500.0,-1500.0,I/O Intr
SR18-PC-O1X-02:SETI,1500.0,-1500.0,3,1500.0,-1500.0,Passive
SR18A-PC-A1N-04:I,1500.0,-1500.0,3,1500.0,-1500.0,I/O Intr
SR18A-PC-A1N-04:SETI,1500.0,-1500.0,3,1500.0,-1500.0,Passive
SR18A-PC-A1N-13:I,1500.0,-1500.0,3,1500.0,-1500.0,I/O Intr
SR18A-PC-A1N-13:SETI,1500.0,-1500.0,3,1500.0,-1500.0,Passive
SR18A-PC-A2N-05:I,1500.0,-1500.0,3,1500.0,-1500.0,I/O Intr
SR18A-PC-A2N-05:SETI,1500.0,-1500.0,3,1500.0,-1500.0,Passive
SR18A-PC-A2N-12:I,1500.0,-1500.0,3,1500.0,-1500.0,I/O Intr
SR18A-PC-A2N-12:SETI,1500.0,-1500.0,3,1500.0,-1500.0,Passive
SR18A-PC-HSTR-01:I,1500.0,-1500.0,3,1500.0,-1500.0,I/O Intr
SR18A-PC-HSTR-01:SETI,1500.0,-1500.0,3,1500.0,-1500.0,Passive
SR18A-PC-HSTR-02:I,1500.0,-1500.0,3,1500.0,-1500.0,I/O Intr
SR18A-PC-HSTR-02:SETI,1500.0,-1500.0,3,1500.0,-1500.0,Passive
SR18A-PC-HSTR-03:I,1500.0,-1500.0,3,1500.0,-1500.0,I/O Intr
SR18A-PC-HSTR-03:SETI,1500.0,-1500.0,3,1500.0,-1500.0,Passive
SR18A-PC-HSTR-04:I,1500.0,-1500.0,3,1500.0,-1500.0,I/O Intr
SR18A-PC-HSTR-04:SETI,1500.0,-1500.0,3,1500.0,-1500.0,Passive
SR18A-PC-HSTR-05:I,1500.0,-1500.0,3,1500.0,-1500.0,I/O Intr
SR18A-PC-HSTR-05:SETI,1500.0,-1500.0,3,1500.0,-1500.0,Passive
SR18A-PC-HSTR-06:I,1500.0,-1500.0,3,1500.0,-1500.0,I/O Intr
SR18A-PC-HSTR-06:SETI,1500.0,-1500.0,3,1500.0,-1500.0,Passive
SR18A-PC-HSTR-07:I,1500.0,-1500.0,3,1500.0,-1500.0,I/O Intr
SR18A-PC-HSTR-07:SETI,1500.0,-1500.0,3,1500.0,-1500.0,Passive
SR18A-PC-HSTR-08:I,1500.0,-1500.0,3,1500.0,-1500.0,I/O Intr
SR18A-PC-HSTR-08:SETI,1500.0,-1500.0,3,1500.0,-1500.0,Passive
SR18A-PC-HSTR-09:I,1500.0,-1500.0,3,1500.0,-1500.0,I/O Intr
SR18A-PC-HSTR-09:SETI,1500.0,-1500.0,3,1500.0,-1500.0,Passive
SR18A-PC-HSTR-10:I,1500.0,-1500.0,3,1500.0,-1500.0,I/O Intr
SR18A-PC-HSTR-10:SETI,1500.0,-1500.0,3,1500.0,-1500.0,Passive
SR18A-PC-HSTR-11:I,1500.0,-1500.0,3,1500.0,-1500.0,I/O Intr
SR18A-PC-HSTR-11:SETI,1500.0,-1500.0,3,1500.0,-1500.0,Passive
SR18A-PC-HSTR-12:I,1500.0,-1500.0,3,1500.0,-1500.0,I/O Intr
SR18A-PC-HSTR-12:SETI,1500.0,-1500.0,3,1500.0,-1500.0,Passive
SR18A-PC-Q1N-01:I,1500.0,-1500.0,3,1500.0,-1500.0,I/O Intr
SR18A-PC-Q1N-01:SETI,1500.0,-1500.0,3,1500.0,-1500.0,Passive
SR18A-PC-Q1N-16:I,1500.0,-1500.0,3,1500.0,-1500.0,I/O Intr
SR18A-PC-Q1N-16:SETI,1500.0,-1500.0,3,1500.0,-1500.0,Passive
SR18A-PC-Q2N-02:I,1500.0,-1500.0,3,1500.0,-1500.0,I/O Intr
SR18A-PC-Q2N-02:SETI,1500.0,-1500.0,3,1500.0,-1500.0,Passive
SR18A-PC-Q2N-15:I,1500.0,-1500.0,3,1500.0,-1500.0,I/O Intr
SR18A-PC-Q2N-15:SETI,1500.0,-1500.0,3,1500.0,-1500.0,Passive
SR18A-PC-Q3N-03:I,1500.0,-1500.0,3,1500.0,-1500.0,I/O Intr
SR18A-PC-Q3N-03:SETI,1500.0,-1500.0,3,1500.0,-1500.0,Passive
SR18A-PC-Q3N-14:I,1500.0,-1500.0,3,1500.0,-1500.0,I/O Intr
SR18A-PC-Q3N-14:SETI,1500.0,-1500.0,3,1500.0,-1500.0,Passive
SR18A-PC-Q4N-06:I,1500.0,-1500.0,3,1500.0,-1500.0,I/O Intr
SR18A-PC-Q4N-06:SETI,1500.0,-1500.0,3,1500.0,-1500.0,Passive
SR18A-PC-Q4N-11:I,1500.0,-1500.0,3,1500.0,-1500.0,I/O Intr
SR18A-PC-Q4N-11:SETI,1500.0,-1500.0,3,1500.0,-1500.0,Passive
SR18A-PC-Q5N-07:I,1500.0,-1500.0,3,1500.0,-1500.0,I/O Intr
SR18A-PC-Q5N-07:SETI,1500.0,-1500.0,3,1500.0,-1500.0,Passive
SR18A-PC-Q5N-10:I,1500.0,-1500.0,3,1500.0,-1500.0,I/O Intr
SR18A-PC-Q5N-10:SETI,1500.0,-1500.0,3,1500.0,-1500.0,Passive
SR18A-PC-Q6N-08:I,1500.0,-1500.0,3,1500.0,-1500.0,I/O Intr
SR18A-PC-Q6N-08:SETI,1500.0,-1500.0,3,1500.0,-1500.0,Passive
SR18A-PC-Q6N-09:I,1500.0,-1500.0,3,1500.0,-1500.0,I/O Intr
SR18A-PC-Q6N-09:SETI,1500.0,-1500.0,3,1500.0,-1500.0,Passive
SR18A-PC-S1X-01:I,1500.0,-1500.0,3,1500.0,-1500.0,I/O Intr
SR18A-PC-S1X-01:SETI,1500.0,-1500.0,3,1500.0,-1500.0,Passive
SR18A-PC-S1X-12:I,1500.0,-1500.0,3,1500.0,-1500.0,I/O Intr
SR18A-PC-S1X-12:SETI,1500.0,-1500.0,3,1500.0,-1500.0,Passive
SR18A-PC-S2A-02:I,1500.0,-1500.0,3,1500.0,-1500.0,I/O Intr
SR18A-PC-S2A-02:SETI,1500.0,-1500.0,3,1500.0,-1500.0,Passive
SR18A-PC-S2A-11:I,1500.0,-1500.0,3,1500.0,-1500.0,I/O Intr
SR18A-PC-S2A-11:SETI,1500.0,-1500.0,3,1500.0,-1500.0,Passive
SR18A-PC-S3A-03:I,1500.0,-1500.0,3,1500.0,-1500.0,I/O Intr
SR18A-PC-S3A-03:SETI,1500.0,-1500.0,3,1500.0,-1500.0,Passive
SR18A-PC-S3A-10:I,1500.0,-1500.0,3,1500.0,-1500.0,I/O Intr
SR18A-PC-S3A-10:SETI,1500.0,-1500.0,3,1500.0,-1500.0,Passive
SR18A-PC-S4A-04:I,1500.0,-1500.0,3,1500.0,-1500.0,I/O Intr
SR18A-PC-S4A-04:SETI,1500.0,-1500.0,3,1500.0,-1500.0,Passive
SR18A-PC-S4A-09:I,1500.0,-1500.0,3,1500.0,-1500.0,I/O Intr
SR18A-PC-S4A-09:SETI,1500.0,-1500.0,3,1500.0,-1500.0,Passive
SR18A-PC-S5X-05:I,1500.0,-1500.0,3,1500.0,-1500.0,I/O Intr
SR18A-PC-S5X-05:SETI,1500.0,-1500.0,3,1500.0,-1500.0,Passive
SR18A-PC-S5X-08:I,1500.0,-1500.0,3,1500.0,-1500.0,I/O Intr
SR18A-PC-S5X-08:SETI,1500.0,-1500.0,3,1500.0,-1500.0,Passive
SR18A-PC-S6X-06:I,1500.0,-1500.0,3,1500.0,-1500.0,I/O Intr
SR18A-PC-S6X-06:SETI,1500.0,-1500.0,3,1500.0,-1500.0,Passive
SR18A-PC-S6X-07:I,1500.0,-1500.0,3,1500.0,-1500.0,I/O Intr
SR18A-PC-S6X-07:SETI,1500.0,-1500.0,3,1500.0,-1500.0,Passive
SR18A-PC-SQUAD-01:I,1500.0,-1500.0,3,1500.0,-1500.0,I/O Intr
SR18A-PC-SQUAD-01:SETI,1500.0,-1500.0,3,1500.0,-1500.0,Passive
SR18A-PC-SQUAD-02:I,1500.0,-1500.0,3,1500.0,-1500.0,I/O Intr
SR18A-PC-SQUAD-02:SETI,1500.0,-1500.0,3,1500.0,-1500.0,Passive
SR18A-PC-SQUAD-03:I,1500.0,-1500.0,3,1500.0,-1500.0,I/O Intr
SR18A-PC-SQUAD-03:SETI,1500.0,-1500.0,3,1500.0,-1500.0,Passive
SR18A-PC-SQUAD-04:I,1500.0,-1500.0,3,1500.0,-1500.0,I/O Intr
SR18A-PC-SQUAD-04:SETI,1500.0,-1500.0,3,1500.0,-1500.0,Passive
SR18A-PC-SQUAD-05:I,1500.0,-1500.0,3,1500.0,-1500.0,I/O Intr
SR18A-PC-SQUAD-05:SETI,1500.0,-1500.0,3,1500.0,-1500.0,Passive
SR18A-PC-SQUAD-06:I,1500.0,-1500.0,3,1500.0,-1500.0,I/O Intr
SR18A-PC-SQUAD-06:SETI,1500.0,-1500.0,3,1500.0,-1500.0,Passive
SR18A-PC-SQUAD-07:I,1500.0,-1500.0,3,1500.0,-1500.0,I/O Intr
SR18A-PC-SQUAD-07:SETI,1500.0,-1500.0,3,1500.0,-1500.0,Passive
SR18A-PC-SQUAD-08:I,1500.0,-1500.0,3,1500.0,-1500.0,I/O Intr
SR18A-PC-SQUAD-08:SETI,1500.0,-1500.0,3,1500.0,-1500.0,Passive
SR18A-PC-SQUAD-09:I,1500.0,-1500.0,3,1500.0,-1500.0,I/O Intr
SR18A-PC-SQUAD-09:SETI,1500.0,-1500.0,3,1500.0,-1500.0,Passive
SR18A-PC-SQUAD-10:I,1500.0,-1500.0,3,1500.0,-1500.0,I/O Intr
SR18A-PC-SQUAD-10:SETI,1500.0,-1500.0,3,1500.0,-1500.0,Passive
SR18A-PC-SQUAD-11:I,1500.0,-1500.0,3,1500.0,-1500.0,I/O Intr
SR18A-PC-SQUAD-11:SETI,1500.0,-1500.0,3,1500.0,-1500.0,Passive
SR18A-PC-SQUAD-12:I,1500.0,-1500.0,3,1500.0,-1500.0,I/O Intr
SR18A-PC-SQUAD-12:SETI,1500.0,-1500.0,3,1500.0,-1500.0,Passive
SR18A-PC-VSTR-01:I,1500.0,-1500.0,3,1500.0,-1500.0,I/O Intr
SR18A-PC-VSTR-01:SETI,1500.0,-1500.0,3,1500.0,-1500.0,Passive
SR18A-PC-VSTR-02:I,1500.0,-1500.0,3,1500.0,-1500.0,I/O Intr
SR18A-PC-VSTR-02:SETI,1500.0,-1500.0,3,1500.0,-1500.0,Passive
SR18A-PC-VSTR-03:I,1500.0,-1500.0,3,1500.0,-1500.0,I/O Intr
SR18A-PC-VSTR-03:SETI,1500.0,-1500.0,3,1500.0,-1500.0,Passive
SR18A-PC-VSTR-04:I,1500.0,-1500.0,3,1500.0,-1500.0,I/O Intr
SR18A-PC-VSTR-04:SETI,1500.0,-1500.0,3,1500.0,-1500.0,Passive
SR18A-PC-VSTR-05:I,1500.0,-1500.0,3,1500.0,-1500.0,I/O Intr
SR18A-PC-VSTR-05:SETI,1500.0,-1500.0,3,1500.0,-1500.0,Passive
SR18A-PC-VSTR-06:I,1500.0,-1500.0,3,1500.0,-1500.0,I/O Intr
SR18A-PC-VSTR-06:SETI,1500.0,-1500.0,3,1500.0,-1500.0,Passive
SR18A-PC-VSTR-07:I,1500.0,-1500.0,3,1500.0,-1500.0,I/O Intr
SR18A-PC-VSTR-07:SETI,1500.0,-1500.0,3,1500.0,-1500.0,Passive
SR18A-PC-VSTR-08:I,1500.0,-1500.0,3,1500.0,-1500.0,I/O Intr
SR18A-PC-VSTR-08:SETI,1500.0,-1500.0,3,1500.0,-1500.0,Passive
SR18A-PC-VSTR-09:I,1500.0,-1500.0,3,1500.0,-1500.0,I/O Intr
SR18A-PC-VSTR-09:SETI,1500.0,-1500.0,3,1500.0,-1500.0,Passive
SR18A-PC-VSTR-10:I,1500.0,-1500.0,3,1500.0,-1500.0,I/O Intr
SR18A-PC-VSTR-10:SETI,1500.0,-1500.0,3,1500.0,-1500.0,Passive
SR18A-PC-VSTR-11:I,1500.0,-1500.0,3,1500.0,-1500.0,I/O Intr
SR18A-PC-VSTR-11:SETI,1500.0,-1500.0,3,1500.0,-1500.0,Passive
SR18A-PC-VSTR-12:I,1500.0,-1500.0,3,1500.0,-1500.0,I/O Intr
SR18A-PC-VSTR-12:SETI,1500.0,-1500.0,3,1500.0,-1500.0,Passive
SR18C-DI-EBPM-01:SA:X,1500.0,-1500.0,3,1500.0,-1500.0,I/O Intr
SR18C-DI-EBPM-01:SA:Y,1500.0,-1500.0,3,1500.0,-1500.0,I/O Intr
SR18C-DI-EBPM-02:SA:X,1500.0,-1500.0,3,1500.0,-1500.0,I/O Intr
SR18C-DI-EBPM-02:SA:Y,1500.0,-1500.0,3,1500.0,-1500.0,I/O Intr
SR18C-DI-EBPM-03:SA:X,1500.0,-1500.0,3,1500.0,-1500.0,I/O Intr
SR18C-DI-EBPM-03:SA:Y,1500.0,-1500.0,3,1500.0,-1500.0,I/O Intr
SR18C-DI-EBPM-04:SA:X,1500.0,-1500.0,3,1500.0,-1500.0,I/O Intr
SR18C-DI-EBPM-04:SA:Y,1500.0,-1500.0,3,1500.0,-1500.0,I/O Intr
SR18C-DI-EBPM-05:SA:X,1500.0,-1500.0,3,1500.0,-1500.0,I/O Intr
SR18C-DI-EBPM-05:SA:Y,1500.0,-1500.0,3,1500.0,-1500.0,I/O Intr
SR18C-DI-EBPM-06:SA:X,1500.0,-1500.0,3,1500.0,-1500.0,I/O Intr
SR18C-DI-EBPM-06:SA:Y,1500.0,-1500.0,3,1500.0,-1500.0,I/O Intr
SR18C-DI-EBPM-07:SA:X,1500.0,-1500.0,3,1500.0,-1500.0,I/O Intr
SR18C-DI-EBPM-07:SA:Y,1500.0,-1500.0,3,1500.0,-1500.0,I/O Intr
SR18C-DI-EBPM-08:SA:X,1500.0,-1500.0,3,1500.0,-1500.0,I/O Intr
SR18C-DI-EBPM-08:SA:Y,1500.0,-1500.0,3,1500.0,-1500.0,I/O Intr
SR18C-DI-EBPM-09:SA:X,1500.0,-1500.0,3,1500.0,-1500.0,I/O Intr
SR18C-DI-EBPM-09:SA:Y,1500.0,-1500.0,3,1500.0,-1500.0,I/O Intr
SR18C-DI-EBPM-10:SA:X,1500.0,-1500.0,3,1500.0,-1500.0,I/O Intr
SR18C-DI-EBPM-10:SA:Y,1500.0,-1500.0,3,1500.0,-1500.0,I/O Intr
SR18I-PC-HSTR-11:I,1500.0,-1500.0,3,1500.0,-1500.0,I/O Intr
SR18I-PC-HSTR-11:SETI,1500.0,-1500.0,3,1500.0,-1500.0,Passive
SR18I-PC-HSTR-12:I,1500.0,-1500.0,3,1500.0,-1500.0,I/O Intr
SR18I-PC-HSTR-12:SETI,1500.0,-1500.0,3,1500.0,-1500.0,Passive
SR18I-PC-VSTR-11:I,1500.0,-1500.0,3,1500.0,-1500.0,I/O Intr
SR18I-PC-VSTR-11:SETI,1500.0,-1500.0,3,1500.0,-1500.0,Passive
SR18I-PC-VSTR-12:I,1500.0,-1500.0,3,1500.0,-1500.0,I/O Intr
SR18I-PC-VSTR-12:SETI,1500.0,-1500.0,3,1500.0,-1500.0,Passive
SR19-PC-DL1:I,1500.0,-1500.0,3,1500.0,-1500.0,I/O Intr
SR19-PC-DL1:SETI,1500.0,-1500.0,3,1500.0,-1500.0,Passive
SR19-PC-DL2:I,1500.0,-1500.0,3,1500.0,-1500.0,I/O Intr
SR19-PC-DL2:SETI,1500.0,-1500.0,3,1500.0,-1500.0,Passive
SR19-PC-DL3:I,1500.0,-1500.0,3,1500.0,-1500.0,I/O Intr
SR19-PC-DL3:SETI,1500.0,-1500.0,3,1500.0,-1500.0,Passive
SR19-PC-DL4:I,1500.0,-1500.0,3,1500.0,-1500.0,I/O Intr
SR19-PC-DL4:SETI,1500.0,-1500.0,3,1500.0,-1500.0,Passive
SR19-PC-DQ1-01:I,1500.0,-1500.0,3,1500.0,-1500.0,I/O Intr
SR19-PC-DQ1-01:SETI,1500.0,-1500.0,3,1500.0,-1500.0,Passive
SR19-PC-DQ1-02:I,1500.0,-1500.0,3,1500.0,-1500.0,I/O Intr
SR19-PC-DQ1-02:SETI,1500.0,-1500.0,3,1500.0,-1500.0,Passive
SR19-PC-O1X-01:I,1500.0,-1500.0,3,1500.0,-1500.0,I/O Intr
SR19-PC-O1X-01:SETI,1500.0,-1500.0,3,1500.0,-1500.0,Passive
SR19-PC-O1X-02:I,1500.0,-1500.0,3,1500.0,-1500.0,I/O Intr
SR19-PC-O1X-02:SETI,1500.0,-1500.0,3,1500.0,-1500.0,Passive
SR19A-PC-A1N-04:I,1500.0,-1500.0,3,1500.0,-1500.0,I/O Intr
SR19A-PC-A1N-04:SETI,1500.0,-1500.0,3,1500.0,-1500.0,Passive
SR19A-PC-A1N-13:I,1500.0,-1500.0,3,1500.0,-1500.0,I/O Intr
SR19A-PC-A1N-13:SETI,1500.0,-1500.0,3,1500.0,-1500.0,Passive
SR19A-PC-A2N-05:I,1500.0,-1500.0,3,1500.0,-1500.0,I/O Intr
SR19A-PC-A2N-05:SETI,1500.0,-1500.0,3,1500.0,-1500.0,Passive
SR19A-PC-A2N-12:I,1500.0,-1500.0,3,1500.0,-1500.0,I/O Intr
SR19A-PC-A2N-12:SETI,1500.0,-1500.0,3,1500.0,-1500.0,Passive
SR19A-PC-HSTR-01:I,1500.0,-1500.0,3,1500.0,-1500.0,I/O Intr
SR19A-PC-HSTR-01:SETI,1500.0,-1500.0,3,1500.0,-1500.0,Passive
SR19A-PC-HSTR-02:I,1500.0,-1500.0,3,1500.0,-1500.0,I/O Intr
SR19A-PC-HSTR-02:SETI,1500.0,-1500.0,3,1500.0,-1500.0,Passive
SR19A-PC-HSTR-03:I,1500.0,-1500.0,3,1500.0,-1500.0,I/O Intr
SR19A-PC-HSTR-03:SETI,1500.0,-1500.0,3,1500.0,-1500.0,Passive
SR19A-PC-HSTR-04:I,1500.0,-1500.0,3,1500.0,-1500.0,I/O Intr
SR19A-PC-HSTR-04:SETI,1500.0,-1500.0,3,1500.0,-1500.0,Passive
SR19A-PC-HSTR-05:I,1500.0,-1500.0,3,1500.0,-1500.0,I/O Intr
SR19A-PC-HSTR-05:SETI,1500.0,-1500.0,3,1500.0,-1500.0,Passive
SR19A-PC-HSTR-06:I,1500.0,-1500.0,3,1500.0,-1500.0,I/O Intr
SR19A-PC-HSTR-06:SETI,1500.0,-1500.0,3,1500.0,-1500.0,Passive
SR19A-PC-HSTR-07:I,1500.0,-1500.0,3,1500.0,-1500.0,I/O Intr
SR19A-PC-HSTR-07:SETI,1500.0,-1500.0,3,1500.0,-1500.0,Passive
SR19A-PC-HSTR-08:I,1500.0,-1500.0,3,1500.0,-1500.0,I/O Intr
SR19A-PC-HSTR-08:SETI,1500.0,-1500.0,3,1500.0,-1500.0,Passive
SR19A-PC-HSTR-09:I,1500.0,-1500.0,3,1500.0,-1500.0,I/O Intr
SR19A-PC-HSTR-09:SETI,1500.0,-1500.0,3,1500.0,-1500.0,Passive
SR19A-PC-HSTR-10:I,1500.0,-1500.0,3,1500.0,-1500.0,I/O Intr
SR19A-PC-HSTR-10:SETI,1500.0,-1500.0,3,1500.0,-1500.0,Passive
SR19A-PC-HSTR-11:I,1500.0,-1500.0,3,1500.0,-1500.0,I/O Intr
SR19A-PC-HSTR-11:SETI,1500.0,-1500.0,3,1500.0,-1500.0,Passive
SR19A-PC-HSTR-12:I,1500.0,-1500.0,3,1500.0,-1500.0,I/O Intr
SR19A-PC-HSTR-12:SETI,1500.0,-1500.0,3,1500.0,-1500.0,Passive
SR19A-PC-Q1N-01:I,1500.0,-1500.0,3,1500.0,-1500.0,I/O Intr
SR19A-PC-Q1N-01:SETI,1500.0,-1500.0,3,1500.0,-1500.0,Passive
SR19A-PC-Q1N-16:I,1500.0,-1500.0,3,1500.0,-1500.0,I/O Intr
SR19A-PC-Q1N-16:SETI,1500.0,-1500.0,3,1500.0,-1500.0,Passive
SR19A-PC-Q2N-02:I,1500.0,-1500.0,3,1500.0,-1500.0,I/O Intr
SR19A-PC-Q2N-02:SETI,1500.0,-1500.0,3,1500.0,-1500.0,Passive
SR19A-PC-Q2N-15:I,1500.0,-1500.0,3,1500.0,-1500.0,I/O Intr
SR19A-PC-Q2N-15:SETI,1500.0,-1500.0,3,1500.0,-1500.0,Passive
SR19A-PC-Q3N-03:I,1500.0,-1500.0,3,1500.0,-1500.0,I/O Intr
SR19A-PC-Q3N-03:SETI,1500.0,-1500.0,3,1500.0,-1500.0,Passive
SR19A-PC-Q3N-14:I,1500.0,-1500.0,3,1500.0,-1500.0,I/O Intr
SR19A-PC-Q3N-14:SETI,1500.0,-1500.0,3,1500.0,-1500.0,Passive
SR19A-PC-Q4N-06:I,1500.0,-1500.0,3,1500.0,-1500.0,I/O Intr
SR19A-PC-Q4N-06:SETI,1500.0,-1500.0,3,1500.0,-1500.0,Passive
SR19A-PC-Q4N-11:I,1500.0,-1500.0,3,1500.0,-1500.0,I/O Intr
SR19A-PC-Q4N-11:SETI,1500.0,-1500.0,3,1500.0,-1500.0,Passive
SR19A-PC-Q5N-07:I,1500.0,-1500.0,3,1500.0,-1500.0,I/O Intr
SR19A-PC-Q5N-07:SETI,1500.0,-1500.0,3,1500.0,-1500.0,Passive
SR19A-PC-Q5N-10:I,1500.0,-1500.0,3,1500.0,-1500.0,I/O Intr
SR19A-PC-Q5N-10:SETI,1500.0,-1500.0,3,1500.0,-1500.0,Passive
SR19A-PC-Q6N-08:I,1500.0,-1500.0,3,1500.0,-1500.0,I/O Intr
SR19A-PC-Q6N-08:SETI,1500.0,-1500.0,3,1500.0,-1500.0,Passive
SR19A-PC-Q6N-09:I,1500.0,-1500.0,3,1500.0,-1500.0,I/O Intr
SR19A-PC-Q6N-09:SETI,1500.0,-1500.0,3,1500.0,-1500.0,Passive
SR19A-PC-S1X-01:I,1500.0,-1500.0,3,1500.0,-1500.0,I/O Intr
SR19A-PC-S1X-01:SETI,1500.0,-1500.0,3,1500.0,-1500.0,Passive
SR19A-PC-S1X-12:I,1500.0,-1500.0,3,1500.0,-1500.0,I/O Intr
SR19A-PC-S1X-12:SETI,1500.0,-1500.0,3,1500.0,-1500.0,Passive
SR19A-PC-S2A-02:I,1500.0,-1500.0,3,1500.0,-1500.0,I/O Intr
SR19A-PC-S2A-02:SETI,1500.0,-1500.0,3,1500.0,-1500.0,Passive
SR19A-PC-S2A-11:I,1500.0,-1500.0,3,1500.0,-1500.0,I/O Intr
SR19A-PC-S2A-11:SETI,1500.0,-1500.0,3,1500.0,-1500.0,Passive
SR19A-PC-S3A-03:I,1500.0,-1500.0,3,1500.0,-1500.0,I/O Intr
SR19A-PC-S3A-03:SETI,1500.0,-1500.0,3,1500.0,-1500.0,Passive
SR19A-PC-S3A-10:I,1500.0,-1500.0,3,1500.0,-1500.0,I/O Intr
SR19A-PC-S3A-10:SETI,1500.0,-1500.0,3,1500.0,-1500.0,Passive
SR19A-PC-S4A-04:I,1500.0,-1500.0,3,1500.0,-1500.0,I/O Intr
SR19A-PC-S4A-04:SETI,1500.0,-1500.0,3,1500.0,-1500.0,Passive
SR19A-PC-S4A-09:I,1500.0,-1500.0,3,1500.0,-1500.0,I/O Intr
SR19A-PC-S4A-09:SETI,1500.0,-1500.0,3,1500.0,-1500.0,Passive
SR19A-PC-S5X-05:I,1500.0,-1500.0,3,1500.0,-1500.0,I/O Intr
SR19A-PC-S5X-05:SETI,1500.0,-1500.0,3,1500.0,-1500.0,Passive
SR19A-PC-S5X-08:I,1500.0,-1500.0,3,1500.0,-1500.0,I/O Intr
SR19A-PC-S5X-08:SETI,1500.0,-1500.0,3,1500.0,-1500.0,Passive
SR19A-PC-S6X-06:I,1500.0,-1500.0,3,1500.0,-1500.0,I/O Intr
SR19A-PC-S6X-06:SETI,1500.0,-1500.0,3,1500.0,-1500.0,Passive
SR19A-PC-S6X-07:I,1500.0,-1500.0,3,1500.0,-1500.0,I/O Intr
SR19A-PC-S6X-07:SETI,1500.0,-1500.0,3,1500.0,-1500.0,Passive
SR19A-PC-SQUAD-01:I,1500.0,-1500.0,3,1500.0,-1500.0,I/O Intr
SR19A-PC-SQUAD-01:SETI,1500.0,-1500.0,3,1500.0,-1500.0,Passive
SR19A-PC-SQUAD-02:I,1500.0,-1500.0,3,1500.0,-1500.0,I/O Intr
SR19A-PC-SQUAD-02:SETI,1500.0,-1500.0,3,1500.0,-1500.0,Passive
SR19A-PC-SQUAD-03:I,1500.0,-1500.0,3,1500.0,-1500.0,I/O Intr
SR19A-PC-SQUAD-03:SETI,1500.0,-1500.0,3,1500.0,-1500.0,Passive
SR19A-PC-SQUAD-04:I,1500.0,-1500.0,3,1500.0,-1500.0,I/O Intr
SR19A-PC-SQUAD-04:SETI,1500.0,-1500.0,3,1500.0,-1500.0,Passive
SR19A-PC-SQUAD-05:I,1500.0,-1500.0,3,1500.0,-1500.0,I/O Intr
SR19A-PC-SQUAD-05:SETI,1500.0,-1500.0,3,1500.0,-1500.0,Passive
SR19A-PC-SQUAD-06:I,1500.0,-1500.0,3,1500.0,-1500.0,I/O Intr
SR19A-PC-SQUAD-06:SETI,1500.0,-1500.0,3,1500.0,-1500.0,Passive
SR19A-PC-SQUAD-07:I,1500.0,-1500.0,3,1500.0,-1500.0,I/O Intr
SR19A-PC-SQUAD-07:SETI,1500.0,-1500.0,3,1500.0,-1500.0,Passive
SR19A-PC-SQUAD-08:I,1500.0,-1500.0,3,1500.0,-1500.0,I/O Intr
SR19A-PC-SQUAD-08:SETI,1500.0,-1500.0,3,1500.0,-1500.0,Passive
SR19A-PC-SQUAD-09:I,1500.0,-1500.0,3,1500.0,-1500.0,I/O Intr
SR19A-PC-SQUAD-09:SETI,1500.0,-1500.0,3,1500.0,-1500.0,Passive
SR19A-PC-SQUAD-10:I,1500.0,-1500.0,3,1500.0,-1500.0,I/O Intr
SR19A-PC-SQUAD-10:SETI,1500.0,-1500.0,3,1500.0,-1500.0,Passive
SR19A-PC-SQUAD-11:I,1500.0,-1500.0,3,1500.0,-1500.0,I/O Intr
SR19A-PC-SQUAD-11:SETI,1500.0,-1500.0,3,1500.0,-1500.0,Passive
SR19A-PC-SQUAD-12:I,1500.0,-1500.0,3,1500.0,-1500.0,I/O Intr
SR19A-PC-SQUAD-12:SETI,1500.0,-1500.0,3,1500.0,-1500.0,Passive
SR19A-PC-VSTR-01:I,1500.0,-1500.0,3,1500.0,-1500.0,I/O Intr
SR19A-PC-VSTR-01:SETI,1500.0,-1500.0,3,1500.0,-1500.0,Passive
SR19A-PC-VSTR-02:I,1500.0,-1500.0,3,1500.0,-1500.0,I/O Intr
SR19A-PC-VSTR-02:SETI,1500.0,-1500.0,3,1500.0,-1500.0,Passive
SR19A-PC-VSTR-03:I,1500.0,-1500.0,3,1500.0,-1500.0,I/O Intr
SR19A-PC-VSTR-03:SETI,1500.0,-1500.0,3,1500.0,-1500.0,Passive
SR19A-PC-VSTR-04:I,1500.0,-1500.0,3,1500.0,-1500.0,I/O Intr
SR19A-PC-VSTR-04:SETI,1500.0,-1500.0,3,1500.0,-1500.0,Passive
SR19A-PC-VSTR-05:I,1500.0,-1500.0,3,1500.0,-1500.0,I/O Intr
SR19A-PC-VSTR-05:SETI,1500.0,-1500.0,3,1500.0,-1500.0,Passive
SR19A-PC-VSTR-06:I,1500.0,-1500.0,3,1500.0,-1500.0,I/O Intr
SR19A-PC-VSTR-06:SETI,1500.0,-1500.0,3,1500.0,-1500.0,Passive
SR19A-PC-VSTR-07:I,1500.0,-1500.0,3,1500.0,-1500.0,I/O Intr
SR19A-PC-VSTR-07:SETI,1500.0,-1500.0,3,1500.0,-1500.0,Passive
SR19A-PC-VSTR-08:I,1500.0,-1500.0,3,1500.0,-1500.0,I/O Intr
SR19A-PC-VSTR-08:SETI,1500.0,-1500.0,3,1500.0,-1500.0,Passive
SR19A-PC-VSTR-09:I,1500.0,-1500.0,3,1500.0,-1500.0,I/O Intr
SR19A-PC-VSTR-09:SETI,1500.0,-1500.0,3,1500.0,-1500.0,Passive
SR19A-PC-VSTR-10:I,1500.0,-1500.0,3,1500.0,-1500.0,I/O Intr
SR19A-PC-VSTR-10:SETI,1500.0,-1500.0,3,1500.0,-1500.0,Passive
SR19A-PC-VSTR-11:I,1500.0,-1500.0,3,1500.0,-1500.0,I/O Intr
SR19A-PC-VSTR-11:SETI,1500.0,-1500.0,3,1500.0,-1500.0,Passive
SR19A-PC-VSTR-12:I,1500.0,-1500.0,3,1500.0,-1500.0,I/O Intr
SR19A-PC-VSTR-12:SETI,1500.0,-1500.0,3,1500.0,-1500.0,Passive
SR19C-DI-EBPM-01:SA:X,1500.0,-1500.0,3,1500.0,-1500.0,I/O Intr
SR19C-DI-EBPM-01:SA:Y,1500.0,-1500.0,3,1500.0,-1500.0,I/O Intr
SR19C-DI-EBPM-02:SA:X,1500.0,-1500.0,3,1500.0,-1500.0,I/O Intr
SR19C-DI-EBPM-02:SA:Y,1500.0,-1500.0,3,1500.0,-1500.0,I/O Intr
SR19C-DI-EBPM-03:SA:X,1500.0,-1500.0,3,1500.0,-1500.0,I/O Intr
SR19C-DI-EBPM-03:SA:Y,1500.0,-1500.0,3,1500.0,-1500.0,I/O Intr
SR19C-DI-EBPM-04:SA:X,1500.0,-1500.0,3,1500.0,-1500.0,I/O Intr
SR19C-DI-EBPM-04:SA:Y,1500.0,-1500.0,3,1500.0,-1500.0,I/O Intr
SR19C-DI-EBPM-05:SA:X,1500.0,-1500.0,3,1500.0,-1500.0,I/O Intr
SR19C-DI-EBPM-05:SA:Y,1500.0,-1500.0,3,1500.0,-1500.0,I/O Intr
SR19C-DI-EBPM-06:SA:X,1500.0,-1500.0,3,1500.0,-1500.0,I/O Intr
SR19C-DI-EBPM-06:SA:Y,1500.0,-1500.0,3,1500.0,-1500.0,I/O Intr
SR19C-DI-EBPM-07:SA:X,1500.0,-1500.0,3,1500.0,-1500.0,I/O Intr
SR19C-DI-EBPM-07:SA:Y,1500.0,-1500.0,3,1500.0,-1500.0,I/O Intr
SR19C-DI-EBPM-08:SA:X,1500.0,-1500.0,3,1500.0,-1500.0,I/O Intr
SR19C-DI-EBPM-08:SA:Y,1500.0,-1500.0,3,1500.0,-1500.0,I/O Intr
SR19C-DI-EBPM-09:SA:X,1500.0,-1500.0,3,1500.0,-1500.0,I/O Intr
SR19C-DI-EBPM-09:SA:Y,1500.0,-1500.0,3,1500.0,-1500.0,I/O Intr
SR19C-DI-EBPM-10:SA:X,1500.0,-1500.0,3,1500.0,-1500.0,I/O Intr
SR19C-DI-EBPM-10:SA:Y,1500.0,-1500.0,3,1500.0,-1500.0,I/O Intr
SR19I-PC-HSTR-11:I,1500.0,-1500.0,3,1500.0,-1500.0,I/O Intr
SR19I-PC-HSTR-11:SETI,1500.0,-1500.0,3,1500.0,-1500.0,Passive
SR19I-PC-HSTR-12:I,1500.0,-1500.0,3,1500.0,-1500.0,I/O Intr
SR19I-PC-HSTR-12:SETI,1500.0,-1500.0,3,1500.0,-1500.0,Passive
SR19I-PC-VSTR-11:I,1500.0,-1500.0,3,1500.0,-1500.0,I/O Intr
SR19I-PC-VSTR-11:SETI,1500.0,-1500.0,3,1500.0,-1500.0,Passive
SR19I-PC-VSTR-12:I,1500.0,-1500.0,3,1500.0,-1500.0,I/O Intr
SR19I-PC-VSTR-12:SETI,1500.0,-1500.0,3,1500.0,-1500.0,Passive
SR20-PC-DL1:I,1500.0,-1500.0,3,1500.0,-1500.0,I/O Intr
SR20-PC-DL1:SETI,1500.0,-1500.0,3,1500.0,-1500.0,Passive
SR20-PC-DL2:I,1500.0,-1500.0,3,1500.0,-1500.0,I/O Intr
SR20-PC-DL2:SETI,1500.0,-1500.0,3,1500.0,-1500.0,Passive
SR20-PC-DL3:I,1500.0,-1500.0,3,1500.0,-1500.0,I/O Intr
SR20-PC-DL3:SETI,1500.0,-1500.0,3,1500.0,-1500.0,Passive
SR20-PC-DL4:I,1500.0,-1500.0,3,1500.0,-1500.0,I/O Intr
SR20-PC-DL4:SETI,1500.0,-1500.0,3,1500.0,-1500.0,Passive
SR20-PC-DQ1-01:I,1500.0,-1500.0,3,1500.0,-1500.0,I/O Intr
SR20-PC-DQ1-01:SETI,1500.0,-1500.0,3,1500.0,-1500.0,Passive
SR20-PC-DQ1-02:I,1500.0,-1500.0,3,1500.0,-1500.0,I/O Intr
SR20-PC-DQ1-02:SETI,1500.0,-1500.0,3,1500.0,-1500.0,Passive
SR20-PC-O0X-01:I,1500.0,-1500.0,3,1500.0,-1500.0,I/O Intr
SR20-PC-O0X-01:SETI,1500.0,-1500.0,3,1500.0,-1500.0,Passive
SR20-PC-O1X-01:I,1500.0,-1500.0,3,1500.0,-1500.0,I/O Intr
SR20-PC-O1X-01:SETI,1500.0,-1500.0,3,1500.0,-1500.0,Passive
SR20-PC-O1X-02:I,1500.0,-1500.0,3,1500.0,-1500.0,I/O Intr
SR20-PC-O1X-02:SETI,1500.0,-1500.0,3,1500.0,-1500.0,Passive
SR20A-PC-A1L-13:I,1500.0,-1500.0,3,1500.0,-1500.0,I/O Intr
SR20A-PC-A1L-13:SETI,1500.0,-1500.0,3,1500.0,-1500.0,Passive
SR20A-PC-A1N-04:I,1500.0,-1500.0,3,1500.0,-1500.0,I/O Intr
SR20A-PC-A1N-04:SETI,1500.0,-1500.0,3,1500.0,-1500.0,Passive
SR20A-PC-A2L-12:I,1500.0,-1500.0,3,1500.0,-1500.0,I/O Intr
SR20A-PC-A2L-12:SETI,1500.0,-1500.0,3,1500.0,-1500.0,Passive
SR20A-PC-A2N-05:I,1500.0,-1500.0,3,1500.0,-1500.0,I/O Intr
SR20A-PC-A2N-05:SETI,1500.0,-1500.0,3,1500.0,-1500.0,Passive
SR20A-PC-HSTR-01:I,1500.0,-1500.0,3,1500.0,-1500.0,I/O Intr
SR20A-PC-HSTR-01:SETI,1500.0,-1500.0,3,1500.0,-1500.0,Passive
SR20A-PC-HSTR-02:I,1500.0,-1500.0,3,1500.0,-1500.0,I/O Intr
SR20A-PC-HSTR-02:SETI,1500.0,-1500.0,3,1500.0,-1500.0,Passive
SR20A-PC-HSTR-03:I,1500.0,-1500.0,3,1500.0,-1500.0,I/O Intr
SR20A-PC-HSTR-03:SETI,1500.0,-1500.0,3,1500.0,-1500.0,Passive
SR20A-PC-HSTR-04:I,1500.0,-1500.0,3,1500.0,-1500.0,I/O Intr
SR20A-PC-HSTR-04:SETI,1500.0,-1500.0,3,1500.0,-1500.0,Passive
SR20A-PC-HSTR-05:I,1500.0,-1500.0,3,1500.0,-1500.0,I/O Intr
SR20A-PC-HSTR-05:SETI,1500.0,-1500.0,3,1500.0,-1500.0,Passive
SR20A-PC-HSTR-06:I,1500.0,-1500.0,3,1500.0,-1500.0,I/O Intr
SR20A-PC-HSTR-06:SETI,1500.0,-1500.0,3,1500.0,-1500.0,Passive
SR20A-PC-HSTR-07:I,1500.0,-1500.0,3,1500.0,-1500.0,I/O Intr
SR20A-PC-HSTR-07:SETI,1500.0,-1500.0,3,1500.0,-1500.0,Passive
SR20A-PC-HSTR-08:I,1500.0,-1500.0,3,1500.0,-1500.0,I/O Intr
SR20A-PC-HSTR-08:SETI,1500.0,-1500.0,3,1500.0,-1500.0,Passive
SR20A-PC-HSTR-09:I,1500.0,-1500.0,3,1500.0,-1500.0,I/O Intr
SR20A-PC-HSTR-09:SETI,1500.0,-1500.0,3,1500.0,-1500.0,Passive
SR20A-PC-HSTR-10:I,1500.0,-1500.0,3,1500.0,-1500.0,I/O Intr
SR20A-PC-HSTR-10:SETI,1500.0,-1500.0,3,1500.0,-1500.0,Passive
SR20A-PC-HSTR-11:I,1500.0,-1500.0,3,1500.0,-1500.0,I/O Intr
SR20A-PC-HSTR-11:SETI,1500.0,-1500.0,3,1500.0,-1500.0,Passive
SR20A-PC-HSTR-12:I,1500.0,-1500.0,3,1500.0,-1500.0,I/O Intr
SR20A-PC-HSTR-12:SETI,1500.0,-1500.0,3,1500.0,-1500.0,Passive
SR20A-PC-Q0L-17:I,1500.0,-1500.0,3,1500.0,-1500.0,I/O Intr
SR20A-PC-Q0L-17:SETI,1500.0,-1500.0,3,1500.0,-1500.0,Passive
SR20A-PC-Q1L-16:I,1500.0,-1500.0,3,1500.0,-1500.0,I/O Intr
SR20A-PC-Q1L-16:SETI,1500.0,-1500.0,3,1500.0,-1500.0,Passive
SR20A-PC-Q1N-01:I,1500.0,-1500.0,3,1500.0,-1500.0,I/O Intr
SR20A-PC-Q1N-01:SETI,1500.0,-1500.0,3,1500.0,-1500.0,Passive
SR20A-PC-Q2L-15:I,1500.0,-1500.0,3,1500.0,-1500.0,I/O Intr
SR20A-PC-Q2L-15:SETI,1500.0,-1500.0,3,1500.0,-1500.0,Passive
SR20A-PC-Q2N-02:I,1500.0,-1500.0,3,1500.0,-1500.0,I/O Intr
SR20A-PC-Q2N-02:SETI,1500.0,-1500.0,3,1500.0,-1500.0,Passive
SR20A-PC-Q3L-14:I,1500.0,-1500.0,3,1500.0,-1500.0,I/O Intr
SR20A-PC-Q3L-14:SETI,1500.0,-1500.0,3,1500.0,-1500.0,Passive
SR20A-PC-Q3N-03:I,1500.0,-1500.0,3,1500.0,-1500.0,I/O Intr
SR20A-PC-Q3N-03:SETI,1500.0,-1500.0,3,1500.0,-1500.0,Passive
SR20A-PC-Q4N-06:I,1500.0,-1500.0,3,1500.0,-1500.0,I/O Intr
SR20A-PC-Q4N-06:SETI,1500.0,-1500.0,3,1500.0,-1500.0,Passive
SR20A-PC-Q4N-11:I,1500.0,-1500.0,3,1500.0,-1500.0,I/O Intr
SR20A-PC-Q4N-11:SETI,1500.0,-1500.0,3,1500.0,-1500.0,Passive
SR20A-PC-Q5N-07:I,1500.0,-1500.0,3,1500.0,-1500.0,I/O Intr
SR20A-PC-Q5N-07:SETI,1500.0,-1500.0,3,1500.0,-1500.0,Passive
SR20A-PC-Q5N-10:I,1500.0,-1500.0,3,1500.0,-1500.0,I/O Intr
SR20A-PC-Q5N-10:SETI,1500.0,-1500.0,3,1500.0,-1500.0,Passive
SR20A-PC-Q6N-08:I,1500.0,-1500.0,3,1500.0,-1500.0,I/O Intr
SR20A-PC-Q6N-08:SETI,1500.0,-1500.0,3,1500.0,-1500.0,Passive
SR20A-PC-Q6N-09:I,1500.0,-1500.0,3,1500.0,-1500.0,I/O Intr
SR20A-PC-Q6N-09:SETI,1500.0,-1500.0,3,1500.0,-1500.0,Passive
SR20A-PC-S1X-01:I,1500.0,-1500.0,3,1500.0,-1500.0,I/O Intr
SR20A-PC-S1X-01:SETI,1500.0,-1500.0,3,1500.0,-1500.0,Passive
SR20A-PC-S1X-12:I,1500.0,-1500.0,3,1500.0,-1500.0,I/O Intr
SR20A-PC-S1X-12:SETI,1500.0,-1500.0,3,1500.0,-1500.0,Passive
SR20A-PC-S2A-02:I,1500.0,-1500.0,3,1500.0,-1500.0,I/O Intr
SR20A-PC-S2A-02:SETI,1500.0,-1500.0,3,1500.0,-1500.0,Passive
SR20A-PC-S2A-11:I,1500.0,-1500.0,3,1500.0,-1500.0,I/O Intr
SR20A-PC-S2A-11:SETI,1500.0,-1500.0,3,1500.0,-1500.0,Passive
SR20A-PC-S3A-03:I,1500.0,-1500.0,3,1500.0,-1500.0,I/O Intr
SR20A-PC-S3A-03:SETI,1500.0,-1500.0,3,1500.0,-1500.0,Passive
SR20A-PC-S3A-10:I,1500.0,-1500.0,3,1500.0,-1500.0,I/O Intr
SR20A-PC-S3A-10:SETI,1500.0,-1500.0,3,1500.0,-1500.0,Passive
SR20A-PC-S4A-04:I,1500.0,-1500.0,3,1500.0,-1500.0,I/O Intr
SR20A-PC-S4A-04:SETI,1500.0,-1500.0,3,1500.0,-1500.0,Passive
SR20A-PC-S4A-09:I,1500.0,-1500.0,3,1500.0,-1500.0,I/O Intr
SR20A-PC-S4A-09:SETI,1500.0,-1500.0,3,1500.0,-1500.0,Passive
SR20A-PC-S5X-05:I,1500.0,-1500.0,3,1500.0,-1500.0,I/O Intr
SR20A-PC-S5X-05:SETI,1500.0,-1500.0,3,1500.0,-1500.0,Passive
SR20A-PC-S5X-08:I,1500.0,-1500.0,3,1500.0,-1500.0,I/O Intr
SR20A-PC-S5X-08:SETI,1500.0,-1500.0,3,1500.0,-1500.0,Passive
SR20A-PC-S6X-06:I,1500.0,-1500.0,3,1500.0,-1500.0,I/O Intr
SR20A-PC-S6X-06:SETI,1500.0,-1500.0,3,1500.0,-1500.0,Passive
SR20A-PC-S6X-07:I,1500.0,-1500.0,3,1500.0,-1500.0,I/O Intr
SR20A-PC-S6X-07:SETI,1500.0,-1500.0,3,1500.0,-1500.0,Passive
SR20A-PC-SQUAD-01:I,1500.0,-1500.0,3,1500.0,-1500.0,I/O Intr
SR20A-PC-SQUAD-01:SETI,1500.0,-1500.0,3,1500.0,-1500.0,Passive
SR20A-PC-SQUAD-02:I,1500.0,-1500.0,3,1500.0,-1500.0,I/O Intr
SR20A-PC-SQUAD-02:SETI,1500.0,-1500.0,3,1500.0,-1500.0,Passive
SR20A-PC-SQUAD-03:I,1500.0,-1500.0,3,1500.0,-1500.0,I/O Intr
SR20A-PC-SQUAD-03:SETI,1500.0,-1500.0,3,1500.0,-1500.0,Passive
SR20A-PC-SQUAD-04:I,1500.0,-1500.0,3,1500.0,-1500.0,I/O Intr
SR20A-PC-SQUAD-04:SETI,1500.0,-1500.0,3,1500.0,-1500.0,Passive
SR20A-PC-SQUAD-05:I,1500.0,-1500.0,3,1500.0,-1500.0,I/O Intr
SR20A-PC-SQUAD-05:SETI,1500.0,-1500.0,3,1500.0,-1500.0,Passive
SR20A-PC-SQUAD-06:I,1500.0,-1500.0,3,1500.0,-1500.0,I/O Intr
SR20A-PC-SQUAD-06:SETI,1500.0,-1500.0,3,1500.0,-1500.0,Passive
SR20A-PC-SQUAD-07:I,1500.0,-1500.0,3,1500.0,-1500.0,I/O Intr
SR20A-PC-SQUAD-07:SETI,1500.0,-1500.0,3,1500.0,-1500.0,Passive
SR20A-PC-SQUAD-08:I,1500.0,-1500.0,3,1500.0,-1500.0,I/O Intr
SR20A-PC-SQUAD-08:SETI,1500.0,-1500.0,3,1500.0,-1500.0,Passive
SR20A-PC-SQUAD-09:I,1500.0,-1500.0,3,1500.0,-1500.0,I/O Intr
SR20A-PC-SQUAD-09:SETI,1500.0,-1500.0,3,1500.0,-1500.0,Passive
SR20A-PC-SQUAD-10:I,1500.0,-1500.0,3,1500.0,-1500.0,I/O Intr
SR20A-PC-SQUAD-10:SETI,1500.0,-1500.0,3,1500.0,-1500.0,Passive
SR20A-PC-SQUAD-11:I,1500.0,-1500.0,3,1500.0,-1500.0,I/O Intr
SR20A-PC-SQUAD-11:SETI,1500.0,-1500.0,3,1500.0,-1500.0,Passive
SR20A-PC-SQUAD-12:I,1500.0,-1500.0,3,1500.0,-1500.0,I/O Intr
SR20A-PC-SQUAD-12:SETI,1500.0,-1500.0,3,1500.0,-1500.0,Passive
SR20A-PC-VSTR-01:I,1500.0,-1500.0,3,1500.0,-1500.0,I/O Intr
SR20A-PC-VSTR-01:SETI,1500.0,-1500.0,3,1500.0,-1500.0,Passive
SR20A-PC-VSTR-02:I,1500.0,-1500.0,3,1500.0,-1500.0,I/O Intr
SR20A-PC-VSTR-02:SETI,1500.0,-1500.0,3,1500.0,-1500.0,Passive
SR20A-PC-VSTR-03:I,1500.0,-1500.0,3,1500.0,-1500.0,I/O Intr
SR20A-PC-VSTR-03:SETI,1500.0,-1500.0,3,1500.0,-1500.0,Passive
SR20A-PC-VSTR-04:I,1500.0,-1500.0,3,1500.0,-1500.0,I/O Intr
SR20A-PC-VSTR-04:SETI,1500.0,-1500.0,3,1500.0,-1500.0,Passive
SR20A-PC-VSTR-05:I,1500.0,-1500.0,3,1500.0,-1500.0,I/O Intr
SR20A-PC-VSTR-05:SETI,1500.0,-1500.0,3,1500.0,-1500.0,Passive
SR20A-PC-VSTR-06:I,1500.0,-1500.0,3,1500.0,-1500.0,I/O Intr
SR20A-PC-VSTR-06:SETI,1500.0,-1500.0,3,1500.0,-1500.0,Passive
SR20A-PC-VSTR-07:I,1500.0,-1500.0,3,1500.0,-1500.0,I/O Intr
SR20A-PC-VSTR-07:SETI,1500.0,-1500.0,3,1500.0,-1500.0,Passive
SR20A-PC-VSTR-08:I,1500.0,-1500.0,3,1500.0,-1500.0,I/O Intr
SR20A-PC-VSTR-08:SETI,1500.0,-1500.0,3,1500.0,-1500.0,Passive
SR20A-PC-VSTR-09:I,1500.0,-1500.0,3,1500.0,-1500.0,I/O Intr
SR20A-PC-VSTR-09:SETI,1500.0,-1500.0,3,1500.0,-1500.0,Passive
SR20A-PC-VSTR-10:I,1500.0,-1500.0,3,1500.0,-1500.0,I/O Intr
SR20A-PC-VSTR-10:SETI,1500.0,-1500.0,3,1500.0,-1500.0,Passive
SR20A-PC-VSTR-11:I,1500.0,-1500.0,3,1500.0,-1500.0,I/O Intr
SR20A-PC-VSTR-11:SETI,1500.0,-1500.0,3,1500.0,-1500.0,Passive
SR20A-PC-VSTR-12:I,1500.0,-1500.0,3,1500.0,-1500.0,I/O Intr
SR20A-PC-VSTR-12:SETI,1500.0,-1500.0,3,1500.0,-1500.0,Passive
SR20C-DI-EBPM-01:SA:X,1500.0,-1500.0,3,1500.0,-1500.0,I/O Intr
SR20C-DI-EBPM-01:SA:Y,1500.0,-1500.0,3,1500.0,-1500.0,I/O Intr
SR20C-DI-EBPM-02:SA:X,1500.0,-1500.0,3,1500.0,-1500.0,I/O Intr
SR20C-DI-EBPM-02:SA:Y,1500.0,-1500.0,3,1500.0,-1500.0,I/O Intr
SR20C-DI-EBPM-03:SA:X,1500.0,-1500.0,3,1500.0,-1500.0,I/O Intr
SR20C-DI-EBPM-03:SA:Y,1500.0,-1500.0,3,1500.0,-1500.0,I/O Intr
SR20C-DI-EBPM-04:SA:X,1500.0,-1500.0,3,1500.0,-1500.0,I/O Intr
SR20C-DI-EBPM-04:SA:Y,1500.0,-1500.0,3,1500.0,-1500.0,I/O Intr
SR20C-DI-EBPM-05:SA:X,1500.0,-1500.0,3,1500.0,-1500.0,I/O Intr
SR20C-DI-EBPM-05:SA:Y,1500.0,-1500.0,3,1500.0,-1500.0,I/O Intr
SR20C-DI-EBPM-06:SA:X,1500.0,-1500.0,3,1500.0,-1500.0,I/O Intr
SR20C-DI-EBPM-06:SA:Y,1500.0,-1500.0,3,1500.0,-1500.0,I/O Intr
SR20C-DI-EBPM-07:SA:X,1500.0,-1500.0,3,1500.0,-1500.0,I/O Intr
SR20C-DI-EBPM-07:SA:Y,1500.0,-1500.0,3,1500.0,-1500.0,I/O Intr
SR20C-DI-EBPM-08:SA:X,1500.0,-1500.0,3,1500.0,-1500.0,I/O Intr
SR20C-DI-EBPM-08:SA:Y,1500.0,-1500.0,3,1500.0,-1500.0,I/O Intr
SR20C-DI-EBPM-09:SA:X,1500.0,-1500.0,3,1500.0,-1500.0,I/O Intr
SR20C-DI-EBPM-09:SA:Y,1500.0,-1500.0,3,1500.0,-1500.0,I/O Intr
SR20C-DI-EBPM-10:SA:X,1500.0,-1500.0,3,1500.0,-1500.0,I/O Intr
SR20C-DI-EBPM-10:SA:Y,1500.0,-1500.0,3,1500.0,-1500.0,I/O Intr
SR20C-DI-EBPM-11:SA:X,1500.0,-1500.0,3,1500.0,-1500.0,I/O Intr
SR20C-DI-EBPM-11:SA:Y,1500.0,-1500.0,3,1500.0,-1500.0,I/O Intr
SR20I-PC-HSTR-11:I,1500.0,-1500.0,3,1500.0,-1500.0,I/O Intr
SR20I-PC-HSTR-11:SETI,1500.0,-1500.0,3,1500.0,-1500.0,Passive
SR20I-PC-HSTR-12:I,1500.0,-1500.0,3,1500.0,-1500.0,I/O Intr
SR20I-PC-HSTR-12:SETI,1500.0,-1500.0,3,1500.0,-1500.0,Passive
SR20I-PC-VSTR-11:I,1500.0,-1500.0,3,1500.0,-1500.0,I/O Intr
SR20I-PC-VSTR-11:SETI,1500.0,-1500.0,3,1500.0,-1500.0,Passive
SR20I-PC-VSTR-12:I,1500.0,-1500.0,3,1500.0,-1500.0,I/O Intr
SR20I-PC-VSTR-12:SETI,1500.0,-1500.0,3,1500.0,-1500.0,Passive
SR21-PC-DL1:I,1500.0,-1500.0,3,1500.0,-1500.0,I/O Intr
SR21-PC-DL1:SETI,1500.0,-1500.0,3,1500.0,-1500.0,Passive
SR21-PC-DL2:I,1500.0,-1500.0,3,1500.0,-1500.0,I/O Intr
SR21-PC-DL2:SETI,1500.0,-1500.0,3,1500.0,-1500.0,Passive
SR21-PC-DL3:I,1500.0,-1500.0,3,1500.0,-1500.0,I/O Intr
SR21-PC-DL3:SETI,1500.0,-1500.0,3,1500.0,-1500.0,Passive
SR21-PC-DL4:I,1500.0,-1500.0,3,1500.0,-1500.0,I/O Intr
SR21-PC-DL4:SETI,1500.0,-1500.0,3,1500.0,-1500.0,Passive
SR21-PC-DQ1-01:I,1500.0,-1500.0,3,1500.0,-1500.0,I/O Intr
SR21-PC-DQ1-01:SETI,1500.0,-1500.0,3,1500.0,-1500.0,Passive
SR21-PC-DQ1-02:I,1500.0,-1500.0,3,1500.0,-1500.0,I/O Intr
SR21-PC-DQ1-02:SETI,1500.0,-1500.0,3,1500.0,-1500.0,Passive
SR21-PC-O0X-01:I,1500.0,-1500.0,3,1500.0,-1500.0,I/O Intr
SR21-PC-O0X-01:SETI,1500.0,-1500.0,3,1500.0,-1500.0,Passive
SR21-PC-O1X-01:I,1500.0,-1500.0,3,1500.0,-1500.0,I/O Intr
SR21-PC-O1X-01:SETI,1500.0,-1500.0,3,1500.0,-1500.0,Passive
SR21-PC-O1X-02:I,1500.0,-1500.0,3,1500.0,-1500.0,I/O Intr
SR21-PC-O1X-02:SETI,1500.0,-1500.0,3,1500.0,-1500.0,Passive
SR21A-PC-A1L-05:I,1500.0,-1500.0,3,1500.0,-1500.0,I/O Intr
SR21A-PC-A1L-05:SETI,1500.0,-1500.0,3,1500.0,-1500.0,Passive
SR21A-PC-A1N-14:I,1500.0,-1500.0,3,1500.0,-1500.0,I/O Intr
SR21A-PC-A1N-14:SETI,1500.0,-1500.0,3,1500.0,-1500.0,Passive
SR21A-PC-A2L-06:I,1500.0,-1500.0,3,1500.0,-1500.0,I/O Intr
SR21A-PC-A2L-06:SETI,1500.0,-1500.0,3,1500.0,-1500.0,Passive
SR21A-PC-A2N-13:I,1500.0,-1500.0,3,1500.0,-1500.0,I/O Intr
SR21A-PC-A2N-13:SETI,1500.0,-1500.0,3,1500.0,-1500.0,Passive
SR21A-PC-HSTR-01:I,1500.0,-1500.0,3,1500.0,-1500.0,I/O Intr
SR21A-PC-HSTR-01:SETI,1500.0,-1500.0,3,1500.0,-1500.0,Passive
SR21A-PC-HSTR-02:I,1500.0,-1500.0,3,1500.0,-1500.0,I/O Intr
SR21A-PC-HSTR-02:SETI,1500.0,-1500.0,3,1500.0,-1500.0,Passive
SR21A-PC-HSTR-03:I,1500.0,-1500.0,3,1500.0,-1500.0,I/O Intr
SR21A-PC-HSTR-03:SETI,1500.0,-1500.0,3,1500.0,-1500.0,Passive
SR21A-PC-HSTR-04:I,1500.0,-1500.0,3,1500.0,-1500.0,I/O Intr
SR21A-PC-HSTR-04:SETI,1500.0,-1500.0,3,1500.0,-1500.0,Passive
SR21A-PC-HSTR-05:I,1500.0,-1500.0,3,1500.0,-1500.0,I/O Intr
SR21A-PC-HSTR-05:SETI,1500.0,-1500.0,3,1500.0,-1500.0,Passive
SR21A-PC-HSTR-06:I,1500.0,-1500.0,3,1500.0,-1500.0,I/O Intr
SR21A-PC-HSTR-06:SETI,1500.0,-1500.0,3,1500.0,-1500.0,Passive
SR21A-PC-HSTR-07:I,1500.0,-1500.0,3,1500.0,-1500.0,I/O Intr
SR21A-PC-HSTR-07:SETI,1500.0,-1500.0,3,1500.0,-1500.0,Passive
SR21A-PC-HSTR-08:I,1500.0,-1500.0,3,1500.0,-1500.0,I/O Intr
SR21A-PC-HSTR-08:SETI,1500.0,-1500.0,3,1500.0,-1500.0,Passive
SR21A-PC-HSTR-09:I,1500.0,-1500.0,3,1500.0,-1500.0,I/O Intr
SR21A-PC-HSTR-09:SETI,1500.0,-1500.0,3,1500.0,-1500.0,Passive
SR21A-PC-HSTR-10:I,1500.0,-1500.0,3,1500.0,-1500.0,I/O Intr
SR21A-PC-HSTR-10:SETI,1500.0,-1500.0,3,1500.0,-1500.0,Passive
SR21A-PC-HSTR-11:I,1500.0,-1500.0,3,1500.0,-1500.0,I/O Intr
SR21A-PC-HSTR-11:SETI,1500.0,-1500.0,3,1500.0,-1500.0,Passive
SR21A-PC-HSTR-12:I,1500.0,-1500.0,3,1500.0,-1500.0,I/O Intr
SR21A-PC-HSTR-12:SETI,1500.0,-1500.0,3,1500.0,-1500.0,Passive
SR21A-PC-Q0L-01:I,1500.0,-1500.0,3,1500.0,-1500.0,I/O Intr
SR21A-PC-Q0L-01:SETI,1500.0,-1500.0,3,1500.0,-1500.0,Passive
SR21A-PC-Q1L-02:I,1500.0,-1500.0,3,1500.0,-1500.0,I/O Intr
SR21A-PC-Q1L-02:SETI,1500.0,-1500.0,3,1500.0,-1500.0,Passive
SR21A-PC-Q1N-17:I,1500.0,-1500.0,3,1500.0,-1500.0,I/O Intr
SR21A-PC-Q1N-17:SETI,1500.0,-1500.0,3,1500.0,-1500.0,Passive
SR21A-PC-Q2L-03:I,1500.0,-1500.0,3,1500.0,-1500.0,I/O Intr
SR21A-PC-Q2L-03:SETI,1500.0,-1500.0,3,1500.0,-1500.0,Passive
SR21A-PC-Q2N-16:I,1500.0,-1500.0,3,1500.0,-1500.0,I/O Intr
SR21A-PC-Q2N-16:SETI,1500.0,-1500.0,3,1500.0,-1500.0,Passive
SR21A-PC-Q3L-04:I,1500.0,-1500.0,3,1500.0,-1500.0,I/O Intr
SR21A-PC-Q3L-04:SETI,1500.0,-1500.0,3,1500.0,-1500.0,Passive
SR21A-PC-Q3N-15:I,1500.0,-1500.0,3,1500.0,-1500.0,I/O Intr
SR21A-PC-Q3N-15:SETI,1500.0,-1500.0,3,1500.0,-1500.0,Passive
SR21A-PC-Q4N-07:I,1500.0,-1500.0,3,1500.0,-1500.0,I/O Intr
SR21A-PC-Q4N-07:SETI,1500.0,-1500.0,3,1500.0,-1500.0,Passive
SR21A-PC-Q4N-12:I,1500.0,-1500.0,3,1500.0,-1500.0,I/O Intr
SR21A-PC-Q4N-12:SETI,1500.0,-1500.0,3,1500.0,-1500.0,Passive
SR21A-PC-Q5N-08:I,1500.0,-1500.0,3,1500.0,-1500.0,I/O Intr
SR21A-PC-Q5N-08:SETI,1500.0,-1500.0,3,1500.0,-1500.0,Passive
SR21A-PC-Q5N-11:I,1500.0,-1500.0,3,1500.0,-1500.0,I/O Intr
SR21A-PC-Q5N-11:SETI,1500.0,-1500.0,3,1500.0,-1500.0,Passive
SR21A-PC-Q6N-09:I,1500.0,-1500.0,3,1500.0,-1500.0,I/O Intr
SR21A-PC-Q6N-09:SETI,1500.0,-1500.0,3,1500.0,-1500.0,Passive
SR21A-PC-Q6N-10:I,1500.0,-1500.0,3,1500.0,-1500.0,I/O Intr
SR21A-PC-Q6N-10:SETI,1500.0,-1500.0,3,1500.0,-1500.0,Passive
SR21A-PC-S1X-01:I,1500.0,-1500.0,3,1500.0,-1500.0,I/O Intr
SR21A-PC-S1X-01:SETI,1500.0,-1500.0,3,1500.0,-1500.0,Passive
SR21A-PC-S1X-12:I,1500.0,-1500.0,3,1500.0,-1500.0,I/O Intr
SR21A-PC-S1X-12:SETI,1500.0,-1500.0,3,1500.0,-1500.0,Passive
SR21A-PC-S2A-02:I,1500.0,-1500.0,3,1500.0,-1500.0,I/O Intr
SR21A-PC-S2A-02:SETI,1500.0,-1500.0,3,1500.0,-1500.0,Passive
SR21A-PC-S2A-11:I,1500.0,-1500.0,3,1500.0,-1500.0,I/O Intr
SR21A-PC-S2A-11:SETI,1500.0,-1500.0,3,1500.0,-1500.0,Passive
SR21A-PC-S3A-03:I,1500.0,-1500.0,3,1500.0,-1500.0,I/O Intr
SR21A-PC-S3A-03:SETI,1500.0,-1500.0,3,1500.0,-1500.0,Passive
SR21A-PC-S3A-10:I,1500.0,-1500.0,3,1500.0,-1500.0,I/O Intr
SR21A-PC-S3A-10:SETI,1500.0,-1500.0,3,1500.0,-1500.0,Passive
SR21A-PC-S4A-04:I,1500.0,-1500.0,3,1500.0,-1500.0,I/O Intr
SR21A-PC-S4A-04:SETI,1500.0,-1500.0,3,1500.0,-1500.0,Passive
SR21A-PC-S4A-09:I,1500.0,-1500.0,3,1500.0,-1500.0,I/O Intr
SR21A-PC-S4A-09:SETI,1500.0,-1500.0,3,1500.0,-1500.0,Passive
SR21A-PC-S5X-05:I,1500.0,-1500.0,3,1500.0,-1500.0,I/O Intr
SR21A-PC-S5X-05:SETI,1500.0,-1500.0,3,1500.0,-1500.0,Passive
SR21A-PC-S5X-08:I,1500.0,-1500.0,3,1500.0,-1500.0,I/O Intr
SR21A-PC-S5X-08:SETI,1500.0,-1500.0,3,1500.0,-1500.0,Passive
SR21A-PC-S6X-06:I,1500.0,-1500.0,3,1500.0,-1500.0,I/O Intr
SR21A-PC-S6X-06:SETI,1500.0,-1500.0,3,1500.0,-1500.0,Passive
SR21A-PC-S6X-07:I,1500.0,-1500.0,3,1500.0,-1500.0,I/O Intr
SR21A-PC-S6X-07:SETI,1500.0,-1500.0,3,1500.0,-1500.0,Passive
SR21A-PC-SQUAD-01:I,1500.0,-1500.0,3,1500.0,-1500.0,I/O Intr
SR21A-PC-SQUAD-01:SETI,1500.0,-1500.0,3,1500.0,-1500.0,Passive
SR21A-PC-SQUAD-02:I,1500.0,-1500.0,3,1500.0,-1500.0,I/O Intr
SR21A-PC-SQUAD-02:SETI,1500.0,-1500.0,3,1500.0,-1500.0,Passive
SR21A-PC-SQUAD-03:I,1500.0,-1500.0,3,1500.0,-1500.0,I/O Intr
SR21A-PC-SQUAD-03:SETI,1500.0,-1500.0,3,1500.0,-1500.0,Passive
SR21A-PC-SQUAD-04:I,1500.0,-1500.0,3,1500.0,-1500.0,I/O Intr
SR21A-PC-SQUAD-04:SETI,1500.0,-1500.0,3,1500.0,-1500.0,Passive
SR21A-PC-SQUAD-05:I,1500.0,-1500.0,3,1500.0,-1500.0,I/O Intr
SR21A-PC-SQUAD-05:SETI,1500.0,-1500.0,3,1500.0,-1500.0,Passive
SR21A-PC-SQUAD-06:I,1500.0,-1500.0,3,1500.0,-1500.0,I/O Intr
SR21A-PC-SQUAD-06:SETI,1500.0,-1500.0,3,1500.0,-1500.0,Passive
SR21A-PC-SQUAD-07:I,1500.0,-1500.0,3,1500.0,-1500.0,I/O Intr
SR21A-PC-SQUAD-07:SETI,1500.0,-1500.0,3,1500.0,-1500.0,Passive
SR21A-PC-SQUAD-08:I,1500.0,-1500.0,3,1500.0,-1500.0,I/O Intr
SR21A-PC-SQUAD-08:SETI,1500.0,-1500.0,3,1500.0,-1500.0,Passive
SR21A-PC-SQUAD-09:I,1500.0,-1500.0,3,1500.0,-1500.0,I/O Intr
SR21A-PC-SQUAD-09:SETI,1500.0,-1500.0,3,1500.0,-1500.0,Passive
SR21A-PC-SQUAD-10:I,1500.0,-1500.0,3,1500.0,-1500.0,I/O Intr
SR21A-PC-SQUAD-10:SETI,1500.0,-1500.0,3,1500.0,-1500.0,Passive
SR21A-PC-SQUAD-11:I,1500.0,-1500.0,3,1500.0,-1500.0,I/O Intr
SR21A-PC-SQUAD-11:SETI,1500.0,-1500.0,3,1500.0,-1500.0,Passive
SR21A-PC-SQUAD-12:I,1500.0,-1500.0,3,1500.0,-1500.0,I/O Intr
SR21A-PC-SQUAD-12:SETI,1500.0,-1500.0,3,1500.0,-1500.0,Passive
SR21A-PC-VSTR-01:I,1500.0,-1500.0,3,1500.0,-1500.0,I/O Intr
SR21A-PC-VSTR-01:SETI,1500.0,-1500.0,3,1500.0,-1500.0,Passive
SR21A-PC-VSTR-02:I,1500.0,-1500.0,3,1500.0,-1500.0,I/O Intr
SR21A-PC-VSTR-02:SETI,1500.0,-1500.0,3,1500.0,-1500.0,Passive
SR21A-PC-VSTR-03:I,1500.0,-1500.0,3,1500.0,-1500.0,I/O Intr
SR21A-PC-VSTR-03:SETI,1500.0,-1500.0,3,1500.0,-1500.0,Passive
SR21A-PC-VSTR-04:I,1500.0,-1500.0,3,1500.0,-1500.0,I/O Intr
SR21A-PC-VSTR-04:SETI,1500.0,-1500.0,3,1500.0,-1500.0,Passive
SR21A-PC-VSTR-05:I,1500.0,-1500.0,3,1500.0,-1500.0,I/O Intr
SR21A-PC-VSTR-05:SETI,1500.0,-1500.0,3,1500.0,-1500.0,Passive
SR21A-PC-VSTR-06:I,1500.0,-1500.0,3,1500.0,-1500.0,I/O Intr
SR21A-PC-VSTR-06:SETI,1500.0,-1500.0,3,1500.0,-1500.0,Passive
SR21A-PC-VSTR-07:I,1500.0,-1500.0,3,1500.0,-1500.0,I/O Intr
SR21A-PC-VSTR-07:SETI,1500.0,-1500.0,3,1500.0,-1500.0,Passive
SR21A-PC-VSTR-08:I,1500.0,-1500.0,3,1500.0,-1500.0,I/O Intr
SR21A-PC-VSTR-08:SETI,1500.0,-1500.0,3,1500.0,-1500.0,Passive
SR21A-PC-VSTR-09:I,1500.0,-1500.0,3,1500.0,-1500.0,I/O Intr
SR21A-PC-VSTR-09:SETI,1500.0,-1500.0,3,1500.0,-1500.0,Passive
SR21A-PC-VSTR-10:I,1500.0,-1500.0,3,1500.0,-1500.0,I/O Intr
SR21A-PC-VSTR-10:SETI,1500.0,-1500.0,3,1500.0,-1500.0,Passive
SR21A-PC-VSTR-11:I,1500.0,-1500.0,3,1500.0,-1500.0,I/O Intr
SR21A-PC-VSTR-11:SETI,1500.0,-1500.0,3,1500.0,-1500.0,Passive
SR21A-PC-VSTR-12:I,1500.0,-1500.0,3,1500.0,-1500.0,I/O Intr
SR21A-PC-VSTR-12:SETI,1500.0,-1500.0,3,1500.0,-1500.0,Passive
SR21C-DI-EBPM-01:SA:X,1500.0,-1500.0,3,1500.0,-1500.0,I/O Intr
SR21C-DI-EBPM-01:SA:Y,1500.0,-1500.0,3,1500.0,-1500.0,I/O Intr
SR21C-DI-EBPM-02:SA:X,1500.0,-1500.0,3,1500.0,-1500.0,I/O Intr
SR21C-DI-EBPM-02:SA:Y,1500.0,-1500.0,3,1500.0,-1500.0,I/O Intr
SR21C-DI-EBPM-03:SA:X,1500.0,-1500.0,3,1500.0,-1500.0,I/O Intr
SR21C-DI-EBPM-03:SA:Y,1500.0,-1500.0,3,1500.0,-1500.0,I/O Intr
SR21C-DI-EBPM-04:SA:X,1500.0,-1500.0,3,1500.0,-1500.0,I/O Intr
SR21C-DI-EBPM-04:SA:Y,1500.0,-1500.0,3,1500.0,-1500.0,I/O Intr
SR21C-DI-EBPM-05:SA:X,1500.0,-1500.0,3,1500.0,-1500.0,I/O Intr
SR21C-DI-EBPM-05:SA:Y,1500.0,-1500.0,3,1500.0,-1500.0,I/O Intr
SR21C-DI-EBPM-06:SA:X,1500.0,-1500.0,3,1500.0,-1500.0,I/O Intr
SR21C-DI-EBPM-06:SA:Y,1500.0,-1500.0,3,1500.0,-1500.0,I/O Intr
SR21C-DI-EBPM-07:SA:X,1500.0,-1500.0,3,1500.0,-1500.0,I/O Intr
SR21C-DI-EBPM-07:SA:Y,1500.0,-1500.0,3,1500.0,-1500.0,I/O Intr
SR21C-DI-EBPM-08:SA:X,1500.0,-1500.0,3,1500.0,-1500.0,I/O Intr
SR21C-DI-EBPM-08:SA:Y,1500.0,-1500.0,3,1500.0,-1500.0,I/O Intr
SR21C-DI-EBPM-09:SA:X,1500.0,-1500.0,3,1500.0,-1500.0,I/O Intr
SR21C-DI-EBPM-09:SA:Y,1500.0,-1500.0,3,1500.0,-1500.0,I/O Intr
SR21C-DI-EBPM-10:SA:X,1500.0,-1500.0,3,1500.0,-1500.0,I/O Intr
SR21C-DI-EBPM-10:SA:Y,1500.0,-1500.0,3,1500.0,-1500.0,I/O Intr
SR21C-DI-EBPM-11:SA:X,1500.0,-1500.0,3,1500.0,-1500.0,I/O Intr
SR21C-DI-EBPM-11:SA:Y,1500.0,-1500.0,3,1500.0,-1500.0,I/O Intr
SR21I-PC-HSTR-11:I,1500.0,-1500.0,3,1500.0,-1500.0,I/O Intr
SR21I-PC-HSTR-11:SETI,1500.0,-1500.0,3,1500.0,-1500.0,Passive
SR21I-PC-HSTR-12:I,1500.0,-1500.0,3,1500.0,-1500.0,I/O Intr
SR21I-PC-HSTR-12:SETI,1500.0,-1500.0,3,1500.0,-1500.0,Passive
SR21I-PC-VSTR-11:I,1500.0,-1500.0,3,1500.0,-1500.0,I/O Intr
SR21I-PC-VSTR-11:SETI,1500.0,-1500.0,3,1500.0,-1500.0,Passive
SR21I-PC-VSTR-12:I,1500.0,-1500.0,3,1500.0,-1500.0,I/O Intr
SR21I-PC-VSTR-12:SETI,1500.0,-1500.0,3,1500.0,-1500.0,Passive
SR21K-PC-HSTR-11:I,1500.0,-1500.0,3,1500.0,-1500.0,I/O Intr
SR21K-PC-HSTR-11:SETI,1500.0,-1500.0,3,1500.0,-1500.0,Passive
SR21K-PC-HSTR-12:I,1500.0,-1500.0,3,1500.0,-1500.0,I/O Intr
SR21K-PC-HSTR-12:SETI,1500.0,-1500.0,3,1500.0,-1500.0,Passive
SR21K-PC-VSTR-11:I,1500.0,-1500.0,3,1500.0,-1500.0,I/O Intr
SR21K-PC-VSTR-11:SETI,1500.0,-1500.0,3,1500.0,-1500.0,Passive
SR21K-PC-VSTR-12:I,1500.0,-1500.0,3,1500.0,-1500.0,I/O Intr
SR21K-PC-VSTR-12:SETI,1500.0,-1500.0,3,1500.0,-1500.0,Passive
SR22-PC-DL1:I,1500.0,-1500.0,3,1500.0,-1500.0,I/O Intr
SR22-PC-DL1:SETI,1500.0,-1500.0,3,1500.0,-1500.0,Passive
SR22-PC-DL2:I,1500.0,-1500.0,3,1500.0,-1500.0,I/O Intr
SR22-PC-DL2:SETI,1500.0,-1500.0,3,1500.0,-1500.0,Passive
SR22-PC-DL3:I,1500.0,-1500.0,3,1500.0,-1500.0,I/O Intr
SR22-PC-DL3:SETI,1500.0,-1500.0,3,1500.0,-1500.0,Passive
SR22-PC-DL4:I,1500.0,-1500.0,3,1500.0,-1500.0,I/O Intr
SR22-PC-DL4:SETI,1500.0,-1500.0,3,1500.0,-1500.0,Passive
SR22-PC-DQ1-01:I,1500.0,-1500.0,3,1500.0,-1500.0,I/O Intr
SR22-PC-DQ1-01:SETI,1500.0,-1500.0,3,1500.0,-1500.0,Passive
SR22-PC-DQ1-02:I,1500.0,-1500.0,3,1500.0,-1500.0,I/O Intr
SR22-PC-DQ1-02:SETI,1500.0,-1500.0,3,1500.0,-1500.0,Passive
SR22-PC-O1X-01:I,1500.0,-1500.0,3,1500.0,-1500.0,I/O Intr
SR22-PC-O1X-01:SETI,1500.0,-1500.0,3,1500.0,-1500.0,Passive
SR22-PC-O1X-02:I,1500.0,-1500.0,3,1500.0,-1500.0,I/O Intr
SR22-PC-O1X-02:SETI,1500.0,-1500.0,3,1500.0,-1500.0,Passive
SR22A-PC-A1N-04:I,1500.0,-1500.0,3,1500.0,-1500.0,I/O Intr
SR22A-PC-A1N-04:SETI,1500.0,-1500.0,3,1500.0,-1500.0,Passive
SR22A-PC-A1N-13:I,1500.0,-1500.0,3,1500.0,-1500.0,I/O Intr
SR22A-PC-A1N-13:SETI,1500.0,-1500.0,3,1500.0,-1500.0,Passive
SR22A-PC-A2N-05:I,1500.0,-1500.0,3,1500.0,-1500.0,I/O Intr
SR22A-PC-A2N-05:SETI,1500.0,-1500.0,3,1500.0,-1500.0,Passive
SR22A-PC-A2N-12:I,1500.0,-1500.0,3,1500.0,-1500.0,I/O Intr
SR22A-PC-A2N-12:SETI,1500.0,-1500.0,3,1500.0,-1500.0,Passive
SR22A-PC-HSTR-01:I,1500.0,-1500.0,3,1500.0,-1500.0,I/O Intr
SR22A-PC-HSTR-01:SETI,1500.0,-1500.0,3,1500.0,-1500.0,Passive
SR22A-PC-HSTR-02:I,1500.0,-1500.0,3,1500.0,-1500.0,I/O Intr
SR22A-PC-HSTR-02:SETI,1500.0,-1500.0,3,1500.0,-1500.0,Passive
SR22A-PC-HSTR-03:I,1500.0,-1500.0,3,1500.0,-1500.0,I/O Intr
SR22A-PC-HSTR-03:SETI,1500.0,-1500.0,3,1500.0,-1500.0,Passive
SR22A-PC-HSTR-04:I,1500.0,-1500.0,3,1500.0,-1500.0,I/O Intr
SR22A-PC-HSTR-04:SETI,1500.0,-1500.0,3,1500.0,-1500.0,Passive
SR22A-PC-HSTR-05:I,1500.0,-1500.0,3,1500.0,-1500.0,I/O Intr
SR22A-PC-HSTR-05:SETI,1500.0,-1500.0,3,1500.0,-1500.0,Passive
SR22A-PC-HSTR-06:I,1500.0,-1500.0,3,1500.0,-1500.0,I/O Intr
SR22A-PC-HSTR-06:SETI,1500.0,-1500.0,3,1500.0,-1500.0,Passive
SR22A-PC-HSTR-07:I,1500.0,-1500.0,3,1500.0,-1500.0,I/O Intr
SR22A-PC-HSTR-07:SETI,1500.0,-1500.0,3,1500.0,-1500.0,Passive
SR22A-PC-HSTR-08:I,1500.0,-1500.0,3,1500.0,-1500.0,I/O Intr
SR22A-PC-HSTR-08:SETI,1500.0,-1500.0,3,1500.0,-1500.0,Passive
SR22A-PC-HSTR-09:I,1500.0,-1500.0,3,1500.0,-1500.0,I/O Intr
SR22A-PC-HSTR-09:SETI,1500.0,-1500.0,3,1500.0,-1500.0,Passive
SR22A-PC-HSTR-10:I,1500.0,-1500.0,3,1500.0,-1500.0,I/O Intr
SR22A-PC-HSTR-10:SETI,1500.0,-1500.0,3,1500.0,-1500.0,Passive
SR22A-PC-HSTR-11:I,1500.0,-1500.0,3,1500.0,-1500.0,I/O Intr
SR22A-PC-HSTR-11:SETI,1500.0,-1500.0,3,1500.0,-1500.0,Passive
SR22A-PC-HSTR-12:I,1500.0,-1500.0,3,1500.0,-1500.0,I/O Intr
SR22A-PC-HSTR-12:SETI,1500.0,-1500.0,3,1500.0,-1500.0,Passive
SR22A-PC-Q1N-01:I,1500.0,-1500.0,3,1500.0,-1500.0,I/O Intr
SR22A-PC-Q1N-01:SETI,1500.0,-1500.0,3,1500.0,-1500.0,Passive
SR22A-PC-Q1N-16:I,1500.0,-1500.0,3,1500.0,-1500.0,I/O Intr
SR22A-PC-Q1N-16:SETI,1500.0,-1500.0,3,1500.0,-1500.0,Passive
SR22A-PC-Q2N-02:I,1500.0,-1500.0,3,1500.0,-1500.0,I/O Intr
SR22A-PC-Q2N-02:SETI,1500.0,-1500.0,3,1500.0,-1500.0,Passive
SR22A-PC-Q2N-15:I,1500.0,-1500.0,3,1500.0,-1500.0,I/O Intr
SR22A-PC-Q2N-15:SETI,1500.0,-1500.0,3,1500.0,-1500.0,Passive
SR22A-PC-Q3N-03:I,1500.0,-1500.0,3,1500.0,-1500.0,I/O Intr
SR22A-PC-Q3N-03:SETI,1500.0,-1500.0,3,1500.0,-1500.0,Passive
SR22A-PC-Q3N-14:I,1500.0,-1500.0,3,1500.0,-1500.0,I/O Intr
SR22A-PC-Q3N-14:SETI,1500.0,-1500.0,3,1500.0,-1500.0,Passive
SR22A-PC-Q4N-06:I,1500.0,-1500.0,3,1500.0,-1500.0,I/O Intr
SR22A-PC-Q4N-06:SETI,1500.0,-1500.0,3,1500.0,-1500.0,Passive
SR22A-PC-Q4N-11:I,1500.0,-1500.0,3,1500.0,-1500.0,I/O Intr
SR22A-PC-Q4N-11:SETI,1500.0,-1500.0,3,1500.0,-1500.0,Passive
SR22A-PC-Q5N-07:I,1500.0,-1500.0,3,1500.0,-1500.0,I/O Intr
SR22A-PC-Q5N-07:SETI,1500.0,-1500.0,3,1500.0,-1500.0,Passive
SR22A-PC-Q5N-10:I,1500.0,-1500.0,3,1500.0,-1500.0,I/O Intr
SR22A-PC-Q5N-10:SETI,1500.0,-1500.0,3,1500.0,-1500.0,Passive
SR22A-PC-Q6N-08:I,1500.0,-1500.0,3,1500.0,-1500.0,I/O Intr
SR22A-PC-Q6N-08:SETI,1500.0,-1500.0,3,1500.0,-1500.0,Passive
SR22A-PC-Q6N-09:I,1500.0,-1500.0,3,1500.0,-1500.0,I/O Intr
SR22A-PC-Q6N-09:SETI,1500.0,-1500.0,3,1500.0,-1500.0,Passive
SR22A-PC-S1X-01:I,1500.0,-1500.0,3,1500.0,-1500.0,I/O Intr
SR22A-PC-S1X-01:SETI,1500.0,-1500.0,3,1500.0,-1500.0,Passive
SR22A-PC-S1X-12:I,1500.0,-1500.0,3,1500.0,-1500.0,I/O Intr
SR22A-PC-S1X-12:SETI,1500.0,-1500.0,3,1500.0,-1500.0,Passive
SR22A-PC-S2A-02:I,1500.0,-1500.0,3,1500.0,-1500.0,I/O Intr
SR22A-PC-S2A-02:SETI,1500.0,-1500.0,3,1500.0,-1500.0,Passive
SR22A-PC-S2A-11:I,1500.0,-1500.0,3,1500.0,-1500.0,I/O Intr
SR22A-PC-S2A-11:SETI,1500.0,-1500.0,3,1500.0,-1500.0,Passive
SR22A-PC-S3A-03:I,1500.0,-1500.0,3,1500.0,-1500.0,I/O Intr
SR22A-PC-S3A-03:SETI,1500.0,-1500.0,3,1500.0,-1500.0,Passive
SR22A-PC-S3A-10:I,1500.0,-1500.0,3,1500.0,-1500.0,I/O Intr
SR22A-PC-S3A-10:SETI,1500.0,-1500.0,3,1500.0,-1500.0,Passive
SR22A-PC-S4A-04:I,1500.0,-1500.0,3,1500.0,-1500.0,I/O Intr
SR22A-PC-S4A-04:SETI,1500.0,-1500.0,3,1500.0,-1500.0,Passive
SR22A-PC-S4A-09:I,1500.0,-1500.0,3,1500.0,-1500.0,I/O Intr
SR22A-PC-S4A-09:SETI,1500.0,-1500.0,3,1500.0,-1500.0,Passive
SR22A-PC-S5X-05:I,1500.0,-1500.0,3,1500.0,-1500.0,I/O Intr
SR22A-PC-S5X-05:SETI,1500.0,-1500.0,3,1500.0,-1500.0,Passive
SR22A-PC-S5X-08:I,1500.0,-1500.0,3,1500.0,-1500.0,I/O Intr
SR22A-PC-S5X-08:SETI,1500.0,-1500.0,3,1500.0,-1500.0,Passive
SR22A-PC-S6X-06:I,1500.0,-1500.0,3,1500.0,-1500.0,I/O Intr
SR22A-PC-S6X-06:SETI,1500.0,-1500.0,3,1500.0,-1500.0,Passive
SR22A-PC-S6X-07:I,1500.0,-1500.0,3,1500.0,-1500.0,I/O Intr
SR22A-PC-S6X-07:SETI,1500.0,-1500.0,3,1500.0,-1500.0,Passive
SR22A-PC-SQUAD-01:I,1500.0,-1500.0,3,1500.0,-1500.0,I/O Intr
SR22A-PC-SQUAD-01:SETI,1500.0,-1500.0,3,1500.0,-1500.0,Passive
SR22A-PC-SQUAD-02:I,1500.0,-1500.0,3,1500.0,-1500.0,I/O Intr
SR22A-PC-SQUAD-02:SETI,1500.0,-1500.0,3,1500.0,-1500.0,Passive
SR22A-PC-SQUAD-03:I,1500.0,-1500.0,3,1500.0,-1500.0,I/O Intr
SR22A-PC-SQUAD-03:SETI,1500.0,-1500.0,3,1500.0,-1500.0,Passive
SR22A-PC-SQUAD-04:I,1500.0,-1500.0,3,1500.0,-1500.0,I/O Intr
SR22A-PC-SQUAD-04:SETI,1500.0,-1500.0,3,1500.0,-1500.0,Passive
SR22A-PC-SQUAD-05:I,1500.0,-1500.0,3,1500.0,-1500.0,I/O Intr
SR22A-PC-SQUAD-05:SETI,1500.0,-1500.0,3,1500.0,-1500.0,Passive
SR22A-PC-SQUAD-06:I,1500.0,-1500.0,3,1500.0,-1500.0,I/O Intr
SR22A-PC-SQUAD-06:SETI,1500.0,-1500.0,3,1500.0,-1500.0,Passive
SR22A-PC-SQUAD-07:I,1500.0,-1500.0,3,1500.0,-1500.0,I/O Intr
SR22A-PC-SQUAD-07:SETI,1500.0,-1500.0,3,1500.0,-1500.0,Passive
SR22A-PC-SQUAD-08:I,1500.0,-1500.0,3,1500.0,-1500.0,I/O Intr
SR22A-PC-SQUAD-08:SETI,1500.0,-1500.0,3,1500.0,-1500.0,Passive
SR22A-PC-SQUAD-09:I,1500.0,-1500.0,3,1500.0,-1500.0,I/O Intr
SR22A-PC-SQUAD-09:SETI,1500.0,-1500.0,3,1500.0,-1500.0,Passive
SR22A-PC-SQUAD-10:I,1500.0,-1500.0,3,1500.0,-1500.0,I/O Intr
SR22A-PC-SQUAD-10:SETI,1500.0,-1500.0,3,1500.0,-1500.0,Passive
SR22A-PC-SQUAD-11:I,1500.0,-1500.0,3,1500.0,-1500.0,I/O Intr
SR22A-PC-SQUAD-11:SETI,1500.0,-1500.0,3,1500.0,-1500.0,Passive
SR22A-PC-SQUAD-12:I,1500.0,-1500.0,3,1500.0,-1500.0,I/O Intr
SR22A-PC-SQUAD-12:SETI,1500.0,-1500.0,3,1500.0,-1500.0,Passive
SR22A-PC-VSTR-01:I,1500.0,-1500.0,3,1500.0,-1500.0,I/O Intr
SR22A-PC-VSTR-01:SETI,1500.0,-1500.0,3,1500.0,-1500.0,Passive
SR22A-PC-VSTR-02:I,1500.0,-1500.0,3,1500.0,-1500.0,I/O Intr
SR22A-PC-VSTR-02:SETI,1500.0,-1500.0,3,1500.0,-1500.0,Passive
SR22A-PC-VSTR-03:I,1500.0,-1500.0,3,1500.0,-1500.0,I/O Intr
SR22A-PC-VSTR-03:SETI,1500.0,-1500.0,3,1500.0,-1500.0,Passive
SR22A-PC-VSTR-04:I,1500.0,-1500.0,3,1500.0,-1500.0,I/O Intr
SR22A-PC-VSTR-04:SETI,1500.0,-1500.0,3,1500.0,-1500.0,Passive
SR22A-PC-VSTR-05:I,1500.0,-1500.0,3,1500.0,-1500.0,I/O Intr
SR22A-PC-VSTR-05:SETI,1500.0,-1500.0,3,1500.0,-1500.0,Passive
SR22A-PC-VSTR-06:I,1500.0,-1500.0,3,1500.0,-1500.0,I/O Intr
SR22A-PC-VSTR-06:SETI,1500.0,-1500.0,3,1500.0,-1500.0,Passive
SR22A-PC-VSTR-07:I,1500.0,-1500.0,3,1500.0,-1500.0,I/O Intr
SR22A-PC-VSTR-07:SETI,1500.0,-1500.0,3,1500.0,-1500.0,Passive
SR22A-PC-VSTR-08:I,1500.0,-1500.0,3,1500.0,-1500.0,I/O Intr
SR22A-PC-VSTR-08:SETI,1500.0,-1500.0,3,1500.0,-1500.0,Passive
SR22A-PC-VSTR-09:I,1500.0,-1500.0,3,1500.0,-1500.0,I/O Intr
SR22A-PC-VSTR-09:SETI,1500.0,-1500.0,3,1500.0,-1500.0,Passive
SR22A-PC-VSTR-10:I,1500.0,-1500.0,3,1500.0,-1500.0,I/O Intr
SR22A-PC-VSTR-10:SETI,1500.0,-1500.0,3,1500.0,-1500.0,Passive
SR22A-PC-VSTR-11:I,1500.0,-1500.0,3,1500.0,-1500.0,I/O Intr
SR22A-PC-VSTR-11:SETI,1500.0,-1500.0,3,1500.0,-1500.0,Passive
SR22A-PC-VSTR-12:I,1500.0,-1500.0,3,1500.0,-1500.0,I/O Intr
SR22A-PC-VSTR-12:SETI,1500.0,-1500.0,3,1500.0,-1500.0,Passive
SR22C-DI-EBPM-01:SA:X,1500.0,-1500.0,3,1500.0,-1500.0,I/O Intr
SR22C-DI-EBPM-01:SA:Y,1500.0,-1500.0,3,1500.0,-1500.0,I/O Intr
SR22C-DI-EBPM-02:SA:X,1500.0,-1500.0,3,1500.0,-1500.0,I/O Intr
SR22C-DI-EBPM-02:SA:Y,1500.0,-1500.0,3,1500.0,-1500.0,I/O Intr
SR22C-DI-EBPM-03:SA:X,1500.0,-1500.0,3,1500.0,-1500.0,I/O Intr
SR22C-DI-EBPM-03:SA:Y,1500.0,-1500.0,3,1500.0,-1500.0,I/O Intr
SR22C-DI-EBPM-04:SA:X,1500.0,-1500.0,3,1500.0,-1500.0,I/O Intr
SR22C-DI-EBPM-04:SA:Y,1500.0,-1500.0,3,1500.0,-1500.0,I/O Intr
SR22C-DI-EBPM-05:SA:X,1500.0,-1500.0,3,1500.0,-1500.0,I/O Intr
SR22C-DI-EBPM-05:SA:Y,1500.0,-1500.0,3,1500.0,-1500.0,I/O Intr
SR22C-DI-EBPM-06:SA:X,1500.0,-1500.0,3,1500.0,-1500.0,I/O Intr
SR22C-DI-EBPM-06:SA:Y,1500.0,-1500.0,3,1500.0,-1500.0,I/O Intr
SR22C-DI-EBPM-07:SA:X,1500.0,-1500.0,3,1500.0,-1500.0,I/O Intr
SR22C-DI-EBPM-07:SA:Y,1500.0,-1500.0,3,1500.0,-1500.0,I/O Intr
SR22C-DI-EBPM-08:SA:X,1500.0,-1500.0,3,1500.0,-1500.0,I/O Intr
SR22C-DI-EBPM-08:SA:Y,1500.0,-1500.0,3,1500.0,-1500.0,I/O Intr
SR22C-DI-EBPM-09:SA:X,1500.0,-1500.0,3,1500.0,-1500.0,I/O Intr
SR22C-DI-EBPM-09:SA:Y,1500.0,-1500.0,3,1500.0,-1500.0,I/O Intr
SR22C-DI-EBPM-10:SA:X,1500.0,-1500.0,3,1500.0,-1500.0,I/O Intr
SR22C-DI-EBPM-10:SA:Y,1500.0,-1500.0,3,1500.0,-1500.0,I/O Intr
SR22I-PC-HSTR-11:I,1500.0,-1500.0,3,1500.0,-1500.0,I/O Intr
SR22I-PC-HSTR-11:SETI,1500.0,-1500.0,3,1500.0,-1500.0,Passive
SR22I-PC-HSTR-12:I,1500.0,-1500.0,3,1500.0,-1500.0,I/O Intr
SR22I-PC-HSTR-12:SETI,1500.0,-1500.0,3,1500.0,-1500.0,Passive
SR22I-PC-VSTR-11:I,1500.0,-1500.0,3,1500.0,-1500.0,I/O Intr
SR22I-PC-VSTR-11:SETI,1500.0,-1500.0,3,1500.0,-1500.0,Passive
SR22I-PC-VSTR-12:I,1500.0,-1500.0,3,1500.0,-1500.0,I/O Intr
SR22I-PC-VSTR-12:SETI,1500.0,-1500.0,3,1500.0,-1500.0,Passive
SR23-PC-DL1:I,1500.0,-1500.0,3,1500.0,-1500.0,I/O Intr
SR23-PC-DL1:SETI,1500.0,-1500.0,3,1500.0,-1500.0,Passive
SR23-PC-DL2:I,1500.0,-1500.0,3,1500.0,-1500.0,I/O Intr
SR23-PC-DL2:SETI,1500.0,-1500.0,3,1500.0,-1500.0,Passive
SR23-PC-DL3:I,1500.0,-1500.0,3,1500.0,-1500.0,I/O Intr
SR23-PC-DL3:SETI,1500.0,-1500.0,3,1500.0,-1500.0,Passive
SR23-PC-DL4:I,1500.0,-1500.0,3,1500.0,-1500.0,I/O Intr
SR23-PC-DL4:SETI,1500.0,-1500.0,3,1500.0,-1500.0,Passive
SR23-PC-DQ1-01:I,1500.0,-1500.0,3,1500.0,-1500.0,I/O Intr
SR23-PC-DQ1-01:SETI,1500.0,-1500.0,3,1500.0,-1500.0,Passive
SR23-PC-DQ1-02:I,1500.0,-1500.0,3,1500.0,-1500.0,I/O Intr
SR23-PC-DQ1-02:SETI,1500.0,-1500.0,3,1500.0,-1500.0,Passive
SR23-PC-O1X-01:I,1500.0,-1500.0,3,1500.0,-1500.0,I/O Intr
SR23-PC-O1X-01:SETI,1500.0,-1500.0,3,1500.0,-1500.0,Passive
SR23-PC-O1X-02:I,1500.0,-1500.0,3,1500.0,-1500.0,I/O Intr
SR23-PC-O1X-02:SETI,1500.0,-1500.0,3,1500.0,-1500.0,Passive
SR23A-PC-A1N-04:I,1500.0,-1500.0,3,1500.0,-1500.0,I/O Intr
SR23A-PC-A1N-04:SETI,1500.0,-1500.0,3,1500.0,-1500.0,Passive
SR23A-PC-A1N-13:I,1500.0,-1500.0,3,1500.0,-1500.0,I/O Intr
SR23A-PC-A1N-13:SETI,1500.0,-1500.0,3,1500.0,-1500.0,Passive
SR23A-PC-A2N-05:I,1500.0,-1500.0,3,1500.0,-1500.0,I/O Intr
SR23A-PC-A2N-05:SETI,1500.0,-1500.0,3,1500.0,-1500.0,Passive
SR23A-PC-A2N-12:I,1500.0,-1500.0,3,1500.0,-1500.0,I/O Intr
SR23A-PC-A2N-12:SETI,1500.0,-1500.0,3,1500.0,-1500.0,Passive
SR23A-PC-HSTR-01:I,1500.0,-1500.0,3,1500.0,-1500.0,I/O Intr
SR23A-PC-HSTR-01:SETI,1500.0,-1500.0,3,1500.0,-1500.0,Passive
SR23A-PC-HSTR-02:I,1500.0,-1500.0,3,1500.0,-1500.0,I/O Intr
SR23A-PC-HSTR-02:SETI,1500.0,-1500.0,3,1500.0,-1500.0,Passive
SR23A-PC-HSTR-03:I,1500.0,-1500.0,3,1500.0,-1500.0,I/O Intr
SR23A-PC-HSTR-03:SETI,1500.0,-1500.0,3,1500.0,-1500.0,Passive
SR23A-PC-HSTR-04:I,1500.0,-1500.0,3,1500.0,-1500.0,I/O Intr
SR23A-PC-HSTR-04:SETI,1500.0,-1500.0,3,1500.0,-1500.0,Passive
SR23A-PC-HSTR-05:I,1500.0,-1500.0,3,1500.0,-1500.0,I/O Intr
SR23A-PC-HSTR-05:SETI,1500.0,-1500.0,3,1500.0,-1500.0,Passive
SR23A-PC-HSTR-06:I,1500.0,-1500.0,3,1500.0,-1500.0,I/O Intr
SR23A-PC-HSTR-06:SETI,1500.0,-1500.0,3,1500.0,-1500.0,Passive
SR23A-PC-HSTR-07:I,1500.0,-1500.0,3,1500.0,-1500.0,I/O Intr
SR23A-PC-HSTR-07:SETI,1500.0,-1500.0,3,1500.0,-1500.0,Passive
SR23A-PC-HSTR-08:I,1500.0,-1500.0,3,1500.0,-1500.0,I/O Intr
SR23A-PC-HSTR-08:SETI,1500.0,-1500.0,3,1500.0,-1500.0,Passive
SR23A-PC-HSTR-09:I,1500.0,-1500.0,3,1500.0,-1500.0,I/O Intr
SR23A-PC-HSTR-09:SETI,1500.0,-1500.0,3,1500.0,-1500.0,Passive
SR23A-PC-HSTR-10:I,1500.0,-1500.0,3,1500.0,-1500.0,I/O Intr
SR23A-PC-HSTR-10:SETI,1500.0,-1500.0,3,1500.0,-1500.0,Passive
SR23A-PC-HSTR-11:I,1500.0,-1500.0,3,1500.0,-1500.0,I/O Intr
SR23A-PC-HSTR-11:SETI,1500.0,-1500.0,3,1500.0,-1500.0,Passive
SR23A-PC-HSTR-12:I,1500.0,-1500.0,3,1500.0,-1500.0,I/O Intr
SR23A-PC-HSTR-12:SETI,1500.0,-1500.0,3,1500.0,-1500.0,Passive
SR23A-PC-Q1N-01:I,1500.0,-1500.0,3,1500.0,-1500.0,I/O Intr
SR23A-PC-Q1N-01:SETI,1500.0,-1500.0,3,1500.0,-1500.0,Passive
SR23A-PC-Q1N-16:I,1500.0,-1500.0,3,1500.0,-1500.0,I/O Intr
SR23A-PC-Q1N-16:SETI,1500.0,-1500.0,3,1500.0,-1500.0,Passive
SR23A-PC-Q2N-02:I,1500.0,-1500.0,3,1500.0,-1500.0,I/O Intr
SR23A-PC-Q2N-02:SETI,1500.0,-1500.0,3,1500.0,-1500.0,Passive
SR23A-PC-Q2N-15:I,1500.0,-1500.0,3,1500.0,-1500.0,I/O Intr
SR23A-PC-Q2N-15:SETI,1500.0,-1500.0,3,1500.0,-1500.0,Passive
SR23A-PC-Q3N-03:I,1500.0,-1500.0,3,1500.0,-1500.0,I/O Intr
SR23A-PC-Q3N-03:SETI,1500.0,-1500.0,3,1500.0,-1500.0,Passive
SR23A-PC-Q3N-14:I,1500.0,-1500.0,3,1500.0,-1500.0,I/O Intr
SR23A-PC-Q3N-14:SETI,1500.0,-1500.0,3,1500.0,-1500.0,Passive
SR23A-PC-Q4N-06:I,1500.0,-1500.0,3,1500.0,-1500.0,I/O Intr
SR23A-PC-Q4N-06:SETI,1500.0,-1500.0,3,1500.0,-1500.0,Passive
SR23A-PC-Q4N-11:I,1500.0,-1500.0,3,1500.0,-1500.0,I/O Intr
SR23A-PC-Q4N-11:SETI,1500.0,-1500.0,3,1500.0,-1500.0,Passive
SR23A-PC-Q5N-07:I,1500.0,-1500.0,3,1500.0,-1500.0,I/O Intr
SR23A-PC-Q5N-07:SETI,1500.0,-1500.0,3,1500.0,-1500.0,Passive
SR23A-PC-Q5N-10:I,1500.0,-1500.0,3,1500.0,-1500.0,I/O Intr
SR23A-PC-Q5N-10:SETI,1500.0,-1500.0,3,1500.0,-1500.0,Passive
SR23A-PC-Q6N-08:I,1500.0,-1500.0,3,1500.0,-1500.0,I/O Intr
SR23A-PC-Q6N-08:SETI,1500.0,-1500.0,3,1500.0,-1500.0,Passive
SR23A-PC-Q6N-09:I,1500.0,-1500.0,3,1500.0,-1500.0,I/O Intr
SR23A-PC-Q6N-09:SETI,1500.0,-1500.0,3,1500.0,-1500.0,Passive
SR23A-PC-S1X-01:I,1500.0,-1500.0,3,1500.0,-1500.0,I/O Intr
SR23A-PC-S1X-01:SETI,1500.0,-1500.0,3,1500.0,-1500.0,Passive
SR23A-PC-S1X-12:I,1500.0,-1500.0,3,1500.0,-1500.0,I/O Intr
SR23A-PC-S1X-12:SETI,1500.0,-1500.0,3,1500.0,-1500.0,Passive
SR23A-PC-S2A-02:I,1500.0,-1500.0,3,1500.0,-1500.0,I/O Intr
SR23A-PC-S2A-02:SETI,1500.0,-1500.0,3,1500.0,-1500.0,Passive
SR23A-PC-S2A-11:I,1500.0,-1500.0,3,1500.0,-1500.0,I/O Intr
SR23A-PC-S2A-11:SETI,1500.0,-1500.0,3,1500.0,-1500.0,Passive
SR23A-PC-S3A-03:I,1500.0,-1500.0,3,1500.0,-1500.0,I/O Intr
SR23A-PC-S3A-03:SETI,1500.0,-1500.0,3,1500.0,-1500.0,Passive
SR23A-PC-S3A-10:I,1500.0,-1500.0,3,1500.0,-1500.0,I/O Intr
SR23A-PC-S3A-10:SETI,1500.0,-1500.0,3,1500.0,-1500.0,Passive
SR23A-PC-S4A-04:I,1500.0,-1500.0,3,1500.0,-1500.0,I/O Intr
SR23A-PC-S4A-04:SETI,1500.0,-1500.0,3,1500.0,-1500.0,Passive
SR23A-PC-S4A-09:I,1500.0,-1500.0,3,1500.0,-1500.0,I/O Intr
SR23A-PC-S4A-09:SETI,1500.0,-1500.0,3,1500.0,-1500.0,Passive
SR23A-PC-S5X-05:I,1500.0,-1500.0,3,1500.0,-1500.0,I/O Intr
SR23A-PC-S5X-05:SETI,1500.0,-1500.0,3,1500.0,-1500.0,Passive
SR23A-PC-S5X-08:I,1500.0,-1500.0,3,1500.0,-1500.0,I/O Intr
SR23A-PC-S5X-08:SETI,1500.0,-1500.0,3,1500.0,-1500.0,Passive
SR23A-PC-S6X-06:I,1500.0,-1500.0,3,1500.0,-1500.0,I/O Intr
SR23A-PC-S6X-06:SETI,1500.0,-1500.0,3,1500.0,-1500.0,Passive
SR23A-PC-S6X-07:I,1500.0,-1500.0,3,1500.0,-1500.0,I/O Intr
SR23A-PC-S6X-07:SETI,1500.0,-1500.0,3,1500.0,-1500.0,Passive
SR23A-PC-SQUAD-01:I,1500.0,-1500.0,3,1500.0,-1500.0,I/O Intr
SR23A-PC-SQUAD-01:SETI,1500.0,-1500.0,3,1500.0,-1500.0,Passive
SR23A-PC-SQUAD-02:I,1500.0,-1500.0,3,1500.0,-1500.0,I/O Intr
SR23A-PC-SQUAD-02:SETI,1500.0,-1500.0,3,1500.0,-1500.0,Passive
SR23A-PC-SQUAD-03:I,1500.0,-1500.0,3,1500.0,-1500.0,I/O Intr
SR23A-PC-SQUAD-03:SETI,1500.0,-1500.0,3,1500.0,-1500.0,Passive
SR23A-PC-SQUAD-04:I,1500.0,-1500.0,3,1500.0,-1500.0,I/O Intr
SR23A-PC-SQUAD-04:SETI,1500.0,-1500.0,3,1500.0,-1500.0,Passive
SR23A-PC-SQUAD-05:I,1500.0,-1500.0,3,1500.0,-1500.0,I/O Intr
SR23A-PC-SQUAD-05:SETI,1500.0,-1500.0,3,1500.0,-1500.0,Passive
SR23A-PC-SQUAD-06:I,1500.0,-1500.0,3,1500.0,-1500.0,I/O Intr
SR23A-PC-SQUAD-06:SETI,1500.0,-1500.0,3,1500.0,-1500.0,Passive
SR23A-PC-SQUAD-07:I,1500.0,-1500.0,3,1500.0,-1500.0,I/O Intr
SR23A-PC-SQUAD-07:SETI,1500.0,-1500.0,3,1500.0,-1500.0,Passive
SR23A-PC-SQUAD-08:I,1500.0,-1500.0,3,1500.0,-1500.0,I/O Intr
SR23A-PC-SQUAD-08:SETI,1500.0,-1500.0,3,1500.0,-1500.0,Passive
SR23A-PC-SQUAD-09:I,1500.0,-1500.0,3,1500.0,-1500.0,I/O Intr
SR23A-PC-SQUAD-09:SETI,1500.0,-1500.0,3,1500.0,-1500.0,Passive
SR23A-PC-SQUAD-10:I,1500.0,-1500.0,3,1500.0,-1500.0,I/O Intr
SR23A-PC-SQUAD-10:SETI,1500.0,-1500.0,3,1500.0,-1500.0,Passive
SR23A-PC-SQUAD-11:I,1500.0,-1500.0,3,1500.0,-1500.0,I/O Intr
SR23A-PC-SQUAD-11:SETI,1500.0,-1500.0,3,1500.0,-1500.0,Passive
SR23A-PC-SQUAD-12:I,1500.0,-1500.0,3,1500.0,-1500.0,I/O Intr
SR23A-PC-SQUAD-12:SETI,1500.0,-1500.0,3,1500.0,-1500.0,Passive
SR23A-PC-VSTR-01:I,1500.0,-1500.0,3,1500.0,-1500.0,I/O Intr
SR23A-PC-VSTR-01:SETI,1500.0,-1500.0,3,1500.0,-1500.0,Passive
SR23A-PC-VSTR-02:I,1500.0,-1500.0,3,1500.0,-1500.0,I/O Intr
SR23A-PC-VSTR-02:SETI,1500.0,-1500.0,3,1500.0,-1500.0,Passive
SR23A-PC-VSTR-03:I,1500.0,-1500.0,3,1500.0,-1500.0,I/O Intr
SR23A-PC-VSTR-03:SETI,1500.0,-1500.0,3,1500.0,-1500.0,Passive
SR23A-PC-VSTR-04:I,1500.0,-1500.0,3,1500.0,-1500.0,I/O Intr
SR23A-PC-VSTR-04:SETI,1500.0,-1500.0,3,1500.0,-1500.0,Passive
SR23A-PC-VSTR-05:I,1500.0,-1500.0,3,1500.0,-1500.0,I/O Intr
SR23A-PC-VSTR-05:SETI,1500.0,-1500.0,3,1500.0,-1500.0,Passive
SR23A-PC-VSTR-06:I,1500.0,-1500.0,3,1500.0,-1500.0,I/O Intr
SR23A-PC-VSTR-06:SETI,1500.0,-1500.0,3,1500.0,-1500.0,Passive
SR23A-PC-VSTR-07:I,1500.0,-1500.0,3,1500.0,-1500.0,I/O Intr
SR23A-PC-VSTR-07:SETI,1500.0,-1500.0,3,1500.0,-1500.0,Passive
SR23A-PC-VSTR-08:I,1500.0,-1500.0,3,1500.0,-1500.0,I/O Intr
SR23A-PC-VSTR-08:SETI,1500.0,-1500.0,3,1500.0,-1500.0,Passive
SR23A-PC-VSTR-09:I,1500.0,-1500.0,3,1500.0,-1500.0,I/O Intr
SR23A-PC-VSTR-09:SETI,1500.0,-1500.0,3,1500.0,-1500.0,Passive
SR23A-PC-VSTR-10:I,1500.0,-1500.0,3,1500.0,-1500.0,I/O Intr
SR23A-PC-VSTR-10:SETI,1500.0,-1500.0,3,1500.0,-1500.0,Passive
SR23A-PC-VSTR-11:I,1500.0,-1500.0,3,1500.0,-1500.0,I/O Intr
SR23A-PC-VSTR-11:SETI,1500.0,-1500.0,3,1500.0,-1500.0,Passive
SR23A-PC-VSTR-12:I,1500.0,-1500.0,3,1500.0,-1500.0,I/O Intr
SR23A-PC-VSTR-12:SETI,1500.0,-1500.0,3,1500.0,-1500.0,Passive
SR23C-DI-EBPM-01:SA:X,1500.0,-1500.0,3,1500.0,-1500.0,I/O Intr
SR23C-DI-EBPM-01:SA:Y,1500.0,-1500.0,3,1500.0,-1500.0,I/O Intr
SR23C-DI-EBPM-02:SA:X,1500.0,-1500.0,3,1500.0,-1500.0,I/O Intr
SR23C-DI-EBPM-02:SA:Y,1500.0,-1500.0,3,1500.0,-1500.0,I/O Intr
SR23C-DI-EBPM-03:SA:X,1500.0,-1500.0,3,1500.0,-1500.0,I/O Intr
SR23C-DI-EBPM-03:SA:Y,1500.0,-1500.0,3,1500.0,-1500.0,I/O Intr
SR23C-DI-EBPM-04:SA:X,1500.0,-1500.0,3,1500.0,-1500.0,I/O Intr
SR23C-DI-EBPM-04:SA:Y,1500.0,-1500.0,3,1500.0,-1500.0,I/O Intr
SR23C-DI-EBPM-05:SA:X,1500.0,-1500.0,3,1500.0,-1500.0,I/O Intr
SR23C-DI-EBPM-05:SA:Y,1500.0,-1500.0,3,1500.0,-1500.0,I/O Intr
SR23C-DI-EBPM-06:SA:X,1500.0,-1500.0,3,1500.0,-1500.0,I/O Intr
SR23C-DI-EBPM-06:SA:Y,1500.0,-1500.0,3,1500.0,-1500.0,I/O Intr
SR23C-DI-EBPM-07:SA:X,1500.0,-1500.0,3,1500.0,-1500.0,I/O Intr
SR23C-DI-EBPM-07:SA:Y,1500.0,-1500.0,3,1500.0,-1500.0,I/O Intr
SR23C-DI-EBPM-08:SA:X,1500.0,-1500.0,3,1500.0,-1500.0,I/O Intr
SR23C-DI-EBPM-08:SA:Y,1500.0,-1500.0,3,1500.0,-1500.0,I/O Intr
SR23C-DI-EBPM-09:SA:X,1500.0,-1500.0,3,1500.0,-1500.0,I/O Intr
SR23C-DI-EBPM-09:SA:Y,1500.0,-1500.0,3,1500.0,-1500.0,I/O Intr
SR23C-DI-EBPM-10:SA:X,1500.0,-1500.0,3,1500.0,-1500.0,I/O Intr
SR23C-DI-EBPM-10:SA:Y,1500.0,-1500.0,3,1500.0,-1500.0,I/O Intr
SR23C-DI-TMBF-01:X:TUNE:TUNE,1500.0,-1500.0,3,1500.0,-1500.0,I/O Intr
SR23C-DI-TMBF-01:Y:TUNE:TUNE,1500.0,-1500.0,3,1500.0,-1500.0,I/O Intr
SR23I-PC-HSTR-11:I,1500.0,-1500.0,3,1500.0,-1500.0,I/O Intr
SR23I-PC-HSTR-11:SETI,1500.0,-1500.0,3,1500.0,-1500.0,Passive
SR23I-PC-HSTR-12:I,1500.0,-1500.0,3,1500.0,-1500.0,I/O Intr
SR23I-PC-HSTR-12:SETI,1500.0,-1500.0,3,1500.0,-1500.0,Passive
SR23I-PC-VSTR-11:I,1500.0,-1500.0,3,1500.0,-1500.0,I/O Intr
SR23I-PC-VSTR-11:SETI,1500.0,-1500.0,3,1500.0,-1500.0,Passive
SR23I-PC-VSTR-12:I,1500.0,-1500.0,3,1500.0,-1500.0,I/O Intr
SR23I-PC-VSTR-12:SETI,1500.0,-1500.0,3,1500.0,-1500.0,Passive
SR24-PC-DL1:I,1500.0,-1500.0,3,1500.0,-1500.0,I/O Intr
SR24-PC-DL1:SETI,1500.0,-1500.0,3,1500.0,-1500.0,Passive
SR24-PC-DL2:I,1500.0,-1500.0,3,1500.0,-1500.0,I/O Intr
SR24-PC-DL2:SETI,1500.0,-1500.0,3,1500.0,-1500.0,Passive
SR24-PC-DL3:I,1500.0,-1500.0,3,1500.0,-1500.0,I/O Intr
SR24-PC-DL3:SETI,1500.0,-1500.0,3,1500.0,-1500.0,Passive
SR24-PC-DL4:I,1500.0,-1500.0,3,1500.0,-1500.0,I/O Intr
SR24-PC-DL4:SETI,1500.0,-1500.0,3,1500.0,-1500.0,Passive
SR24-PC-DQ1-01:I,1500.0,-1500.0,3,1500.0,-1500.0,I/O Intr
SR24-PC-DQ1-01:SETI,1500.0,-1500.0,3,1500.0,-1500.0,Passive
SR24-PC-DQ1-02:I,1500.0,-1500.0,3,1500.0,-1500.0,I/O Intr
SR24-PC-DQ1-02:SETI,1500.0,-1500.0,3,1500.0,-1500.0,Passive
SR24-PC-O0X-01:I,1500.0,-1500.0,3,1500.0,-1500.0,I/O Intr
SR24-PC-O0X-01:SETI,1500.0,-1500.0,3,1500.0,-1500.0,Passive
SR24-PC-O1X-01:I,1500.0,-1500.0,3,1500.0,-1500.0,I/O Intr
SR24-PC-O1X-01:SETI,1500.0,-1500.0,3,1500.0,-1500.0,Passive
SR24-PC-O1X-02:I,1500.0,-1500.0,3,1500.0,-1500.0,I/O Intr
SR24-PC-O1X-02:SETI,1500.0,-1500.0,3,1500.0,-1500.0,Passive
SR24A-PC-A1L-13:I,1500.0,-1500.0,3,1500.0,-1500.0,I/O Intr
SR24A-PC-A1L-13:SETI,1500.0,-1500.0,3,1500.0,-1500.0,Passive
SR24A-PC-A1N-04:I,1500.0,-1500.0,3,1500.0,-1500.0,I/O Intr
SR24A-PC-A1N-04:SETI,1500.0,-1500.0,3,1500.0,-1500.0,Passive
SR24A-PC-A2L-12:I,1500.0,-1500.0,3,1500.0,-1500.0,I/O Intr
SR24A-PC-A2L-12:SETI,1500.0,-1500.0,3,1500.0,-1500.0,Passive
SR24A-PC-A2N-05:I,1500.0,-1500.0,3,1500.0,-1500.0,I/O Intr
SR24A-PC-A2N-05:SETI,1500.0,-1500.0,3,1500.0,-1500.0,Passive
SR24A-PC-HSTR-01:I,1500.0,-1500.0,3,1500.0,-1500.0,I/O Intr
SR24A-PC-HSTR-01:SETI,1500.0,-1500.0,3,1500.0,-1500.0,Passive
SR24A-PC-HSTR-02:I,1500.0,-1500.0,3,1500.0,-1500.0,I/O Intr
SR24A-PC-HSTR-02:SETI,1500.0,-1500.0,3,1500.0,-1500.0,Passive
SR24A-PC-HSTR-03:I,1500.0,-1500.0,3,1500.0,-1500.0,I/O Intr
SR24A-PC-HSTR-03:SETI,1500.0,-1500.0,3,1500.0,-1500.0,Passive
SR24A-PC-HSTR-04:I,1500.0,-1500.0,3,1500.0,-1500.0,I/O Intr
SR24A-PC-HSTR-04:SETI,1500.0,-1500.0,3,1500.0,-1500.0,Passive
SR24A-PC-HSTR-05:I,1500.0,-1500.0,3,1500.0,-1500.0,I/O Intr
SR24A-PC-HSTR-05:SETI,1500.0,-1500.0,3,1500.0,-1500.0,Passive
SR24A-PC-HSTR-06:I,1500.0,-1500.0,3,1500.0,-1500.0,I/O Intr
SR24A-PC-HSTR-06:SETI,1500.0,-1500.0,3,1500.0,-1500.0,Passive
SR24A-PC-HSTR-07:I,1500.0,-1500.0,3,1500.0,-1500.0,I/O Intr
SR24A-PC-HSTR-07:SETI,1500.0,-1500.0,3,1500.0,-1500.0,Passive
SR24A-PC-HSTR-08:I,1500.0,-1500.0,3,1500.0,-1500.0,I/O Intr
SR24A-PC-HSTR-08:SETI,1500.0,-1500.0,3,1500.0,-1500.0,Passive
SR24A-PC-HSTR-09:I,1500.0,-1500.0,3,1500.0,-1500.0,I/O Intr
SR24A-PC-HSTR-09:SETI,1500.0,-1500.0,3,1500.0,-1500.0,Passive
SR24A-PC-HSTR-10:I,1500.0,-1500.0,3,1500.0,-1500.0,I/O Intr
SR24A-PC-HSTR-10:SETI,1500.0,-1500.0,3,1500.0,-1500.0,Passive
SR24A-PC-HSTR-11:I,1500.0,-1500.0,3,1500.0,-1500.0,I/O Intr
SR24A-PC-HSTR-11:SETI,1500.0,-1500.0,3,1500.0,-1500.0,Passive
SR24A-PC-HSTR-12:I,1500.0,-1500.0,3,1500.0,-1500.0,I/O Intr
SR24A-PC-HSTR-12:SETI,1500.0,-1500.0,3,1500.0,-1500.0,Passive
SR24A-PC-Q0L-17:I,1500.0,-1500.0,3,1500.0,-1500.0,I/O Intr
SR24A-PC-Q0L-17:SETI,1500.0,-1500.0,3,1500.0,-1500.0,Passive
SR24A-PC-Q1L-16:I,1500.0,-1500.0,3,1500.0,-1500.0,I/O Intr
SR24A-PC-Q1L-16:SETI,1500.0,-1500.0,3,1500.0,-1500.0,Passive
SR24A-PC-Q1N-01:I,1500.0,-1500.0,3,1500.0,-1500.0,I/O Intr
SR24A-PC-Q1N-01:SETI,1500.0,-1500.0,3,1500.0,-1500.0,Passive
SR24A-PC-Q2L-15:I,1500.0,-1500.0,3,1500.0,-1500.0,I/O Intr
SR24A-PC-Q2L-15:SETI,1500.0,-1500.0,3,1500.0,-1500.0,Passive
SR24A-PC-Q2N-02:I,1500.0,-1500.0,3,1500.0,-1500.0,I/O Intr
SR24A-PC-Q2N-02:SETI,1500.0,-1500.0,3,1500.0,-1500.0,Passive
SR24A-PC-Q3L-14:I,1500.0,-1500.0,3,1500.0,-1500.0,I/O Intr
SR24A-PC-Q3L-14:SETI,1500.0,-1500.0,3,1500.0,-1500.0,Passive
SR24A-PC-Q3N-03:I,1500.0,-1500.0,3,1500.0,-1500.0,I/O Intr
SR24A-PC-Q3N-03:SETI,1500.0,-1500.0,3,1500.0,-1500.0,Passive
SR24A-PC-Q4N-06:I,1500.0,-1500.0,3,1500.0,-1500.0,I/O Intr
SR24A-PC-Q4N-06:SETI,1500.0,-1500.0,3,1500.0,-1500.0,Passive
SR24A-PC-Q4N-11:I,1500.0,-1500.0,3,1500.0,-1500.0,I/O Intr
SR24A-PC-Q4N-11:SETI,1500.0,-1500.0,3,1500.0,-1500.0,Passive
SR24A-PC-Q5N-07:I,1500.0,-1500.0,3,1500.0,-1500.0,I/O Intr
SR24A-PC-Q5N-07:SETI,1500.0,-1500.0,3,1500.0,-1500.0,Passive
SR24A-PC-Q5N-10:I,1500.0,-1500.0,3,1500.0,-1500.0,I/O Intr
SR24A-PC-Q5N-10:SETI,1500.0,-1500.0,3,1500.0,-1500.0,Passive
SR24A-PC-Q6N-08:I,1500.0,-1500.0,3,1500.0,-1500.0,I/O Intr
SR24A-PC-Q6N-08:SETI,1500.0,-1500.0,3,1500.0,-1500.0,Passive
SR24A-PC-Q6N-09:I,1500.0,-1500.0,3,1500.0,-1500.0,I/O Intr
SR24A-PC-Q6N-09:SETI,1500.0,-1500.0,3,1500.0,-1500.0,Passive
SR24A-PC-S1X-01:I,1500.0,-1500.0,3,1500.0,-1500.0,I/O Intr
SR24A-PC-S1X-01:SETI,1500.0,-1500.0,3,1500.0,-1500.0,Passive
SR24A-PC-S1X-12:I,1500.0,-1500.0,3,1500.0,-1500.0,I/O Intr
SR24A-PC-S1X-12:SETI,1500.0,-1500.0,3,1500.0,-1500.0,Passive
SR24A-PC-S2A-02:I,1500.0,-1500.0,3,1500.0,-1500.0,I/O Intr
SR24A-PC-S2A-02:SETI,1500.0,-1500.0,3,1500.0,-1500.0,Passive
SR24A-PC-S2A-11:I,1500.0,-1500.0,3,1500.0,-1500.0,I/O Intr
SR24A-PC-S2A-11:SETI,1500.0,-1500.0,3,1500.0,-1500.0,Passive
SR24A-PC-S3A-03:I,1500.0,-1500.0,3,1500.0,-1500.0,I/O Intr
SR24A-PC-S3A-03:SETI,1500.0,-1500.0,3,1500.0,-1500.0,Passive
SR24A-PC-S3A-10:I,1500.0,-1500.0,3,1500.0,-1500.0,I/O Intr
SR24A-PC-S3A-10:SETI,1500.0,-1500.0,3,1500.0,-1500.0,Passive
SR24A-PC-S4A-04:I,1500.0,-1500.0,3,1500.0,-1500.0,I/O Intr
SR24A-PC-S4A-04:SETI,1500.0,-1500.0,3,1500.0,-1500.0,Passive
SR24A-PC-S4A-09:I,1500.0,-1500.0,3,1500.0,-1500.0,I/O Intr
SR24A-PC-S4A-09:SETI,1500.0,-1500.0,3,1500.0,-1500.0,Passive
SR24A-PC-S5X-05:I,1500.0,-1500.0,3,1500.0,-1500.0,I/O Intr
SR24A-PC-S5X-05:SETI,1500.0,-1500.0,3,1500.0,-1500.0,Passive
SR24A-PC-S5X-08:I,1500.0,-1500.0,3,1500.0,-1500.0,I/O Intr
SR24A-PC-S5X-08:SETI,1500.0,-1500.0,3,1500.0,-1500.0,Passive
SR24A-PC-S6X-06:I,1500.0,-1500.0,3,1500.0,-1500.0,I/O Intr
SR24A-PC-S6X-06:SETI,1500.0,-1500.0,3,1500.0,-1500.0,Passive
SR24A-PC-S6X-07:I,1500.0,-1500.0,3,1500.0,-1500.0,I/O Intr
SR24A-PC-S6X-07:SETI,1500.0,-1500.0,3,1500.0,-1500.0,Passive
SR24A-PC-SQUAD-01:I,1500.0,-1500.0,3,1500.0,-1500.0,I/O Intr
SR24A-PC-SQUAD-01:SETI,1500.0,-1500.0,3,1500.0,-1500.0,Passive
SR24A-PC-SQUAD-02:I,1500.0,-1500.0,3,1500.0,-1500.0,I/O Intr
SR24A-PC-SQUAD-02:SETI,1500.0,-1500.0,3,1500.0,-1500.0,Passive
SR24A-PC-SQUAD-03:I,1500.0,-1500.0,3,1500.0,-1500.0,I/O Intr
SR24A-PC-SQUAD-03:SETI,1500.0,-1500.0,3,1500.0,-1500.0,Passive
SR24A-PC-SQUAD-04:I,1500.0,-1500.0,3,1500.0,-1500.0,I/O Intr
SR24A-PC-SQUAD-04:SETI,1500.0,-1500.0,3,1500.0,-1500.0,Passive
SR24A-PC-SQUAD-05:I,1500.0,-1500.0,3,1500.0,-1500.0,I/O Intr
SR24A-PC-SQUAD-05:SETI,1500.0,-1500.0,3,1500.0,-1500.0,Passive
SR24A-PC-SQUAD-06:I,1500.0,-1500.0,3,1500.0,-1500.0,I/O Intr
SR24A-PC-SQUAD-06:SETI,1500.0,-1500.0,3,1500.0,-1500.0,Passive
SR24A-PC-SQUAD-07:I,1500.0,-1500.0,3,1500.0,-1500.0,I/O Intr
SR24A-PC-SQUAD-07:SETI,1500.0,-1500.0,3,1500.0,-1500.0,Passive
SR24A-PC-SQUAD-08:I,1500.0,-1500.0,3,1500.0,-1500.0,I/O Intr
SR24A-PC-SQUAD-08:SETI,1500.0,-1500.0,3,1500.0,-1500.0,Passive
SR24A-PC-SQUAD-09:I,1500.0,-1500.0,3,1500.0,-1500.0,I/O Intr
SR24A-PC-SQUAD-09:SETI,1500.0,-1500.0,3,1500.0,-1500.0,Passive
SR24A-PC-SQUAD-10:I,1500.0,-1500.0,3,1500.0,-1500.0,I/O Intr
SR24A-PC-SQUAD-10:SETI,1500.0,-1500.0,3,1500.0,-1500.0,Passive
SR24A-PC-SQUAD-11:I,1500.0,-1500.0,3,1500.0,-1500.0,I/O Intr
SR24A-PC-SQUAD-11:SETI,1500.0,-1500.0,3,1500.0,-1500.0,Passive
SR24A-PC-SQUAD-12:I,1500.0,-1500.0,3,1500.0,-1500.0,I/O Intr
SR24A-PC-SQUAD-12:SETI,1500.0,-1500.0,3,1500.0,-1500.0,Passive
SR24A-PC-VSTR-01:I,1500.0,-1500.0,3,1500.0,-1500.0,I/O Intr
SR24A-PC-VSTR-01:SETI,1500.0,-1500.0,3,1500.0,-1500.0,Passive
SR24A-PC-VSTR-02:I,1500.0,-1500.0,3,1500.0,-1500.0,I/O Intr
SR24A-PC-VSTR-02:SETI,1500.0,-1500.0,3,1500.0,-1500.0,Passive
SR24A-PC-VSTR-03:I,1500.0,-1500.0,3,1500.0,-1500.0,I/O Intr
SR24A-PC-VSTR-03:SETI,1500.0,-1500.0,3,1500.0,-1500.0,Passive
SR24A-PC-VSTR-04:I,1500.0,-1500.0,3,1500.0,-1500.0,I/O Intr
SR24A-PC-VSTR-04:SETI,1500.0,-1500.0,3,1500.0,-1500.0,Passive
SR24A-PC-VSTR-05:I,1500.0,-1500.0,3,1500.0,-1500.0,I/O Intr
SR24A-PC-VSTR-05:SETI,1500.0,-1500.0,3,1500.0,-1500.0,Passive
SR24A-PC-VSTR-06:I,1500.0,-1500.0,3,1500.0,-1500.0,I/O Intr
SR24A-PC-VSTR-06:SETI,1500.0,-1500.0,3,1500.0,-1500.0,Passive
SR24A-PC-VSTR-07:I,1500.0,-1500.0,3,1500.0,-1500.0,I/O Intr
SR24A-PC-VSTR-07:SETI,1500.0,-1500.0,3,1500.0,-1500.0,Passive
SR24A-PC-VSTR-08:I,1500.0,-1500.0,3,1500.0,-1500.0,I/O Intr
SR24A-PC-VSTR-08:SETI,1500.0,-1500.0,3,1500.0,-1500.0,Passive
SR24A-PC-VSTR-09:I,1500.0,-1500.0,3,1500.0,-1500.0,I/O Intr
SR24A-PC-VSTR-09:SETI,1500.0,-1500.0,3,1500.0,-1500.0,Passive
SR24A-PC-VSTR-10:I,1500.0,-1500.0,3,1500.0,-1500.0,I/O Intr
SR24A-PC-VSTR-10:SETI,1500.0,-1500.0,3,1500.0,-1500.0,Passive
SR24A-PC-VSTR-11:I,1500.0,-1500.0,3,1500.0,-1500.0,I/O Intr
SR24A-PC-VSTR-11:SETI,1500.0,-1500.0,3,1500.0,-1500.0,Passive
SR24A-PC-VSTR-12:I,1500.0,-1500.0,3,1500.0,-1500.0,I/O Intr
SR24A-PC-VSTR-12:SETI,1500.0,-1500.0,3,1500.0,-1500.0,Passive
SR24C-DI-EBPM-01:SA:X,1500.0,-1500.0,3,1500.0,-1500.0,I/O Intr
SR24C-DI-EBPM-01:SA:Y,1500.0,-1500.0,3,1500.0,-1500.0,I/O Intr
SR24C-DI-EBPM-02:SA:X,1500.0,-1500.0,3,1500.0,-1500.0,I/O Intr
SR24C-DI-EBPM-02:SA:Y,1500.0,-1500.0,3,1500.0,-1500.0,I/O Intr
SR24C-DI-EBPM-03:SA:X,1500.0,-1500.0,3,1500.0,-1500.0,I/O Intr
SR24C-DI-EBPM-03:SA:Y,1500.0,-1500.0,3,1500.0,-1500.0,I/O Intr
SR24C-DI-EBPM-04:SA:X,1500.0,-1500.0,3,1500.0,-1500.0,I/O Intr
SR24C-DI-EBPM-04:SA:Y,1500.0,-1500.0,3,1500.0,-1500.0,I/O Intr
SR24C-DI-EBPM-05:SA:X,1500.0,-1500.0,3,1500.0,-1500.0,I/O Intr
SR24C-DI-EBPM-05:SA:Y,1500.0,-1500.0,3,1500.0,-1500.0,I/O Intr
SR24C-DI-EBPM-06:SA:X,1500.0,-1500.0,3,1500.0,-1500.0,I/O Intr
SR24C-DI-EBPM-06:SA:Y,1500.0,-1500.0,3,1500.0,-1500.0,I/O Intr
SR24C-DI-EBPM-07:SA:X,1500.0,-1500.0,3,1500.0,-1500.0,I/O Intr
SR24C-DI-EBPM-07:SA:Y,1500.0,-1500.0,3,1500.0,-1500.0,I/O Intr
SR24C-DI-EBPM-08:SA:X,1500.0,-1500.0,3,1500.0,-1500.0,I/O Intr
SR24C-DI-EBPM-08:SA:Y,1500.0,-1500.0,3,1500.0,-1500.0,I/O Intr
SR24C-DI-EBPM-09:SA:X,1500.0,-1500.0,3,1500.0,-1500.0,I/O Intr
SR24C-DI-EBPM-09:SA:Y,1500.0,-1500.0,3,1500.0,-1500.0,I/O Intr
SR24C-DI-EBPM-10:SA:X,1500.0,-1500.0,3,1500.0,-1500.0,I/O Intr
SR24C-DI-EBPM-10:SA:Y,1500.0,-1500.0,3,1500.0,-1500.0,I/O Intr
SR24C-DI-EBPM-11:SA:X,1500.0,-1500.0,3,1500.0,-1500.0,I/O Intr
SR24C-DI-EBPM-11:SA:Y,1500.0,-1500.0,3,1500.0,-1500.0,I/O Intr
SR24I-PC-HSTR-11:I,1500.0,-1500.0,3,1500.0,-1500.0,I/O Intr
SR24I-PC-HSTR-11:SETI,1500.0,-1500.0,3,1500.0,-1500.0,Passive
SR24I-PC-HSTR-12:I,1500.0,-1500.0,3,1500.0,-1500.0,I/O Intr
SR24I-PC-HSTR-12:SETI,1500.0,-1500.0,3,1500.0,-1500.0,Passive
SR24I-PC-VSTR-11:I,1500.0,-1500.0,3,1500.0,-1500.0,I/O Intr
SR24I-PC-VSTR-11:SETI,1500.0,-1500.0,3,1500.0,-1500.0,Passive
SR24I-PC-VSTR-12:I,1500.0,-1500.0,3,1500.0,-1500.0,I/O Intr
SR24I-PC-VSTR-12:SETI,1500.0,-1500.0,3,1500.0,-1500.0,Passive
